0 verbose cli C:\Program Files\nodejs\node.exe C:\Program Files\nodejs\node_modules\npm\bin\npm-cli.js
1 info using npm@10.8.2
2 info using node@v20.20.0
3 silly config load:file:C:\Program Files\nodejs\node_modules\npm\npmrc
4 silly config load:file:C:\Users\Ansi\Desktop\FixNow\.npmrc
5 silly config load:file:C:\Users\Ansi\.npmrc
6 silly config load:file:C:\Users\Ansi\AppData\Roaming\npm\etc\npmrc
7 verbose title npm install
8 verbose argv "install" "--legacy-peer-deps" "--cache" ".npm-cache"
9 verbose logfile logs-max:10 dir:C:\Users\Ansi\Desktop\FixNow\.npm-cache\_logs\2026-04-10T06_02_14_054Z-
10 verbose logfile C:\Users\Ansi\Desktop\FixNow\.npm-cache\_logs\2026-04-10T06_02_14_054Z-debug-0.log
11 silly packumentCache heap:2197815296 maxSize:549453824 maxEntrySize:274726912
12 silly logfile done cleaning log files
13 silly idealTree buildDeps
14 silly fetch manifest @expo/vector-icons@^15.0.3
15 silly packumentCache full:https://registry.npmjs.org/@expo%2fvector-icons cache-miss
16 http fetch GET 200 https://registry.npmjs.org/@expo%2fvector-icons 5196ms (cache revalidated)
17 silly packumentCache full:https://registry.npmjs.org/@expo%2fvector-icons set size:222427 disposed:false
18 silly fetch manifest @react-navigation/bottom-tabs@^6.6.1
19 silly packumentCache full:https://registry.npmjs.org/@react-navigation%2fbottom-tabs cache-miss
20 http fetch GET 200 https://registry.npmjs.org/@react-navigation%2fbottom-tabs 3490ms (cache miss)
21 silly packumentCache full:https://registry.npmjs.org/@react-navigation%2fbottom-tabs set size:undefined disposed:false
22 silly fetch manifest @react-navigation/native@^6.1.18
23 silly packumentCache full:https://registry.npmjs.org/@react-navigation%2fnative cache-miss
24 http fetch GET 200 https://registry.npmjs.org/@react-navigation%2fnative 991ms (cache miss)
25 silly packumentCache full:https://registry.npmjs.org/@react-navigation%2fnative set size:undefined disposed:false
26 silly fetch manifest @react-navigation/native-stack@^6.10.1
27 silly packumentCache full:https://registry.npmjs.org/@react-navigation%2fnative-stack cache-miss
28 http fetch GET 200 https://registry.npmjs.org/@react-navigation%2fnative-stack 1140ms (cache miss)
29 silly packumentCache full:https://registry.npmjs.org/@react-navigation%2fnative-stack set size:undefined disposed:false
30 silly fetch manifest expo@~54.0.0
31 silly packumentCache full:https://registry.npmjs.org/expo cache-miss
32 http fetch GET 200 https://registry.npmjs.org/expo 231ms (cache revalidated)
33 silly packumentCache full:https://registry.npmjs.org/expo set size:3614791 disposed:false
34 silly fetch manifest expo-constants@~18.0.13
35 silly packumentCache full:https://registry.npmjs.org/expo-constants cache-miss
36 http fetch GET 200 https://registry.npmjs.org/expo-constants 717ms (cache revalidated)
37 silly packumentCache full:https://registry.npmjs.org/expo-constants set size:956209 disposed:false
38 silly fetch manifest expo-linear-gradient@~15.0.8
39 silly packumentCache full:https://registry.npmjs.org/expo-linear-gradient cache-miss
40 http fetch GET 200 https://registry.npmjs.org/expo-linear-gradient 1361ms (cache revalidated)
41 silly packumentCache full:https://registry.npmjs.org/expo-linear-gradient set size:709520 disposed:false
42 silly fetch manifest expo-location@~19.0.8
43 silly packumentCache full:https://registry.npmjs.org/expo-location cache-miss
44 http fetch GET 200 https://registry.npmjs.org/expo-location 839ms (cache revalidated)
45 silly packumentCache full:https://registry.npmjs.org/expo-location set size:855412 disposed:false
46 silly fetch manifest expo-status-bar@~3.0.9
47 silly packumentCache full:https://registry.npmjs.org/expo-status-bar cache-miss
48 http fetch GET 200 https://registry.npmjs.org/expo-status-bar 1014ms (cache revalidated)
49 silly packumentCache full:https://registry.npmjs.org/expo-status-bar set size:631617 disposed:false
50 silly fetch manifest react@19.1.0
51 silly packumentCache full:https://registry.npmjs.org/react cache-miss
52 http fetch GET 200 https://registry.npmjs.org/react 1152ms (cache revalidated)
53 silly packumentCache full:https://registry.npmjs.org/react set size:6598084 disposed:false
54 silly fetch manifest react-native@0.81.0
55 silly packumentCache full:https://registry.npmjs.org/react-native cache-miss
56 http fetch GET 200 https://registry.npmjs.org/react-native 249ms (cache revalidated)
57 silly packumentCache full:https://registry.npmjs.org/react-native set size:15092579 disposed:false
58 silly fetch manifest react-native-gesture-handler@~2.28.0
59 silly packumentCache full:https://registry.npmjs.org/react-native-gesture-handler cache-miss
60 http fetch GET 200 https://registry.npmjs.org/react-native-gesture-handler 100ms (cache revalidated)
61 silly packumentCache full:https://registry.npmjs.org/react-native-gesture-handler set size:880515 disposed:false
62 silly fetch manifest react-native-reanimated@~4.1.1
63 silly packumentCache full:https://registry.npmjs.org/react-native-reanimated cache-miss
64 http fetch GET 200 https://registry.npmjs.org/react-native-reanimated 567ms (cache revalidated)
65 silly packumentCache full:https://registry.npmjs.org/react-native-reanimated set size:10666794 disposed:false
66 silly fetch manifest react-native-safe-area-context@~5.6.0
67 silly packumentCache full:https://registry.npmjs.org/react-native-safe-area-context cache-miss
68 http fetch GET 200 https://registry.npmjs.org/react-native-safe-area-context 241ms (cache revalidated)
69 silly packumentCache full:https://registry.npmjs.org/react-native-safe-area-context set size:662443 disposed:false
70 silly fetch manifest react-native-screens@~4.16.0
71 silly packumentCache full:https://registry.npmjs.org/react-native-screens cache-miss
72 http fetch GET 200 https://registry.npmjs.org/react-native-screens 560ms (cache revalidated)
73 silly packumentCache full:https://registry.npmjs.org/react-native-screens set size:3719770 disposed:false
74 silly fetch manifest react-native-worklets@^0.5.1
75 silly packumentCache full:https://registry.npmjs.org/react-native-worklets cache-miss
76 http fetch GET 200 https://registry.npmjs.org/react-native-worklets 236ms (cache revalidated)
77 silly packumentCache full:https://registry.npmjs.org/react-native-worklets set size:2503720 disposed:false
78 silly fetch manifest @babel/core@^7.26.0
79 silly packumentCache full:https://registry.npmjs.org/@babel%2fcore cache-miss
80 http fetch GET 200 https://registry.npmjs.org/@babel%2fcore 637ms (cache miss)
81 silly packumentCache full:https://registry.npmjs.org/@babel%2fcore set size:undefined disposed:false
82 silly fetch manifest @types/react@^19.1.0
83 silly packumentCache full:https://registry.npmjs.org/@types%2freact cache-miss
84 http fetch GET 200 https://registry.npmjs.org/@types%2freact 419ms (cache revalidated)
85 silly packumentCache full:https://registry.npmjs.org/@types%2freact set size:2588964 disposed:false
86 silly fetch manifest babel-preset-expo@~54.0.10
87 silly packumentCache full:https://registry.npmjs.org/babel-preset-expo cache-miss
88 http fetch GET 200 https://registry.npmjs.org/babel-preset-expo 1470ms (cache revalidated)
89 silly packumentCache full:https://registry.npmjs.org/babel-preset-expo set size:1066088 disposed:false
90 silly fetch manifest typescript@^5.7.2
91 silly packumentCache full:https://registry.npmjs.org/typescript cache-miss
92 http fetch GET 200 https://registry.npmjs.org/typescript 6911ms (cache miss)
93 silly packumentCache full:https://registry.npmjs.org/typescript set size:undefined disposed:false
94 silly placeDep ROOT @babel/core@7.29.0 OK for: fixnow@1.0.0 want: ^7.26.0
95 silly placeDep ROOT @expo/vector-icons@15.1.1 OK for: fixnow@1.0.0 want: ^15.0.3
96 silly placeDep ROOT @react-navigation/bottom-tabs@6.6.1 OK for: fixnow@1.0.0 want: ^6.6.1
97 silly placeDep ROOT @react-navigation/native@6.1.18 OK for: fixnow@1.0.0 want: ^6.1.18
98 silly placeDep ROOT @react-navigation/native-stack@6.11.0 OK for: fixnow@1.0.0 want: ^6.10.1
99 silly placeDep ROOT @types/react@19.2.14 OK for: fixnow@1.0.0 want: ^19.1.0
100 silly placeDep ROOT babel-preset-expo@54.0.10 OK for: fixnow@1.0.0 want: ~54.0.10
101 silly placeDep ROOT expo@54.0.33 OK for: fixnow@1.0.0 want: ~54.0.0
102 silly placeDep ROOT expo-constants@18.0.13 OK for: fixnow@1.0.0 want: ~18.0.13
103 silly placeDep ROOT expo-linear-gradient@15.0.8 OK for: fixnow@1.0.0 want: ~15.0.8
104 silly placeDep ROOT expo-location@19.0.8 OK for: fixnow@1.0.0 want: ~19.0.8
105 silly placeDep ROOT expo-status-bar@3.0.9 OK for: fixnow@1.0.0 want: ~3.0.9
106 silly placeDep ROOT react@19.1.0 OK for: fixnow@1.0.0 want: 19.1.0
107 silly placeDep ROOT react-native@0.81.0 OK for: fixnow@1.0.0 want: 0.81.0
108 silly placeDep ROOT react-native-gesture-handler@2.28.0 OK for: fixnow@1.0.0 want: ~2.28.0
109 silly placeDep ROOT react-native-reanimated@4.1.7 OK for: fixnow@1.0.0 want: ~4.1.1
110 silly placeDep ROOT react-native-safe-area-context@5.6.2 OK for: fixnow@1.0.0 want: ~5.6.0
111 silly placeDep ROOT react-native-screens@4.16.0 OK for: fixnow@1.0.0 want: ~4.16.0
112 silly placeDep ROOT react-native-worklets@0.5.2 OK for: fixnow@1.0.0 want: ^0.5.1
113 silly placeDep ROOT typescript@5.9.3 OK for: fixnow@1.0.0 want: ^5.7.2
114 silly fetch manifest debug@^4.1.0
115 silly packumentCache full:https://registry.npmjs.org/debug cache-miss
116 silly fetch manifest json5@^2.2.3
117 silly packumentCache full:https://registry.npmjs.org/json5 cache-miss
118 silly fetch manifest semver@^6.3.1
119 silly packumentCache full:https://registry.npmjs.org/semver cache-miss
120 silly fetch manifest gensync@^1.0.0-beta.2
121 silly packumentCache full:https://registry.npmjs.org/gensync cache-miss
122 silly fetch manifest @babel/types@^7.29.0
123 silly packumentCache full:https://registry.npmjs.org/@babel%2ftypes cache-miss
124 silly fetch manifest @babel/parser@^7.29.0
125 silly packumentCache full:https://registry.npmjs.org/@babel%2fparser cache-miss
126 silly fetch manifest @babel/helpers@^7.28.6
127 silly packumentCache full:https://registry.npmjs.org/@babel%2fhelpers cache-miss
128 http fetch GET 200 https://registry.npmjs.org/json5 215ms (cache miss)
129 silly packumentCache full:https://registry.npmjs.org/json5 set size:undefined disposed:false
130 silly fetch manifest @babel/template@^7.28.6
131 silly packumentCache full:https://registry.npmjs.org/@babel%2ftemplate cache-miss
132 http fetch GET 200 https://registry.npmjs.org/@babel%2ftemplate 265ms (cache miss)
133 silly packumentCache full:https://registry.npmjs.org/@babel%2ftemplate set size:undefined disposed:false
134 silly fetch manifest @babel/traverse@^7.29.0
135 silly packumentCache full:https://registry.npmjs.org/@babel%2ftraverse cache-miss
136 http fetch GET 200 https://registry.npmjs.org/semver 637ms (cache revalidated)
137 silly packumentCache full:https://registry.npmjs.org/semver set size:229620 disposed:false
138 silly fetch manifest @babel/generator@^7.29.0
139 silly packumentCache full:https://registry.npmjs.org/@babel%2fgenerator cache-miss
140 http fetch GET 200 https://registry.npmjs.org/debug 666ms (cache revalidated)
141 silly packumentCache full:https://registry.npmjs.org/debug set size:195840 disposed:false
142 silly fetch manifest @babel/code-frame@^7.29.0
143 silly packumentCache full:https://registry.npmjs.org/@babel%2fcode-frame cache-miss
144 http fetch GET 200 https://registry.npmjs.org/gensync 680ms (cache miss)
145 silly packumentCache full:https://registry.npmjs.org/gensync set size:undefined disposed:false
146 silly fetch manifest convert-source-map@^2.0.0
147 silly packumentCache full:https://registry.npmjs.org/convert-source-map cache-miss
148 http fetch GET 200 https://registry.npmjs.org/@babel%2ftraverse 363ms (cache revalidated)
149 silly packumentCache full:https://registry.npmjs.org/@babel%2ftraverse set size:548722 disposed:false
150 silly fetch manifest @jridgewell/remapping@^2.3.5
151 silly packumentCache full:https://registry.npmjs.org/@jridgewell%2fremapping cache-miss
152 http fetch GET 200 https://registry.npmjs.org/@babel%2fhelpers 876ms (cache miss)
153 silly packumentCache full:https://registry.npmjs.org/@babel%2fhelpers set size:undefined disposed:false
154 silly fetch manifest @babel/helper-module-transforms@^7.28.6
155 silly packumentCache full:https://registry.npmjs.org/@babel%2fhelper-module-transforms cache-miss
156 http fetch GET 200 https://registry.npmjs.org/@babel%2ftypes 941ms (cache miss)
157 silly packumentCache full:https://registry.npmjs.org/@babel%2ftypes set size:undefined disposed:false
158 silly fetch manifest @babel/helper-compilation-targets@^7.28.6
159 silly packumentCache full:https://registry.npmjs.org/@babel%2fhelper-compilation-targets cache-miss
160 http fetch GET 200 https://registry.npmjs.org/@babel%2fcode-frame 423ms (cache revalidated)
161 silly packumentCache full:https://registry.npmjs.org/@babel%2fcode-frame set size:196196 disposed:false
162 silly fetch manifest color@^4.2.3
163 silly packumentCache full:https://registry.npmjs.org/color cache-miss
164 http fetch GET 200 https://registry.npmjs.org/@babel%2fparser 1100ms (cache miss)
165 silly packumentCache full:https://registry.npmjs.org/@babel%2fparser set size:undefined disposed:false
166 silly fetch manifest warn-once@^0.1.0
167 silly packumentCache full:https://registry.npmjs.org/warn-once cache-miss
168 http fetch GET 200 https://registry.npmjs.org/convert-source-map 446ms (cache miss)
169 silly packumentCache full:https://registry.npmjs.org/convert-source-map set size:undefined disposed:false
170 silly fetch manifest @react-navigation/elements@^1.3.31
171 silly packumentCache full:https://registry.npmjs.org/@react-navigation%2felements cache-miss
172 http fetch GET 200 https://registry.npmjs.org/@jridgewell%2fremapping 320ms (cache miss)
173 silly packumentCache full:https://registry.npmjs.org/@jridgewell%2fremapping set size:undefined disposed:false
174 silly fetch manifest nanoid@^3.1.23
175 silly packumentCache full:https://registry.npmjs.org/nanoid cache-miss
176 http fetch GET 200 https://registry.npmjs.org/@babel%2fhelper-module-transforms 365ms (cache miss)
177 silly packumentCache full:https://registry.npmjs.org/@babel%2fhelper-module-transforms set size:undefined disposed:false
178 silly fetch manifest fast-deep-equal@^3.1.3
179 silly packumentCache full:https://registry.npmjs.org/fast-deep-equal cache-miss
180 http fetch GET 200 https://registry.npmjs.org/@babel%2fhelper-compilation-targets 362ms (cache miss)
181 silly packumentCache full:https://registry.npmjs.org/@babel%2fhelper-compilation-targets set size:undefined disposed:false
182 silly fetch manifest escape-string-regexp@^4.0.0
183 silly packumentCache full:https://registry.npmjs.org/escape-string-regexp cache-miss
184 http fetch GET 200 https://registry.npmjs.org/@babel%2fgenerator 682ms (cache miss)
185 silly packumentCache full:https://registry.npmjs.org/@babel%2fgenerator set size:undefined disposed:false
186 silly fetch manifest @react-navigation/core@^6.4.17
187 silly packumentCache full:https://registry.npmjs.org/@react-navigation%2fcore cache-miss
188 http fetch GET 200 https://registry.npmjs.org/color 257ms (cache miss)
189 silly packumentCache full:https://registry.npmjs.org/color set size:undefined disposed:false
190 silly fetch manifest warn-once@^0.1.0
191 silly packumentCache full:https://registry.npmjs.org/warn-once cache-miss
192 http fetch GET 200 https://registry.npmjs.org/warn-once 253ms (cache miss)
193 silly packumentCache full:https://registry.npmjs.org/warn-once set size:undefined disposed:false
194 silly fetch manifest @react-navigation/elements@^1.3.31
195 silly packumentCache full:https://registry.npmjs.org/@react-navigation%2felements cache-miss
196 http fetch GET 200 https://registry.npmjs.org/fast-deep-equal 207ms (cache miss)
197 silly packumentCache full:https://registry.npmjs.org/fast-deep-equal set size:undefined disposed:false
198 silly fetch manifest csstype@^3.2.2
199 silly packumentCache full:https://registry.npmjs.org/csstype cache-miss
200 http fetch GET 200 https://registry.npmjs.org/nanoid 311ms (cache miss)
201 silly packumentCache full:https://registry.npmjs.org/nanoid set size:undefined disposed:false
202 silly fetch manifest debug@^4.3.4
203 silly packumentCache full:https://registry.npmjs.org/debug cache-hit
204 silly fetch manifest resolve-from@^5.0.0
205 silly packumentCache full:https://registry.npmjs.org/resolve-from cache-miss
206 http fetch GET 200 https://registry.npmjs.org/escape-string-regexp 201ms (cache revalidated)
207 silly packumentCache full:https://registry.npmjs.org/escape-string-regexp set size:22244 disposed:false
208 silly fetch manifest @babel/preset-react@^7.22.15
209 silly packumentCache full:https://registry.npmjs.org/@babel%2fpreset-react cache-miss
210 http fetch GET 200 https://registry.npmjs.org/warn-once 162ms (cache miss)
211 silly packumentCache full:https://registry.npmjs.org/warn-once set size:undefined disposed:false
212 silly fetch manifest @babel/preset-typescript@^7.23.0
213 silly packumentCache full:https://registry.npmjs.org/@babel%2fpreset-typescript cache-miss
214 http fetch GET 200 https://registry.npmjs.org/resolve-from 145ms (cache miss)
215 silly packumentCache full:https://registry.npmjs.org/resolve-from set size:undefined disposed:false
216 silly fetch manifest @react-native/babel-preset@0.81.5
217 silly packumentCache full:https://registry.npmjs.org/@react-native%2fbabel-preset cache-miss
218 http fetch GET 200 https://registry.npmjs.org/csstype 239ms (cache miss)
219 silly packumentCache full:https://registry.npmjs.org/csstype set size:undefined disposed:false
220 silly fetch manifest babel-plugin-react-compiler@^1.0.0
221 silly packumentCache full:https://registry.npmjs.org/babel-plugin-react-compiler cache-miss
222 http fetch GET 200 https://registry.npmjs.org/@babel%2fpreset-react 274ms (cache miss)
223 silly packumentCache full:https://registry.npmjs.org/@babel%2fpreset-react set size:undefined disposed:false
224 silly fetch manifest @babel/helper-module-imports@^7.25.9
225 silly packumentCache full:https://registry.npmjs.org/@babel%2fhelper-module-imports cache-miss
226 http fetch GET 200 https://registry.npmjs.org/@babel%2fpreset-typescript 274ms (cache miss)
227 silly packumentCache full:https://registry.npmjs.org/@babel%2fpreset-typescript set size:undefined disposed:false
228 silly fetch manifest babel-plugin-react-native-web@~0.21.0
229 silly packumentCache full:https://registry.npmjs.org/babel-plugin-react-native-web cache-miss
230 http fetch GET 200 https://registry.npmjs.org/babel-plugin-react-compiler 294ms (cache revalidated)
231 silly packumentCache full:https://registry.npmjs.org/babel-plugin-react-compiler set size:1313894 disposed:false
232 silly fetch manifest @babel/plugin-transform-runtime@^7.24.7
233 silly packumentCache full:https://registry.npmjs.org/@babel%2fplugin-transform-runtime cache-miss
234 http fetch GET 200 https://registry.npmjs.org/@react-navigation%2felements 730ms (cache miss)
235 silly packumentCache full:https://registry.npmjs.org/@react-navigation%2felements set size:undefined disposed:false
236 silly fetch manifest @babel/plugin-proposal-decorators@^7.12.9
237 silly packumentCache full:https://registry.npmjs.org/@babel%2fplugin-proposal-decorators cache-miss
238 http fetch GET 200 https://registry.npmjs.org/@react-navigation%2felements 994ms (cache miss)
239 silly packumentCache full:https://registry.npmjs.org/@react-navigation%2felements set size:undefined disposed:false
240 silly fetch manifest babel-plugin-syntax-hermes-parser@^0.29.1
241 silly packumentCache full:https://registry.npmjs.org/babel-plugin-syntax-hermes-parser cache-miss
242 http fetch GET 200 https://registry.npmjs.org/@babel%2fhelper-module-imports 1114ms (cache miss)
243 silly packumentCache full:https://registry.npmjs.org/@babel%2fhelper-module-imports set size:undefined disposed:false
244 silly fetch manifest babel-plugin-transform-flow-enums@^0.0.2
245 silly packumentCache full:https://registry.npmjs.org/babel-plugin-transform-flow-enums cache-miss
246 http fetch GET 200 https://registry.npmjs.org/@babel%2fplugin-proposal-decorators 882ms (cache miss)
247 silly packumentCache full:https://registry.npmjs.org/@babel%2fplugin-proposal-decorators set size:undefined disposed:false
248 silly fetch manifest @babel/plugin-transform-parameters@^7.24.7
249 silly packumentCache full:https://registry.npmjs.org/@babel%2fplugin-transform-parameters cache-miss
250 http fetch GET 200 https://registry.npmjs.org/@babel%2fplugin-transform-runtime 1039ms (cache miss)
251 silly packumentCache full:https://registry.npmjs.org/@babel%2fplugin-transform-runtime set size:undefined disposed:false
252 silly fetch manifest @babel/plugin-transform-private-methods@^7.24.7
253 silly packumentCache full:https://registry.npmjs.org/@babel%2fplugin-transform-private-methods cache-miss
254 http fetch GET 200 https://registry.npmjs.org/babel-plugin-syntax-hermes-parser 1069ms (cache revalidated)
255 silly packumentCache full:https://registry.npmjs.org/babel-plugin-syntax-hermes-parser set size:100651 disposed:false
256 silly fetch manifest @babel/plugin-syntax-export-default-from@^7.24.7
257 silly packumentCache full:https://registry.npmjs.org/@babel%2fplugin-syntax-export-default-from cache-miss
258 http fetch GET 200 https://registry.npmjs.org/@react-native%2fbabel-preset 1585ms (cache revalidated)
259 silly packumentCache full:https://registry.npmjs.org/@react-native%2fbabel-preset set size:4048872 disposed:false
260 silly fetch manifest @babel/plugin-transform-flow-strip-types@^7.25.2
261 silly packumentCache full:https://registry.npmjs.org/@babel%2fplugin-transform-flow-strip-types cache-miss
262 http fetch GET 200 https://registry.npmjs.org/babel-plugin-react-native-web 1544ms (cache revalidated)
263 silly packumentCache full:https://registry.npmjs.org/babel-plugin-react-native-web set size:325655 disposed:false
264 silly fetch manifest @babel/plugin-transform-modules-commonjs@^7.24.8
265 silly packumentCache full:https://registry.npmjs.org/@babel%2fplugin-transform-modules-commonjs cache-miss
266 http fetch GET 200 https://registry.npmjs.org/@babel%2fplugin-transform-parameters 556ms (cache miss)
267 silly packumentCache full:https://registry.npmjs.org/@babel%2fplugin-transform-parameters set size:undefined disposed:false
268 silly fetch manifest @babel/plugin-proposal-export-default-from@^7.24.7
269 silly packumentCache full:https://registry.npmjs.org/@babel%2fplugin-proposal-export-default-from cache-miss
270 http fetch GET 200 https://registry.npmjs.org/babel-plugin-transform-flow-enums 830ms (cache miss)
271 silly packumentCache full:https://registry.npmjs.org/babel-plugin-transform-flow-enums set size:undefined disposed:false
272 silly fetch manifest @babel/plugin-transform-class-static-block@^7.27.1
273 silly packumentCache full:https://registry.npmjs.org/@babel%2fplugin-transform-class-static-block cache-miss
274 http fetch GET 200 https://registry.npmjs.org/@babel%2fplugin-transform-modules-commonjs 763ms (cache miss)
275 silly packumentCache full:https://registry.npmjs.org/@babel%2fplugin-transform-modules-commonjs set size:undefined disposed:false
276 silly fetch manifest @babel/plugin-transform-object-rest-spread@^7.24.7
277 silly packumentCache full:https://registry.npmjs.org/@babel%2fplugin-transform-object-rest-spread cache-miss
278 http fetch GET 200 https://registry.npmjs.org/@babel%2fplugin-transform-private-methods 1049ms (cache miss)
279 silly packumentCache full:https://registry.npmjs.org/@babel%2fplugin-transform-private-methods set size:undefined disposed:false
280 silly fetch manifest @babel/plugin-transform-export-namespace-from@^7.25.9
281 silly packumentCache full:https://registry.npmjs.org/@babel%2fplugin-transform-export-namespace-from cache-miss
282 http fetch GET 200 https://registry.npmjs.org/@react-navigation%2fcore 2800ms (cache miss)
283 silly packumentCache full:https://registry.npmjs.org/@react-navigation%2fcore set size:undefined disposed:false
284 silly fetch manifest @babel/plugin-transform-private-property-in-object@^7.24.7
285 silly packumentCache full:https://registry.npmjs.org/@babel%2fplugin-transform-private-property-in-object cache-miss
286 http fetch GET 200 https://registry.npmjs.org/@babel%2fplugin-syntax-export-default-from 1074ms (cache miss)
287 silly packumentCache full:https://registry.npmjs.org/@babel%2fplugin-syntax-export-default-from set size:undefined disposed:false
288 silly fetch manifest @expo/cli@54.0.23
289 silly packumentCache full:https://registry.npmjs.org/@expo%2fcli cache-miss
290 http fetch GET 200 https://registry.npmjs.org/@babel%2fplugin-transform-flow-strip-types 1075ms (cache miss)
291 silly packumentCache full:https://registry.npmjs.org/@babel%2fplugin-transform-flow-strip-types set size:undefined disposed:false
292 silly fetch manifest expo-font@~14.0.11
293 silly packumentCache full:https://registry.npmjs.org/expo-font cache-miss
294 http fetch GET 200 https://registry.npmjs.org/@babel%2fplugin-transform-class-static-block 659ms (cache miss)
295 silly packumentCache full:https://registry.npmjs.org/@babel%2fplugin-transform-class-static-block set size:undefined disposed:false
296 silly fetch manifest expo-asset@~12.0.12
297 silly packumentCache full:https://registry.npmjs.org/expo-asset cache-miss
298 http fetch GET 200 https://registry.npmjs.org/@babel%2fplugin-proposal-export-default-from 953ms (cache miss)
299 silly packumentCache full:https://registry.npmjs.org/@babel%2fplugin-proposal-export-default-from set size:undefined disposed:false
300 silly fetch manifest @expo/metro@~54.2.0
301 silly packumentCache full:https://registry.npmjs.org/@expo%2fmetro cache-miss
302 http fetch GET 200 https://registry.npmjs.org/@babel%2fplugin-transform-object-rest-spread 596ms (cache miss)
303 silly packumentCache full:https://registry.npmjs.org/@babel%2fplugin-transform-object-rest-spread set size:undefined disposed:false
304 silly fetch manifest @expo/config@~12.0.13
305 silly packumentCache full:https://registry.npmjs.org/@expo%2fconfig cache-miss
306 http fetch GET 200 https://registry.npmjs.org/@babel%2fplugin-transform-export-namespace-from 603ms (cache miss)
307 silly packumentCache full:https://registry.npmjs.org/@babel%2fplugin-transform-export-namespace-from set size:undefined disposed:false
308 silly fetch manifest pretty-format@^29.7.0
309 silly packumentCache full:https://registry.npmjs.org/pretty-format cache-miss
310 http fetch GET 200 https://registry.npmjs.org/@babel%2fplugin-transform-private-property-in-object 833ms (cache miss)
311 silly packumentCache full:https://registry.npmjs.org/@babel%2fplugin-transform-private-property-in-object set size:undefined disposed:false
312 silly fetch manifest react-refresh@^0.14.2
313 silly packumentCache full:https://registry.npmjs.org/react-refresh cache-miss
314 http fetch GET 200 https://registry.npmjs.org/expo-font 792ms (cache revalidated)
315 silly packumentCache full:https://registry.npmjs.org/expo-font set size:834563 disposed:false
316 silly fetch manifest @babel/runtime@^7.20.0
317 silly packumentCache full:https://registry.npmjs.org/@babel%2fruntime cache-miss
318 http fetch GET 200 https://registry.npmjs.org/expo-asset 899ms (cache revalidated)
319 silly packumentCache full:https://registry.npmjs.org/expo-asset set size:931624 disposed:false
320 silly fetch manifest @expo/devtools@0.1.8
321 silly packumentCache full:https://registry.npmjs.org/@expo%2fdevtools cache-miss
322 http fetch GET 200 https://registry.npmjs.org/@expo%2fcli 1535ms (cache revalidated)
323 silly packumentCache full:https://registry.npmjs.org/@expo%2fcli set size:2430338 disposed:false
324 silly fetch manifest expo-keep-awake@~15.0.8
325 silly packumentCache full:https://registry.npmjs.org/expo-keep-awake cache-miss
326 http fetch GET 200 https://registry.npmjs.org/pretty-format 1403ms (cache miss)
327 silly packumentCache full:https://registry.npmjs.org/pretty-format set size:undefined disposed:false
328 silly fetch manifest expo-file-system@~19.0.21
329 silly packumentCache full:https://registry.npmjs.org/expo-file-system cache-miss
330 http fetch GET 200 https://registry.npmjs.org/@expo%2fmetro 1646ms (cache revalidated)
331 silly packumentCache full:https://registry.npmjs.org/@expo%2fmetro set size:42051 disposed:false
332 silly fetch manifest @expo/fingerprint@0.15.4
333 silly packumentCache full:https://registry.npmjs.org/@expo%2ffingerprint cache-miss
334 http fetch GET 200 https://registry.npmjs.org/@babel%2fruntime 2234ms (cache miss)
335 silly packumentCache full:https://registry.npmjs.org/@babel%2fruntime set size:undefined disposed:false
336 silly fetch manifest expo-modules-core@3.0.29
337 silly packumentCache full:https://registry.npmjs.org/expo-modules-core cache-miss
338 http fetch GET 200 https://registry.npmjs.org/expo-keep-awake 1604ms (cache revalidated)
339 silly packumentCache full:https://registry.npmjs.org/expo-keep-awake set size:669285 disposed:false
340 silly fetch manifest @expo/metro-config@54.0.14
341 silly packumentCache full:https://registry.npmjs.org/@expo%2fmetro-config cache-miss
342 http fetch GET 200 https://registry.npmjs.org/@expo%2fconfig 2750ms (cache revalidated)
343 silly packumentCache full:https://registry.npmjs.org/@expo%2fconfig set size:1377715 disposed:false
344 silly fetch manifest @expo/config-plugins@~54.0.4
345 silly packumentCache full:https://registry.npmjs.org/@expo%2fconfig-plugins cache-miss
346 http fetch GET 200 https://registry.npmjs.org/@expo%2fdevtools 2196ms (cache revalidated)
347 silly packumentCache full:https://registry.npmjs.org/@expo%2fdevtools set size:171493 disposed:false
348 silly fetch manifest @ungap/structured-clone@^1.3.0
349 silly packumentCache full:https://registry.npmjs.org/@ungap%2fstructured-clone cache-miss
350 http fetch GET 200 https://registry.npmjs.org/expo-file-system 1737ms (cache revalidated)
351 silly packumentCache full:https://registry.npmjs.org/expo-file-system set size:983369 disposed:false
352 silly fetch manifest expo-modules-autolinking@3.0.24
353 silly packumentCache full:https://registry.npmjs.org/expo-modules-autolinking cache-miss
354 http fetch GET 200 https://registry.npmjs.org/@expo%2ffingerprint 2141ms (cache revalidated)
355 silly packumentCache full:https://registry.npmjs.org/@expo%2ffingerprint set size:656996 disposed:false
356 silly fetch manifest whatwg-url-without-unicode@8.0.0-3
357 silly packumentCache full:https://registry.npmjs.org/whatwg-url-without-unicode cache-miss
358 http fetch GET 200 https://registry.npmjs.org/@expo%2fconfig-plugins 872ms (cache revalidated)
359 silly packumentCache full:https://registry.npmjs.org/@expo%2fconfig-plugins set size:1139382 disposed:false
360 silly fetch manifest @expo/env@~2.0.8
361 silly packumentCache full:https://registry.npmjs.org/@expo%2fenv cache-miss
362 http fetch GET 200 https://registry.npmjs.org/expo-modules-core 1095ms (cache revalidated)
363 silly packumentCache full:https://registry.npmjs.org/expo-modules-core set size:1193713 disposed:false
364 silly fetch manifest react-native-is-edge-to-edge@^1.2.1
365 silly packumentCache full:https://registry.npmjs.org/react-native-is-edge-to-edge cache-miss
366 http fetch GET 200 https://registry.npmjs.org/@ungap%2fstructured-clone 1160ms (cache revalidated)
367 silly packumentCache full:https://registry.npmjs.org/@ungap%2fstructured-clone set size:55958 disposed:false
368 silly fetch manifest ws@^6.2.3
369 silly packumentCache full:https://registry.npmjs.org/ws cache-miss
370 http fetch GET 200 https://registry.npmjs.org/expo-modules-autolinking 1067ms (cache revalidated)
371 silly packumentCache full:https://registry.npmjs.org/expo-modules-autolinking set size:850655 disposed:false
372 silly fetch manifest glob@^7.1.1
373 silly packumentCache full:https://registry.npmjs.org/glob cache-miss
374 http fetch GET 200 https://registry.npmjs.org/@expo%2fmetro-config 1522ms (cache revalidated)
375 silly packumentCache full:https://registry.npmjs.org/@expo%2fmetro-config set size:1400613 disposed:false
376 silly fetch manifest anser@^1.4.9
377 silly packumentCache full:https://registry.npmjs.org/anser cache-miss
378 http fetch GET 200 https://registry.npmjs.org/whatwg-url-without-unicode 706ms (cache miss)
379 silly packumentCache full:https://registry.npmjs.org/whatwg-url-without-unicode set size:undefined disposed:false
380 silly fetch manifest yargs@^17.6.2
381 silly packumentCache full:https://registry.npmjs.org/yargs cache-miss
382 http fetch GET 200 https://registry.npmjs.org/ws 356ms (cache revalidated)
383 silly packumentCache full:https://registry.npmjs.org/ws set size:415737 disposed:false
384 silly fetch manifest semver@^7.1.3
385 silly packumentCache full:https://registry.npmjs.org/semver cache-hit
386 silly fetch manifest promise@^8.3.0
387 silly packumentCache full:https://registry.npmjs.org/promise cache-miss
388 http fetch GET 200 https://registry.npmjs.org/react-native-is-edge-to-edge 840ms (cache miss)
389 silly packumentCache full:https://registry.npmjs.org/react-native-is-edge-to-edge set size:undefined disposed:false
390 silly fetch manifest base64-js@^1.5.1
391 silly packumentCache full:https://registry.npmjs.org/base64-js cache-miss
392 http fetch GET 200 https://registry.npmjs.org/glob 621ms (cache revalidated)
393 silly packumentCache full:https://registry.npmjs.org/glob set size:469465 disposed:false
394 silly fetch manifest commander@^12.0.0
395 silly packumentCache full:https://registry.npmjs.org/commander cache-miss
396 http fetch GET 200 https://registry.npmjs.org/promise 631ms (cache miss)
397 silly packumentCache full:https://registry.npmjs.org/promise set size:undefined disposed:false
398 silly fetch manifest invariant@^2.2.4
399 silly packumentCache full:https://registry.npmjs.org/invariant cache-miss
400 http fetch GET 200 https://registry.npmjs.org/anser 1278ms (cache miss)
401 silly packumentCache full:https://registry.npmjs.org/anser set size:undefined disposed:false
402 silly fetch manifest scheduler@0.26.0
403 silly packumentCache full:https://registry.npmjs.org/scheduler cache-miss
404 http fetch GET 200 https://registry.npmjs.org/base64-js 1043ms (cache miss)
405 silly packumentCache full:https://registry.npmjs.org/base64-js set size:undefined disposed:false
406 silly fetch manifest ansi-regex@^5.0.0
407 silly packumentCache full:https://registry.npmjs.org/ansi-regex cache-miss
408 http fetch GET 200 https://registry.npmjs.org/yargs 1507ms (cache miss)
409 silly packumentCache full:https://registry.npmjs.org/yargs set size:undefined disposed:false
410 silly fetch manifest babel-jest@^29.7.0
411 silly packumentCache full:https://registry.npmjs.org/babel-jest cache-miss
412 http fetch GET 200 https://registry.npmjs.org/commander 945ms (cache revalidated)
413 silly packumentCache full:https://registry.npmjs.org/commander set size:306325 disposed:false
414 silly fetch manifest nullthrows@^1.1.1
415 silly packumentCache full:https://registry.npmjs.org/nullthrows cache-miss
416 http fetch GET 200 https://registry.npmjs.org/@expo%2fenv 2205ms (cache revalidated)
417 silly packumentCache full:https://registry.npmjs.org/@expo%2fenv set size:509353 disposed:false
418 silly fetch manifest memoize-one@^5.0.0
419 silly packumentCache full:https://registry.npmjs.org/memoize-one cache-miss
420 http fetch GET 200 https://registry.npmjs.org/invariant 1102ms (cache miss)
421 silly packumentCache full:https://registry.npmjs.org/invariant set size:undefined disposed:false
422 silly fetch manifest whatwg-fetch@^3.0.0
423 silly packumentCache full:https://registry.npmjs.org/whatwg-fetch cache-miss
424 http fetch GET 200 https://registry.npmjs.org/scheduler 638ms (cache revalidated)
425 silly packumentCache full:https://registry.npmjs.org/scheduler set size:5468774 disposed:false
426 silly fetch manifest metro-runtime@^0.83.1
427 silly packumentCache full:https://registry.npmjs.org/metro-runtime cache-miss
428 http fetch GET 200 https://registry.npmjs.org/ansi-regex 582ms (cache revalidated)
429 silly packumentCache full:https://registry.npmjs.org/ansi-regex set size:43572 disposed:false
430 silly fetch manifest react-refresh@^0.14.0
431 silly packumentCache full:https://registry.npmjs.org/react-refresh cache-miss
432 http fetch GET 200 https://registry.npmjs.org/memoize-one 550ms (cache miss)
433 silly packumentCache full:https://registry.npmjs.org/memoize-one set size:undefined disposed:false
434 silly fetch manifest abort-controller@^3.0.0
435 silly packumentCache full:https://registry.npmjs.org/abort-controller cache-miss
436 http fetch GET 200 https://registry.npmjs.org/whatwg-fetch 378ms (cache miss)
437 silly packumentCache full:https://registry.npmjs.org/whatwg-fetch set size:undefined disposed:false
438 silly fetch manifest metro-source-map@^0.83.1
439 silly packumentCache full:https://registry.npmjs.org/metro-source-map cache-miss
440 http fetch GET 200 https://registry.npmjs.org/nullthrows 634ms (cache miss)
441 silly packumentCache full:https://registry.npmjs.org/nullthrows set size:undefined disposed:false
442 silly fetch manifest stacktrace-parser@^0.1.10
443 silly packumentCache full:https://registry.npmjs.org/stacktrace-parser cache-miss
444 http fetch GET 200 https://registry.npmjs.org/metro-source-map 987ms (cache revalidated)
445 silly packumentCache full:https://registry.npmjs.org/metro-source-map set size:415295 disposed:false
446 silly fetch manifest flow-enums-runtime@^0.0.6
447 silly packumentCache full:https://registry.npmjs.org/flow-enums-runtime cache-miss
448 http fetch GET 200 https://registry.npmjs.org/stacktrace-parser 1031ms (cache miss)
449 silly packumentCache full:https://registry.npmjs.org/stacktrace-parser set size:undefined disposed:false
450 silly fetch manifest react-devtools-core@^6.1.5
451 silly packumentCache full:https://registry.npmjs.org/react-devtools-core cache-miss
452 http fetch GET 200 https://registry.npmjs.org/metro-runtime 1276ms (cache revalidated)
453 silly packumentCache full:https://registry.npmjs.org/metro-runtime set size:207320 disposed:false
454 silly fetch manifest regenerator-runtime@^0.13.2
455 silly packumentCache full:https://registry.npmjs.org/regenerator-runtime cache-miss
456 http fetch GET 200 https://registry.npmjs.org/babel-jest 1786ms (cache miss)
457 silly packumentCache full:https://registry.npmjs.org/babel-jest set size:undefined disposed:false
458 silly fetch manifest @react-native/codegen@0.81.0
459 silly packumentCache full:https://registry.npmjs.org/@react-native%2fcodegen cache-miss
460 http fetch GET 200 https://registry.npmjs.org/abort-controller 1674ms (cache miss)
461 silly packumentCache full:https://registry.npmjs.org/abort-controller set size:undefined disposed:false
462 silly fetch manifest jest-environment-node@^29.7.0
463 silly packumentCache full:https://registry.npmjs.org/jest-environment-node cache-miss
464 http fetch GET 200 https://registry.npmjs.org/react-devtools-core 908ms (cache revalidated)
465 silly packumentCache full:https://registry.npmjs.org/react-devtools-core set size:459848 disposed:false
466 silly fetch manifest @react-native/js-polyfills@0.81.0
467 silly packumentCache full:https://registry.npmjs.org/@react-native%2fjs-polyfills cache-miss
468 http fetch GET 200 https://registry.npmjs.org/regenerator-runtime 1034ms (cache miss)
469 silly packumentCache full:https://registry.npmjs.org/regenerator-runtime set size:undefined disposed:false
470 silly fetch manifest @react-native/gradle-plugin@0.81.0
471 silly packumentCache full:https://registry.npmjs.org/@react-native%2fgradle-plugin cache-miss
472 http fetch GET 200 https://registry.npmjs.org/flow-enums-runtime 1260ms (cache revalidated)
473 silly packumentCache full:https://registry.npmjs.org/flow-enums-runtime set size:20749 disposed:false
474 silly fetch manifest @react-native/assets-registry@0.81.0
475 silly packumentCache full:https://registry.npmjs.org/@react-native%2fassets-registry cache-miss
476 http fetch GET 200 https://registry.npmjs.org/@react-native%2fcodegen 2207ms (cache revalidated)
477 silly packumentCache full:https://registry.npmjs.org/@react-native%2fcodegen set size:2734867 disposed:false
478 silly fetch manifest @react-native/normalize-colors@0.81.0
479 silly packumentCache full:https://registry.npmjs.org/@react-native%2fnormalize-colors cache-miss
480 http fetch GET 200 https://registry.npmjs.org/@react-native%2fjs-polyfills 1917ms (cache revalidated)
481 silly packumentCache full:https://registry.npmjs.org/@react-native%2fjs-polyfills set size:1790231 disposed:false
482 silly fetch manifest @jest/create-cache-key-function@^29.7.0
483 silly packumentCache full:https://registry.npmjs.org/@jest%2fcreate-cache-key-function cache-miss
484 http fetch GET 200 https://registry.npmjs.org/jest-environment-node 2516ms (cache miss)
485 silly packumentCache full:https://registry.npmjs.org/jest-environment-node set size:undefined disposed:false
486 silly fetch manifest @react-native/virtualized-lists@0.81.0
487 silly packumentCache full:https://registry.npmjs.org/@react-native%2fvirtualized-lists cache-miss
488 http fetch GET 200 https://registry.npmjs.org/@react-native%2fnormalize-colors 1098ms (cache revalidated)
489 silly packumentCache full:https://registry.npmjs.org/@react-native%2fnormalize-colors set size:1803665 disposed:false
490 silly fetch manifest babel-plugin-syntax-hermes-parser@0.29.1
491 silly packumentCache full:https://registry.npmjs.org/babel-plugin-syntax-hermes-parser cache-hit
492 silly fetch manifest @react-native/community-cli-plugin@0.81.0
493 silly packumentCache full:https://registry.npmjs.org/@react-native%2fcommunity-cli-plugin cache-miss
494 http fetch GET 200 https://registry.npmjs.org/@react-native%2fassets-registry 2983ms (cache revalidated)
495 silly packumentCache full:https://registry.npmjs.org/@react-native%2fassets-registry set size:1794892 disposed:false
496 silly fetch manifest @egjs/hammerjs@^2.0.17
497 silly packumentCache full:https://registry.npmjs.org/@egjs%2fhammerjs cache-miss
498 http fetch GET 200 https://registry.npmjs.org/@jest%2fcreate-cache-key-function 1426ms (cache miss)
499 silly packumentCache full:https://registry.npmjs.org/@jest%2fcreate-cache-key-function set size:undefined disposed:false
500 silly fetch manifest hoist-non-react-statics@^3.3.0
501 silly packumentCache full:https://registry.npmjs.org/hoist-non-react-statics cache-miss
502 http fetch GET 200 https://registry.npmjs.org/@react-native%2fgradle-plugin 3286ms (cache revalidated)
503 silly packumentCache full:https://registry.npmjs.org/@react-native%2fgradle-plugin set size:1937722 disposed:false
504 silly fetch manifest semver@^7.7.2
505 silly packumentCache full:https://registry.npmjs.org/semver cache-hit
506 silly fetch manifest react-freeze@^1.0.0
507 silly packumentCache full:https://registry.npmjs.org/react-freeze cache-miss
508 http fetch GET 200 https://registry.npmjs.org/@react-native%2fvirtualized-lists 1266ms (cache revalidated)
509 silly packumentCache full:https://registry.npmjs.org/@react-native%2fvirtualized-lists set size:2215396 disposed:false
510 silly fetch manifest semver@7.7.2
511 silly packumentCache full:https://registry.npmjs.org/semver cache-hit
512 silly fetch manifest @babel/preset-typescript@^7.16.7
513 silly packumentCache full:https://registry.npmjs.org/@babel%2fpreset-typescript cache-miss
514 http fetch GET 200 https://registry.npmjs.org/@babel%2fpreset-typescript 22ms (cache hit)
515 silly packumentCache full:https://registry.npmjs.org/@babel%2fpreset-typescript set size:257348 disposed:false
516 silly fetch manifest @babel/plugin-transform-classes@^7.0.0-0
517 silly packumentCache full:https://registry.npmjs.org/@babel%2fplugin-transform-classes cache-miss
518 http fetch GET 200 https://registry.npmjs.org/@react-native%2fcommunity-cli-plugin 1036ms (cache revalidated)
519 silly packumentCache full:https://registry.npmjs.org/@react-native%2fcommunity-cli-plugin set size:2388949 disposed:false
520 silly fetch manifest @babel/plugin-transform-unicode-regex@^7.0.0-0
521 silly packumentCache full:https://registry.npmjs.org/@babel%2fplugin-transform-unicode-regex cache-miss
522 http fetch GET 200 https://registry.npmjs.org/react-refresh 12243ms (cache miss)
523 silly packumentCache full:https://registry.npmjs.org/react-refresh set size:undefined disposed:false
524 silly fetch manifest @babel/plugin-transform-arrow-functions@^7.0.0-0
525 silly packumentCache full:https://registry.npmjs.org/@babel%2fplugin-transform-arrow-functions cache-miss
526 http fetch GET 200 https://registry.npmjs.org/@babel%2fplugin-transform-classes 651ms (cache miss)
527 silly packumentCache full:https://registry.npmjs.org/@babel%2fplugin-transform-classes set size:undefined disposed:false
528 silly fetch manifest @babel/plugin-transform-class-properties@^7.0.0-0
529 silly packumentCache full:https://registry.npmjs.org/@babel%2fplugin-transform-class-properties cache-miss
530 http fetch GET 200 https://registry.npmjs.org/@babel%2fplugin-transform-unicode-regex 573ms (cache miss)
531 silly packumentCache full:https://registry.npmjs.org/@babel%2fplugin-transform-unicode-regex set size:undefined disposed:false
532 silly fetch manifest @babel/plugin-transform-optional-chaining@^7.0.0-0
533 silly packumentCache full:https://registry.npmjs.org/@babel%2fplugin-transform-optional-chaining cache-miss
534 http fetch GET 200 https://registry.npmjs.org/hoist-non-react-statics 904ms (cache miss)
535 silly packumentCache full:https://registry.npmjs.org/hoist-non-react-statics set size:undefined disposed:false
536 silly fetch manifest @babel/plugin-transform-template-literals@^7.0.0-0
537 silly packumentCache full:https://registry.npmjs.org/@babel%2fplugin-transform-template-literals cache-miss
538 http fetch GET 200 https://registry.npmjs.org/react-freeze 849ms (cache miss)
539 silly packumentCache full:https://registry.npmjs.org/react-freeze set size:undefined disposed:false
540 silly fetch manifest @babel/plugin-transform-shorthand-properties@^7.0.0-0
541 silly packumentCache full:https://registry.npmjs.org/@babel%2fplugin-transform-shorthand-properties cache-miss
542 http fetch GET 200 https://registry.npmjs.org/@babel%2fplugin-transform-class-properties 344ms (cache miss)
543 silly packumentCache full:https://registry.npmjs.org/@babel%2fplugin-transform-class-properties set size:undefined disposed:false
544 silly fetch manifest @babel/plugin-transform-nullish-coalescing-operator@^7.0.0-0
545 silly packumentCache full:https://registry.npmjs.org/@babel%2fplugin-transform-nullish-coalescing-operator cache-miss
546 http fetch GET 200 https://registry.npmjs.org/@babel%2fplugin-transform-optional-chaining 359ms (cache miss)
547 silly packumentCache full:https://registry.npmjs.org/@babel%2fplugin-transform-optional-chaining set size:undefined disposed:false
548 http fetch GET 200 https://registry.npmjs.org/@babel%2fplugin-transform-template-literals 427ms (cache miss)
549 silly packumentCache full:https://registry.npmjs.org/@babel%2fplugin-transform-template-literals set size:undefined disposed:false
550 http fetch GET 200 https://registry.npmjs.org/@babel%2fplugin-transform-shorthand-properties 525ms (cache miss)
551 silly packumentCache full:https://registry.npmjs.org/@babel%2fplugin-transform-shorthand-properties set size:undefined disposed:false
552 http fetch GET 200 https://registry.npmjs.org/@babel%2fplugin-transform-arrow-functions 822ms (cache miss)
553 silly packumentCache full:https://registry.npmjs.org/@babel%2fplugin-transform-arrow-functions set size:undefined disposed:false
554 http fetch GET 200 https://registry.npmjs.org/@babel%2fplugin-transform-nullish-coalescing-operator 548ms (cache miss)
555 silly packumentCache full:https://registry.npmjs.org/@babel%2fplugin-transform-nullish-coalescing-operator set size:undefined disposed:false
556 http fetch GET 200 https://registry.npmjs.org/@egjs%2fhammerjs 2828ms (cache miss)
557 silly packumentCache full:https://registry.npmjs.org/@egjs%2fhammerjs set size:undefined disposed:false
558 http fetch GET 200 https://registry.npmjs.org/react-refresh 30504ms (cache miss)
559 silly packumentCache full:https://registry.npmjs.org/react-refresh set size:undefined disposed:false
560 silly placeDep ROOT @babel/code-frame@7.29.0 OK for: @babel/core@7.29.0 want: ^7.29.0
561 silly placeDep ROOT @babel/generator@7.29.1 OK for: @babel/core@7.29.0 want: ^7.29.0
562 silly placeDep ROOT @babel/helper-compilation-targets@7.28.6 OK for: @babel/core@7.29.0 want: ^7.28.6
563 silly placeDep ROOT @babel/helper-module-transforms@7.28.6 OK for: @babel/core@7.29.0 want: ^7.28.6
564 silly placeDep ROOT @babel/helpers@7.29.2 OK for: @babel/core@7.29.0 want: ^7.28.6
565 silly placeDep ROOT @babel/parser@7.29.2 OK for: @babel/core@7.29.0 want: ^7.29.0
566 silly placeDep ROOT @babel/template@7.28.6 OK for: @babel/core@7.29.0 want: ^7.28.6
567 silly placeDep ROOT @babel/traverse@7.29.0 OK for: @babel/core@7.29.0 want: ^7.29.0
568 silly placeDep ROOT @babel/types@7.29.0 OK for: @babel/core@7.29.0 want: ^7.29.0
569 silly placeDep ROOT @jridgewell/remapping@2.3.5 OK for: @babel/core@7.29.0 want: ^2.3.5
570 silly placeDep ROOT convert-source-map@2.0.0 OK for: @babel/core@7.29.0 want: ^2.0.0
571 silly placeDep ROOT debug@4.4.3 OK for: @babel/core@7.29.0 want: ^4.1.0
572 silly placeDep ROOT gensync@1.0.0-beta.2 OK for: @babel/core@7.29.0 want: ^1.0.0-beta.2
573 silly placeDep ROOT json5@2.2.3 OK for: @babel/core@7.29.0 want: ^2.2.3
574 silly placeDep ROOT semver@6.3.1 OK for: @babel/core@7.29.0 want: ^6.3.1
575 silly fetch manifest js-tokens@^4.0.0
576 silly packumentCache full:https://registry.npmjs.org/js-tokens cache-miss
577 silly fetch manifest picocolors@^1.1.1
578 silly packumentCache full:https://registry.npmjs.org/picocolors cache-miss
579 silly fetch manifest @babel/helper-validator-identifier@^7.28.5
580 silly packumentCache full:https://registry.npmjs.org/@babel%2fhelper-validator-identifier cache-miss
581 silly fetch manifest jsesc@^3.0.2
582 silly packumentCache full:https://registry.npmjs.org/jsesc cache-miss
583 silly fetch manifest @jridgewell/gen-mapping@^0.3.12
584 silly packumentCache full:https://registry.npmjs.org/@jridgewell%2fgen-mapping cache-miss
585 silly fetch manifest @jridgewell/trace-mapping@^0.3.28
586 silly packumentCache full:https://registry.npmjs.org/@jridgewell%2ftrace-mapping cache-miss
587 silly fetch manifest lru-cache@^5.1.1
588 silly packumentCache full:https://registry.npmjs.org/lru-cache cache-miss
589 http fetch GET 200 https://registry.npmjs.org/js-tokens 2598ms (cache miss)
590 silly packumentCache full:https://registry.npmjs.org/js-tokens set size:undefined disposed:false
591 silly fetch manifest browserslist@^4.24.0
592 silly packumentCache full:https://registry.npmjs.org/browserslist cache-miss
593 http fetch GET 200 https://registry.npmjs.org/picocolors 2789ms (cache miss)
594 silly packumentCache full:https://registry.npmjs.org/picocolors set size:undefined disposed:false
595 silly fetch manifest @babel/compat-data@^7.28.6
596 silly packumentCache full:https://registry.npmjs.org/@babel%2fcompat-data cache-miss
597 http fetch GET 200 https://registry.npmjs.org/lru-cache 2783ms (cache revalidated)
598 silly packumentCache full:https://registry.npmjs.org/lru-cache set size:432407 disposed:false
599 silly fetch manifest @babel/helper-validator-option@^7.27.1
600 silly packumentCache full:https://registry.npmjs.org/@babel%2fhelper-validator-option cache-miss
601 http fetch GET 200 https://registry.npmjs.org/@jridgewell%2fgen-mapping 2804ms (cache miss)
602 silly packumentCache full:https://registry.npmjs.org/@jridgewell%2fgen-mapping set size:undefined disposed:false
603 silly fetch manifest @babel/traverse@^7.28.6
604 silly packumentCache full:https://registry.npmjs.org/@babel%2ftraverse cache-hit
605 silly fetch manifest @babel/helper-module-imports@^7.28.6
606 silly packumentCache full:https://registry.npmjs.org/@babel%2fhelper-module-imports cache-miss
607 http fetch GET 200 https://registry.npmjs.org/@babel%2fhelper-module-imports 6ms (cache hit)
608 silly packumentCache full:https://registry.npmjs.org/@babel%2fhelper-module-imports set size:193449 disposed:false
609 silly fetch manifest @babel/helper-validator-identifier@^7.28.5
610 silly packumentCache full:https://registry.npmjs.org/@babel%2fhelper-validator-identifier cache-miss
611 http fetch GET 200 https://registry.npmjs.org/@babel%2fhelper-validator-identifier 2872ms (cache miss)
612 silly packumentCache full:https://registry.npmjs.org/@babel%2fhelper-validator-identifier set size:undefined disposed:false
613 silly fetch manifest @babel/types@^7.28.6
614 silly packumentCache full:https://registry.npmjs.org/@babel%2ftypes cache-miss
615 http fetch GET 200 https://registry.npmjs.org/@babel%2ftypes 8ms (cache hit)
616 silly packumentCache full:https://registry.npmjs.org/@babel%2ftypes set size:487885 disposed:false
617 silly fetch manifest debug@^4.3.1
618 silly packumentCache full:https://registry.npmjs.org/debug cache-hit
619 silly fetch manifest @babel/helper-globals@^7.28.0
620 silly packumentCache full:https://registry.npmjs.org/@babel%2fhelper-globals cache-miss
621 http fetch GET 200 https://registry.npmjs.org/jsesc 2937ms (cache miss)
622 silly packumentCache full:https://registry.npmjs.org/jsesc set size:undefined disposed:false
623 silly fetch manifest @babel/helper-string-parser@^7.27.1
624 silly packumentCache full:https://registry.npmjs.org/@babel%2fhelper-string-parser cache-miss
625 http fetch GET 200 https://registry.npmjs.org/@jridgewell%2ftrace-mapping 4693ms (cache miss)
626 silly packumentCache full:https://registry.npmjs.org/@jridgewell%2ftrace-mapping set size:undefined disposed:false
627 silly fetch manifest @jridgewell/gen-mapping@^0.3.5
628 silly packumentCache full:https://registry.npmjs.org/@jridgewell%2fgen-mapping cache-miss
629 http fetch GET 200 https://registry.npmjs.org/@jridgewell%2fgen-mapping 16ms (cache hit)
630 silly packumentCache full:https://registry.npmjs.org/@jridgewell%2fgen-mapping set size:80719 disposed:false
631 silly fetch manifest @jridgewell/trace-mapping@^0.3.24
632 silly packumentCache full:https://registry.npmjs.org/@jridgewell%2ftrace-mapping cache-miss
633 http fetch GET 200 https://registry.npmjs.org/@jridgewell%2ftrace-mapping 6ms (cache hit)
634 silly packumentCache full:https://registry.npmjs.org/@jridgewell%2ftrace-mapping set size:170909 disposed:false
635 silly fetch manifest ms@^2.1.3
636 silly packumentCache full:https://registry.npmjs.org/ms cache-miss
637 http fetch GET 200 https://registry.npmjs.org/@babel%2fhelper-validator-option 4144ms (cache miss)
638 silly packumentCache full:https://registry.npmjs.org/@babel%2fhelper-validator-option set size:undefined disposed:false
639 http fetch GET 200 https://registry.npmjs.org/@babel%2fhelper-globals 4248ms (cache miss)
640 silly packumentCache full:https://registry.npmjs.org/@babel%2fhelper-globals set size:undefined disposed:false
641 http fetch GET 200 https://registry.npmjs.org/ms 2532ms (cache revalidated)
642 silly packumentCache full:https://registry.npmjs.org/ms set size:92208 disposed:false
643 http fetch GET 200 https://registry.npmjs.org/browserslist 7202ms (cache miss)
644 silly packumentCache full:https://registry.npmjs.org/browserslist set size:undefined disposed:false
645 http fetch GET 200 https://registry.npmjs.org/@babel%2fhelper-validator-identifier 7528ms (cache miss)
646 silly packumentCache full:https://registry.npmjs.org/@babel%2fhelper-validator-identifier set size:undefined disposed:false
647 http fetch GET 200 https://registry.npmjs.org/@babel%2fcompat-data 7646ms (cache miss)
648 silly packumentCache full:https://registry.npmjs.org/@babel%2fcompat-data set size:undefined disposed:false
649 http fetch GET 200 https://registry.npmjs.org/@babel%2fhelper-string-parser 7803ms (cache miss)
650 silly packumentCache full:https://registry.npmjs.org/@babel%2fhelper-string-parser set size:undefined disposed:false
651 silly placeDep ROOT @babel/helper-validator-identifier@7.28.5 OK for: @babel/code-frame@7.29.0 want: ^7.28.5
652 silly placeDep ROOT js-tokens@4.0.0 OK for: @babel/code-frame@7.29.0 want: ^4.0.0
653 silly placeDep ROOT picocolors@1.1.1 OK for: @babel/code-frame@7.29.0 want: ^1.1.1
654 silly placeDep ROOT @jridgewell/gen-mapping@0.3.13 OK for: @babel/generator@7.29.1 want: ^0.3.12
655 silly placeDep ROOT @jridgewell/trace-mapping@0.3.31 OK for: @babel/generator@7.29.1 want: ^0.3.28
656 silly placeDep ROOT jsesc@3.1.0 OK for: @babel/generator@7.29.1 want: ^3.0.2
657 silly fetch manifest @jridgewell/sourcemap-codec@^1.5.0
658 silly packumentCache full:https://registry.npmjs.org/@jridgewell%2fsourcemap-codec cache-miss
659 silly fetch manifest @jridgewell/resolve-uri@^3.1.0
660 silly packumentCache full:https://registry.npmjs.org/@jridgewell%2fresolve-uri cache-miss
661 silly fetch manifest @jridgewell/sourcemap-codec@^1.4.14
662 silly packumentCache full:https://registry.npmjs.org/@jridgewell%2fsourcemap-codec cache-miss
663 http fetch GET 200 https://registry.npmjs.org/@jridgewell%2fresolve-uri 4021ms (cache miss)
664 silly packumentCache full:https://registry.npmjs.org/@jridgewell%2fresolve-uri set size:undefined disposed:false
665 http fetch GET 200 https://registry.npmjs.org/@jridgewell%2fsourcemap-codec 4791ms (cache miss)
666 silly packumentCache full:https://registry.npmjs.org/@jridgewell%2fsourcemap-codec set size:undefined disposed:false
667 http fetch GET 200 https://registry.npmjs.org/@jridgewell%2fsourcemap-codec 4988ms (cache miss)
668 silly packumentCache full:https://registry.npmjs.org/@jridgewell%2fsourcemap-codec set size:undefined disposed:false
669 silly placeDep ROOT @babel/compat-data@7.29.0 OK for: @babel/helper-compilation-targets@7.28.6 want: ^7.28.6
670 silly placeDep ROOT @babel/helper-validator-option@7.27.1 OK for: @babel/helper-compilation-targets@7.28.6 want: ^7.27.1
671 silly placeDep ROOT browserslist@4.28.2 OK for: @babel/helper-compilation-targets@7.28.6 want: ^4.24.0
672 silly placeDep ROOT lru-cache@5.1.1 OK for: @babel/helper-compilation-targets@7.28.6 want: ^5.1.1
673 silly fetch manifest baseline-browser-mapping@^2.10.12
674 silly packumentCache full:https://registry.npmjs.org/baseline-browser-mapping cache-miss
675 silly fetch manifest caniuse-lite@^1.0.30001782
676 silly packumentCache full:https://registry.npmjs.org/caniuse-lite cache-miss
677 silly fetch manifest electron-to-chromium@^1.5.328
678 silly packumentCache full:https://registry.npmjs.org/electron-to-chromium cache-miss
679 silly fetch manifest node-releases@^2.0.36
680 silly packumentCache full:https://registry.npmjs.org/node-releases cache-miss
681 silly fetch manifest update-browserslist-db@^1.2.3
682 silly packumentCache full:https://registry.npmjs.org/update-browserslist-db cache-miss
683 silly fetch manifest yallist@^3.0.2
684 silly packumentCache full:https://registry.npmjs.org/yallist cache-miss
685 http fetch GET 200 https://registry.npmjs.org/baseline-browser-mapping 4239ms (cache miss)
686 silly packumentCache full:https://registry.npmjs.org/baseline-browser-mapping set size:undefined disposed:false
687 http fetch GET 200 https://registry.npmjs.org/yallist 4255ms (cache revalidated)
688 silly packumentCache full:https://registry.npmjs.org/yallist set size:34610 disposed:false
689 http fetch GET 200 https://registry.npmjs.org/update-browserslist-db 4309ms (cache miss)
690 silly packumentCache full:https://registry.npmjs.org/update-browserslist-db set size:undefined disposed:false
691 http fetch GET 200 https://registry.npmjs.org/node-releases 8590ms (cache miss)
692 silly packumentCache full:https://registry.npmjs.org/node-releases set size:undefined disposed:false
693 http fetch GET 200 https://registry.npmjs.org/electron-to-chromium 12864ms (cache miss)
694 silly packumentCache full:https://registry.npmjs.org/electron-to-chromium set size:undefined disposed:false
695 http fetch GET 200 https://registry.npmjs.org/caniuse-lite 23221ms (cache miss)
696 silly packumentCache full:https://registry.npmjs.org/caniuse-lite set size:undefined disposed:false
697 silly placeDep ROOT @babel/helper-module-imports@7.28.6 OK for: @babel/helper-module-transforms@7.28.6 want: ^7.28.6
698 silly placeDep ROOT @babel/helper-globals@7.28.0 OK for: @babel/traverse@7.29.0 want: ^7.28.0
699 silly placeDep ROOT @babel/helper-string-parser@7.27.1 OK for: @babel/types@7.29.0 want: ^7.27.1
700 silly placeDep ROOT @jridgewell/sourcemap-codec@1.5.5 OK for: @jridgewell/gen-mapping@0.3.13 want: ^1.5.0
701 silly placeDep ROOT @jridgewell/resolve-uri@3.1.2 OK for: @jridgewell/trace-mapping@0.3.31 want: ^3.1.0
702 silly placeDep ROOT @react-navigation/elements@1.3.31 OK for: @react-navigation/bottom-tabs@6.6.1 want: ^1.3.31
703 silly placeDep ROOT color@4.2.3 OK for: @react-navigation/bottom-tabs@6.6.1 want: ^4.2.3
704 silly placeDep ROOT warn-once@0.1.1 OK for: @react-navigation/bottom-tabs@6.6.1 want: ^0.1.0
705 silly fetch manifest color-string@^1.9.0
706 silly packumentCache full:https://registry.npmjs.org/color-string cache-miss
707 silly fetch manifest color-convert@^2.0.1
708 silly packumentCache full:https://registry.npmjs.org/color-convert cache-miss
709 http fetch GET 200 https://registry.npmjs.org/color-convert 2367ms (cache revalidated)
710 silly packumentCache full:https://registry.npmjs.org/color-convert set size:72663 disposed:false
711 http fetch GET 200 https://registry.npmjs.org/color-string 2543ms (cache miss)
712 silly packumentCache full:https://registry.npmjs.org/color-string set size:undefined disposed:false
713 silly placeDep ROOT @react-navigation/core@6.4.17 OK for: @react-navigation/native@6.1.18 want: ^6.4.17
714 silly placeDep ROOT escape-string-regexp@4.0.0 OK for: @react-navigation/native@6.1.18 want: ^4.0.0
715 silly placeDep ROOT fast-deep-equal@3.1.3 OK for: @react-navigation/native@6.1.18 want: ^3.1.3
716 silly placeDep ROOT nanoid@3.3.11 OK for: @react-navigation/native@6.1.18 want: ^3.1.23
717 silly fetch manifest react-is@^16.13.0
718 silly packumentCache full:https://registry.npmjs.org/react-is cache-miss
719 silly fetch manifest query-string@^7.1.3
720 silly packumentCache full:https://registry.npmjs.org/query-string cache-miss
721 silly fetch manifest use-latest-callback@^0.2.1
722 silly packumentCache full:https://registry.npmjs.org/use-latest-callback cache-miss
723 silly fetch manifest @react-navigation/routers@^6.1.9
724 silly packumentCache full:https://registry.npmjs.org/@react-navigation%2frouters cache-miss
725 http fetch GET 200 https://registry.npmjs.org/query-string 2732ms (cache miss)
726 silly packumentCache full:https://registry.npmjs.org/query-string set size:undefined disposed:false
727 http fetch GET 200 https://registry.npmjs.org/use-latest-callback 2892ms (cache miss)
728 silly packumentCache full:https://registry.npmjs.org/use-latest-callback set size:undefined disposed:false
729 http fetch GET 200 https://registry.npmjs.org/@react-navigation%2frouters 3388ms (cache miss)
730 silly packumentCache full:https://registry.npmjs.org/@react-navigation%2frouters set size:undefined disposed:false
731 http fetch GET 200 https://registry.npmjs.org/react-is 21291ms (cache miss)
732 silly packumentCache full:https://registry.npmjs.org/react-is set size:undefined disposed:false
733 silly placeDep ROOT @react-navigation/routers@6.1.9 OK for: @react-navigation/core@6.4.17 want: ^6.1.9
734 silly placeDep ROOT query-string@7.1.3 OK for: @react-navigation/core@6.4.17 want: ^7.1.3
735 silly placeDep ROOT react-is@16.13.1 OK for: @react-navigation/core@6.4.17 want: ^16.13.0
736 silly placeDep ROOT use-latest-callback@0.2.6 OK for: @react-navigation/core@6.4.17 want: ^0.2.1
737 silly fetch manifest filter-obj@^1.1.0
738 silly packumentCache full:https://registry.npmjs.org/filter-obj cache-miss
739 silly fetch manifest split-on-first@^1.0.0
740 silly packumentCache full:https://registry.npmjs.org/split-on-first cache-miss
741 silly fetch manifest strict-uri-encode@^2.0.0
742 silly packumentCache full:https://registry.npmjs.org/strict-uri-encode cache-miss
743 silly fetch manifest decode-uri-component@^0.2.2
744 silly packumentCache full:https://registry.npmjs.org/decode-uri-component cache-miss
745 http fetch GET 200 https://registry.npmjs.org/decode-uri-component 154ms (cache miss)
746 silly packumentCache full:https://registry.npmjs.org/decode-uri-component set size:undefined disposed:false
747 http fetch GET 200 https://registry.npmjs.org/strict-uri-encode 624ms (cache miss)
748 silly packumentCache full:https://registry.npmjs.org/strict-uri-encode set size:undefined disposed:false
749 http fetch GET 200 https://registry.npmjs.org/filter-obj 779ms (cache miss)
750 silly packumentCache full:https://registry.npmjs.org/filter-obj set size:undefined disposed:false
751 http fetch GET 200 https://registry.npmjs.org/split-on-first 1620ms (cache miss)
752 silly packumentCache full:https://registry.npmjs.org/split-on-first set size:undefined disposed:false
753 silly placeDep ROOT csstype@3.2.3 OK for: @types/react@19.2.14 want: ^3.2.2
754 silly placeDep ROOT @babel/plugin-proposal-decorators@7.29.0 OK for: babel-preset-expo@54.0.10 want: ^7.12.9
755 silly placeDep ROOT @babel/plugin-proposal-export-default-from@7.27.1 OK for: babel-preset-expo@54.0.10 want: ^7.24.7
756 silly placeDep ROOT @babel/plugin-syntax-export-default-from@7.28.6 OK for: babel-preset-expo@54.0.10 want: ^7.24.7
757 silly placeDep ROOT @babel/plugin-transform-class-static-block@7.28.6 OK for: babel-preset-expo@54.0.10 want: ^7.27.1
758 silly placeDep ROOT @babel/plugin-transform-export-namespace-from@7.27.1 OK for: babel-preset-expo@54.0.10 want: ^7.25.9
759 silly placeDep ROOT @babel/plugin-transform-flow-strip-types@7.27.1 OK for: babel-preset-expo@54.0.10 want: ^7.25.2
760 silly placeDep ROOT @babel/plugin-transform-modules-commonjs@7.28.6 OK for: babel-preset-expo@54.0.10 want: ^7.24.8
761 silly placeDep ROOT @babel/plugin-transform-object-rest-spread@7.28.6 OK for: babel-preset-expo@54.0.10 want: ^7.24.7
762 silly placeDep ROOT @babel/plugin-transform-parameters@7.27.7 OK for: babel-preset-expo@54.0.10 want: ^7.24.7
763 silly placeDep ROOT @babel/plugin-transform-private-methods@7.28.6 OK for: babel-preset-expo@54.0.10 want: ^7.24.7
764 silly placeDep ROOT @babel/plugin-transform-private-property-in-object@7.28.6 OK for: babel-preset-expo@54.0.10 want: ^7.24.7
765 silly placeDep ROOT @babel/plugin-transform-runtime@7.29.0 OK for: babel-preset-expo@54.0.10 want: ^7.24.7
766 silly placeDep ROOT @babel/preset-react@7.28.5 OK for: babel-preset-expo@54.0.10 want: ^7.22.15
767 silly placeDep ROOT @babel/preset-typescript@7.28.5 OK for: babel-preset-expo@54.0.10 want: ^7.23.0
768 silly placeDep ROOT @react-native/babel-preset@0.81.5 OK for: babel-preset-expo@54.0.10 want: 0.81.5
769 silly placeDep ROOT babel-plugin-react-compiler@1.0.0 OK for: babel-preset-expo@54.0.10 want: ^1.0.0
770 silly placeDep ROOT babel-plugin-react-native-web@0.21.2 OK for: babel-preset-expo@54.0.10 want: ~0.21.0
771 silly placeDep ROOT babel-plugin-syntax-hermes-parser@0.29.1 OK for: babel-preset-expo@54.0.10 want: ^0.29.1
772 silly placeDep ROOT babel-plugin-transform-flow-enums@0.0.2 OK for: babel-preset-expo@54.0.10 want: ^0.0.2
773 silly placeDep ROOT resolve-from@5.0.0 OK for: babel-preset-expo@54.0.10 want: ^5.0.0
774 silly fetch manifest @babel/helper-plugin-utils@^7.28.6
775 silly packumentCache full:https://registry.npmjs.org/@babel%2fhelper-plugin-utils cache-miss
776 silly fetch manifest @babel/plugin-syntax-decorators@^7.28.6
777 silly packumentCache full:https://registry.npmjs.org/@babel%2fplugin-syntax-decorators cache-miss
778 silly fetch manifest @babel/helper-create-class-features-plugin@^7.28.6
779 silly packumentCache full:https://registry.npmjs.org/@babel%2fhelper-create-class-features-plugin cache-miss
780 silly fetch manifest @babel/helper-plugin-utils@^7.27.1
781 silly packumentCache full:https://registry.npmjs.org/@babel%2fhelper-plugin-utils cache-miss
782 silly fetch manifest @babel/helper-plugin-utils@^7.28.6
783 silly packumentCache full:https://registry.npmjs.org/@babel%2fhelper-plugin-utils cache-miss
784 silly fetch manifest @babel/helper-plugin-utils@^7.28.6
785 silly packumentCache full:https://registry.npmjs.org/@babel%2fhelper-plugin-utils cache-miss
786 silly fetch manifest @babel/helper-create-class-features-plugin@^7.28.6
787 silly packumentCache full:https://registry.npmjs.org/@babel%2fhelper-create-class-features-plugin cache-miss
788 http fetch GET 200 https://registry.npmjs.org/@babel%2fhelper-plugin-utils 646ms (cache miss)
789 silly packumentCache full:https://registry.npmjs.org/@babel%2fhelper-plugin-utils set size:undefined disposed:false
790 silly fetch manifest @babel/plugin-syntax-flow@^7.27.1
791 silly packumentCache full:https://registry.npmjs.org/@babel%2fplugin-syntax-flow cache-miss
792 http fetch GET 200 https://registry.npmjs.org/@babel%2fhelper-create-class-features-plugin 1124ms (cache miss)
793 silly packumentCache full:https://registry.npmjs.org/@babel%2fhelper-create-class-features-plugin set size:undefined disposed:false
794 silly fetch manifest @babel/helper-plugin-utils@^7.28.6
795 silly packumentCache full:https://registry.npmjs.org/@babel%2fhelper-plugin-utils cache-miss
796 http fetch GET 200 https://registry.npmjs.org/@babel%2fhelper-plugin-utils 8ms (cache hit)
797 silly packumentCache full:https://registry.npmjs.org/@babel%2fhelper-plugin-utils set size:163951 disposed:false
798 silly fetch manifest @babel/plugin-transform-parameters@^7.27.7
799 silly packumentCache full:https://registry.npmjs.org/@babel%2fplugin-transform-parameters cache-miss
800 http fetch GET 200 https://registry.npmjs.org/@babel%2fplugin-transform-parameters 10ms (cache hit)
801 silly packumentCache full:https://registry.npmjs.org/@babel%2fplugin-transform-parameters set size:269382 disposed:false
802 silly fetch manifest @babel/plugin-transform-destructuring@^7.28.5
803 silly packumentCache full:https://registry.npmjs.org/@babel%2fplugin-transform-destructuring cache-miss
804 http fetch GET 200 https://registry.npmjs.org/@babel%2fhelper-plugin-utils 1229ms (cache miss)
805 silly packumentCache full:https://registry.npmjs.org/@babel%2fhelper-plugin-utils set size:undefined disposed:false
806 silly packumentCache full:https://registry.npmjs.org/@babel%2fhelper-plugin-utils dispose
807 silly fetch manifest @babel/helper-annotate-as-pure@^7.27.3
808 silly packumentCache full:https://registry.npmjs.org/@babel%2fhelper-annotate-as-pure cache-miss
809 http fetch GET 200 https://registry.npmjs.org/@babel%2fhelper-plugin-utils 1232ms (cache miss)
810 silly packumentCache full:https://registry.npmjs.org/@babel%2fhelper-plugin-utils set size:undefined disposed:true
811 silly fetch manifest babel-plugin-polyfill-corejs2@^0.4.14
812 silly packumentCache full:https://registry.npmjs.org/babel-plugin-polyfill-corejs2 cache-miss
813 http fetch GET 200 https://registry.npmjs.org/@babel%2fhelper-plugin-utils 1246ms (cache miss)
814 silly packumentCache full:https://registry.npmjs.org/@babel%2fhelper-plugin-utils set size:undefined disposed:false
815 silly fetch manifest babel-plugin-polyfill-corejs3@^0.13.0
816 silly packumentCache full:https://registry.npmjs.org/babel-plugin-polyfill-corejs3 cache-miss
817 http fetch GET 200 https://registry.npmjs.org/@babel%2fplugin-syntax-flow 1054ms (cache miss)
818 silly packumentCache full:https://registry.npmjs.org/@babel%2fplugin-syntax-flow set size:undefined disposed:false
819 silly fetch manifest babel-plugin-polyfill-regenerator@^0.6.5
820 silly packumentCache full:https://registry.npmjs.org/babel-plugin-polyfill-regenerator cache-miss
821 http fetch GET 200 https://registry.npmjs.org/@babel%2fplugin-transform-destructuring 689ms (cache miss)
822 silly packumentCache full:https://registry.npmjs.org/@babel%2fplugin-transform-destructuring set size:undefined disposed:false
823 silly fetch manifest @babel/plugin-transform-react-jsx@^7.27.1
824 silly packumentCache full:https://registry.npmjs.org/@babel%2fplugin-transform-react-jsx cache-miss
825 http fetch GET 200 https://registry.npmjs.org/babel-plugin-polyfill-corejs3 657ms (cache miss)
826 silly packumentCache full:https://registry.npmjs.org/babel-plugin-polyfill-corejs3 set size:undefined disposed:false
827 silly fetch manifest @babel/plugin-transform-react-display-name@^7.28.0
828 silly packumentCache full:https://registry.npmjs.org/@babel%2fplugin-transform-react-display-name cache-miss
829 http fetch GET 200 https://registry.npmjs.org/@babel%2fplugin-syntax-decorators 2040ms (cache miss)
830 silly packumentCache full:https://registry.npmjs.org/@babel%2fplugin-syntax-decorators set size:undefined disposed:false
831 silly fetch manifest @babel/plugin-transform-react-jsx-development@^7.27.1
832 silly packumentCache full:https://registry.npmjs.org/@babel%2fplugin-transform-react-jsx-development cache-miss
833 http fetch GET 200 https://registry.npmjs.org/@babel%2fplugin-transform-react-jsx 287ms (cache miss)
834 silly packumentCache full:https://registry.npmjs.org/@babel%2fplugin-transform-react-jsx set size:undefined disposed:false
835 silly fetch manifest @babel/plugin-transform-react-pure-annotations@^7.27.1
836 silly packumentCache full:https://registry.npmjs.org/@babel%2fplugin-transform-react-pure-annotations cache-miss
837 http fetch GET 200 https://registry.npmjs.org/babel-plugin-polyfill-corejs2 922ms (cache miss)
838 silly packumentCache full:https://registry.npmjs.org/babel-plugin-polyfill-corejs2 set size:undefined disposed:false
839 silly fetch manifest @babel/plugin-syntax-jsx@^7.27.1
840 silly packumentCache full:https://registry.npmjs.org/@babel%2fplugin-syntax-jsx cache-miss
841 http fetch GET 200 https://registry.npmjs.org/@babel%2fhelper-create-class-features-plugin 2438ms (cache miss)
842 silly packumentCache full:https://registry.npmjs.org/@babel%2fhelper-create-class-features-plugin set size:undefined disposed:false
843 silly fetch manifest @babel/plugin-transform-typescript@^7.28.5
844 silly packumentCache full:https://registry.npmjs.org/@babel%2fplugin-transform-typescript cache-miss
845 http fetch GET 200 https://registry.npmjs.org/@babel%2fplugin-transform-react-jsx-development 698ms (cache miss)
846 silly packumentCache full:https://registry.npmjs.org/@babel%2fplugin-transform-react-jsx-development set size:undefined disposed:false
847 silly fetch manifest @babel/plugin-transform-for-of@^7.24.7
848 silly packumentCache full:https://registry.npmjs.org/@babel%2fplugin-transform-for-of cache-miss
849 http fetch GET 200 https://registry.npmjs.org/@babel%2fhelper-annotate-as-pure 1715ms (cache miss)
850 silly packumentCache full:https://registry.npmjs.org/@babel%2fhelper-annotate-as-pure set size:undefined disposed:false
851 silly fetch manifest @babel/plugin-transform-spread@^7.24.7
852 silly packumentCache full:https://registry.npmjs.org/@babel%2fplugin-transform-spread cache-miss
853 http fetch GET 200 https://registry.npmjs.org/@babel%2fplugin-transform-react-display-name 1048ms (cache miss)
854 silly packumentCache full:https://registry.npmjs.org/@babel%2fplugin-transform-react-display-name set size:undefined disposed:false
855 silly fetch manifest @babel/plugin-transform-classes@^7.25.4
856 silly packumentCache full:https://registry.npmjs.org/@babel%2fplugin-transform-classes cache-miss
857 http fetch GET 200 https://registry.npmjs.org/@babel%2fplugin-transform-classes 8ms (cache hit)
858 silly packumentCache full:https://registry.npmjs.org/@babel%2fplugin-transform-classes set size:326173 disposed:false
859 silly fetch manifest @babel/plugin-transform-literals@^7.25.2
860 silly packumentCache full:https://registry.npmjs.org/@babel%2fplugin-transform-literals cache-miss
861 http fetch GET 200 https://registry.npmjs.org/@babel%2fplugin-transform-react-pure-annotations 1056ms (cache miss)
862 silly packumentCache full:https://registry.npmjs.org/@babel%2fplugin-transform-react-pure-annotations set size:undefined disposed:false
863 silly fetch manifest @babel/plugin-transform-react-jsx@^7.25.2
864 silly packumentCache full:https://registry.npmjs.org/@babel%2fplugin-transform-react-jsx cache-miss
865 http fetch GET 200 https://registry.npmjs.org/@babel%2fplugin-transform-react-jsx 7ms (cache hit)
866 silly packumentCache full:https://registry.npmjs.org/@babel%2fplugin-transform-react-jsx set size:284411 disposed:false
867 silly fetch manifest @babel/plugin-transform-typescript@^7.25.2
868 silly packumentCache full:https://registry.npmjs.org/@babel%2fplugin-transform-typescript cache-miss
869 http fetch GET 200 https://registry.npmjs.org/@babel%2fplugin-syntax-jsx 1196ms (cache miss)
870 silly packumentCache full:https://registry.npmjs.org/@babel%2fplugin-syntax-jsx set size:undefined disposed:false
871 silly fetch manifest @react-native/babel-plugin-codegen@0.81.5
872 silly packumentCache full:https://registry.npmjs.org/@react-native%2fbabel-plugin-codegen cache-miss
873 http fetch GET 200 https://registry.npmjs.org/babel-plugin-polyfill-regenerator 1660ms (cache miss)
874 silly packumentCache full:https://registry.npmjs.org/babel-plugin-polyfill-regenerator set size:undefined disposed:false
875 silly fetch manifest @babel/plugin-syntax-dynamic-import@^7.8.3
876 silly packumentCache full:https://registry.npmjs.org/@babel%2fplugin-syntax-dynamic-import cache-miss
877 http fetch GET 200 https://registry.npmjs.org/@babel%2fplugin-transform-typescript 245ms (cache miss)
878 silly packumentCache full:https://registry.npmjs.org/@babel%2fplugin-transform-typescript set size:undefined disposed:false
879 silly fetch manifest @babel/plugin-transform-regenerator@^7.24.7
880 silly packumentCache full:https://registry.npmjs.org/@babel%2fplugin-transform-regenerator cache-miss
881 http fetch GET 200 https://registry.npmjs.org/@react-native%2fbabel-plugin-codegen 383ms (cache revalidated)
882 silly packumentCache full:https://registry.npmjs.org/@react-native%2fbabel-plugin-codegen set size:2077177 disposed:false
883 silly fetch manifest @babel/plugin-transform-sticky-regex@^7.24.7
884 silly packumentCache full:https://registry.npmjs.org/@babel%2fplugin-transform-sticky-regex cache-miss
885 http fetch GET 200 https://registry.npmjs.org/@babel%2fplugin-transform-regenerator 392ms (cache miss)
886 silly packumentCache full:https://registry.npmjs.org/@babel%2fplugin-transform-regenerator set size:undefined disposed:false
887 silly fetch manifest @babel/plugin-transform-block-scoping@^7.25.0
888 silly packumentCache full:https://registry.npmjs.org/@babel%2fplugin-transform-block-scoping cache-miss
889 http fetch GET 200 https://registry.npmjs.org/@babel%2fplugin-transform-for-of 1264ms (cache miss)
890 silly packumentCache full:https://registry.npmjs.org/@babel%2fplugin-transform-for-of set size:undefined disposed:false
891 silly fetch manifest @babel/plugin-transform-destructuring@^7.24.8
892 silly packumentCache full:https://registry.npmjs.org/@babel%2fplugin-transform-destructuring cache-miss
893 http fetch GET 200 https://registry.npmjs.org/@babel%2fplugin-transform-destructuring 6ms (cache hit)
894 silly packumentCache full:https://registry.npmjs.org/@babel%2fplugin-transform-destructuring set size:288677 disposed:false
895 silly fetch manifest @babel/plugin-transform-function-name@^7.25.1
896 silly packumentCache full:https://registry.npmjs.org/@babel%2fplugin-transform-function-name cache-miss
897 http fetch GET 200 https://registry.npmjs.org/@babel%2fplugin-syntax-dynamic-import 675ms (cache miss)
898 silly packumentCache full:https://registry.npmjs.org/@babel%2fplugin-syntax-dynamic-import set size:undefined disposed:false
899 silly fetch manifest @babel/plugin-transform-unicode-regex@^7.24.7
900 silly packumentCache full:https://registry.npmjs.org/@babel%2fplugin-transform-unicode-regex cache-miss
901 http fetch GET 200 https://registry.npmjs.org/@babel%2fplugin-transform-unicode-regex 8ms (cache hit)
902 silly packumentCache full:https://registry.npmjs.org/@babel%2fplugin-transform-unicode-regex set size:207625 disposed:false
903 silly fetch manifest @babel/plugin-syntax-optional-chaining@^7.8.3
904 silly packumentCache full:https://registry.npmjs.org/@babel%2fplugin-syntax-optional-chaining cache-miss
905 http fetch GET 200 https://registry.npmjs.org/@babel%2fplugin-transform-block-scoping 1055ms (cache miss)
906 silly packumentCache full:https://registry.npmjs.org/@babel%2fplugin-transform-block-scoping set size:undefined disposed:false
907 silly fetch manifest @babel/plugin-transform-react-jsx-self@^7.24.7
908 silly packumentCache full:https://registry.npmjs.org/@babel%2fplugin-transform-react-jsx-self cache-miss
909 http fetch GET 200 https://registry.npmjs.org/@babel%2fplugin-transform-typescript 2508ms (cache miss)
910 silly packumentCache full:https://registry.npmjs.org/@babel%2fplugin-transform-typescript set size:undefined disposed:false
911 silly fetch manifest @babel/plugin-transform-arrow-functions@^7.24.7
912 silly packumentCache full:https://registry.npmjs.org/@babel%2fplugin-transform-arrow-functions cache-miss
913 http fetch GET 200 https://registry.npmjs.org/@babel%2fplugin-transform-spread 2002ms (cache miss)
914 silly packumentCache full:https://registry.npmjs.org/@babel%2fplugin-transform-spread set size:undefined disposed:false
915 silly fetch manifest @babel/plugin-transform-class-properties@^7.25.4
916 silly packumentCache full:https://registry.npmjs.org/@babel%2fplugin-transform-class-properties cache-miss
917 http fetch GET 200 https://registry.npmjs.org/@babel%2fplugin-transform-literals 1986ms (cache miss)
918 silly packumentCache full:https://registry.npmjs.org/@babel%2fplugin-transform-literals set size:undefined disposed:false
919 silly fetch manifest @babel/plugin-transform-react-jsx-source@^7.24.7
920 silly packumentCache full:https://registry.npmjs.org/@babel%2fplugin-transform-react-jsx-source cache-miss
921 http fetch GET 200 https://registry.npmjs.org/@babel%2fplugin-transform-arrow-functions 15ms (cache hit)
922 silly packumentCache full:https://registry.npmjs.org/@babel%2fplugin-transform-arrow-functions set size:205700 disposed:false
923 silly fetch manifest @babel/plugin-transform-numeric-separator@^7.24.7
924 silly packumentCache full:https://registry.npmjs.org/@babel%2fplugin-transform-numeric-separator cache-miss
925 http fetch GET 200 https://registry.npmjs.org/@babel%2fplugin-transform-class-properties 15ms (cache hit)
926 silly packumentCache full:https://registry.npmjs.org/@babel%2fplugin-transform-class-properties set size:81346 disposed:false
927 silly fetch manifest @babel/plugin-transform-optional-chaining@^7.24.8
928 silly packumentCache full:https://registry.npmjs.org/@babel%2fplugin-transform-optional-chaining cache-miss
929 http fetch GET 200 https://registry.npmjs.org/@babel%2fplugin-transform-optional-chaining 7ms (cache hit)
930 silly packumentCache full:https://registry.npmjs.org/@babel%2fplugin-transform-optional-chaining set size:104559 disposed:false
931 silly fetch manifest @babel/plugin-transform-async-to-generator@^7.24.7
932 silly packumentCache full:https://registry.npmjs.org/@babel%2fplugin-transform-async-to-generator cache-miss
933 http fetch GET 200 https://registry.npmjs.org/@babel%2fplugin-transform-react-jsx-self 329ms (cache miss)
934 silly packumentCache full:https://registry.npmjs.org/@babel%2fplugin-transform-react-jsx-self set size:undefined disposed:false
935 silly fetch manifest @babel/plugin-transform-react-display-name@^7.24.7
936 silly packumentCache full:https://registry.npmjs.org/@babel%2fplugin-transform-react-display-name cache-miss
937 http fetch GET 200 https://registry.npmjs.org/@babel%2fplugin-transform-react-display-name 6ms (cache hit)
938 silly packumentCache full:https://registry.npmjs.org/@babel%2fplugin-transform-react-display-name set size:205760 disposed:false
939 silly fetch manifest @babel/plugin-transform-computed-properties@^7.24.7
940 silly packumentCache full:https://registry.npmjs.org/@babel%2fplugin-transform-computed-properties cache-miss
941 http fetch GET 200 https://registry.npmjs.org/@babel%2fplugin-transform-sticky-regex 1645ms (cache miss)
942 silly packumentCache full:https://registry.npmjs.org/@babel%2fplugin-transform-sticky-regex set size:undefined disposed:false
943 silly fetch manifest @babel/plugin-transform-shorthand-properties@^7.24.7
944 silly packumentCache full:https://registry.npmjs.org/@babel%2fplugin-transform-shorthand-properties cache-miss
945 http fetch GET 200 https://registry.npmjs.org/@babel%2fplugin-transform-shorthand-properties 8ms (cache hit)
946 silly packumentCache full:https://registry.npmjs.org/@babel%2fplugin-transform-shorthand-properties set size:193713 disposed:false
947 silly fetch manifest @babel/plugin-transform-optional-catch-binding@^7.24.7
948 silly packumentCache full:https://registry.npmjs.org/@babel%2fplugin-transform-optional-catch-binding cache-miss
949 http fetch GET 200 https://registry.npmjs.org/@babel%2fplugin-transform-numeric-separator 688ms (cache miss)
950 silly packumentCache full:https://registry.npmjs.org/@babel%2fplugin-transform-numeric-separator set size:undefined disposed:false
951 silly fetch manifest @babel/plugin-syntax-nullish-coalescing-operator@^7.8.3
952 silly packumentCache full:https://registry.npmjs.org/@babel%2fplugin-syntax-nullish-coalescing-operator cache-miss
953 http fetch GET 200 https://registry.npmjs.org/@babel%2fplugin-transform-optional-catch-binding 552ms (cache miss)
954 silly packumentCache full:https://registry.npmjs.org/@babel%2fplugin-transform-optional-catch-binding set size:undefined disposed:false
955 silly fetch manifest @babel/plugin-transform-async-generator-functions@^7.25.4
956 silly packumentCache full:https://registry.npmjs.org/@babel%2fplugin-transform-async-generator-functions cache-miss
957 http fetch GET 200 https://registry.npmjs.org/@babel%2fplugin-transform-async-to-generator 1055ms (cache miss)
958 silly packumentCache full:https://registry.npmjs.org/@babel%2fplugin-transform-async-to-generator set size:undefined disposed:false
959 silly fetch manifest @babel/plugin-transform-nullish-coalescing-operator@^7.24.7
960 silly packumentCache full:https://registry.npmjs.org/@babel%2fplugin-transform-nullish-coalescing-operator cache-miss
961 http fetch GET 200 https://registry.npmjs.org/@babel%2fplugin-transform-nullish-coalescing-operator 7ms (cache hit)
962 silly packumentCache full:https://registry.npmjs.org/@babel%2fplugin-transform-nullish-coalescing-operator set size:87324 disposed:false
963 silly fetch manifest @babel/plugin-transform-logical-assignment-operators@^7.24.7
964 silly packumentCache full:https://registry.npmjs.org/@babel%2fplugin-transform-logical-assignment-operators cache-miss
965 http fetch GET 200 https://registry.npmjs.org/@babel%2fplugin-transform-react-jsx-source 1113ms (cache miss)
966 silly packumentCache full:https://registry.npmjs.org/@babel%2fplugin-transform-react-jsx-source set size:undefined disposed:false
967 silly fetch manifest @babel/plugin-transform-named-capturing-groups-regex@^7.24.7
968 silly packumentCache full:https://registry.npmjs.org/@babel%2fplugin-transform-named-capturing-groups-regex cache-miss
969 http fetch GET 200 https://registry.npmjs.org/@babel%2fplugin-syntax-nullish-coalescing-operator 524ms (cache miss)
970 silly packumentCache full:https://registry.npmjs.org/@babel%2fplugin-syntax-nullish-coalescing-operator set size:undefined disposed:false
971 silly fetch manifest hermes-parser@0.29.1
972 silly packumentCache full:https://registry.npmjs.org/hermes-parser cache-miss
973 http fetch GET 200 https://registry.npmjs.org/hermes-parser 99ms (cache revalidated)
974 silly packumentCache full:https://registry.npmjs.org/hermes-parser set size:165055 disposed:false
975 silly fetch manifest @babel/plugin-syntax-flow@^7.12.1
976 silly packumentCache full:https://registry.npmjs.org/@babel%2fplugin-syntax-flow cache-miss
977 http fetch GET 200 https://registry.npmjs.org/@babel%2fplugin-syntax-optional-chaining 2237ms (cache miss)
978 silly packumentCache full:https://registry.npmjs.org/@babel%2fplugin-syntax-optional-chaining set size:undefined disposed:false
979 http fetch GET 200 https://registry.npmjs.org/@babel%2fplugin-syntax-flow 10ms (cache hit)
980 silly packumentCache full:https://registry.npmjs.org/@babel%2fplugin-syntax-flow set size:188912 disposed:false
981 http fetch GET 200 https://registry.npmjs.org/@babel%2fplugin-transform-async-generator-functions 1097ms (cache miss)
982 silly packumentCache full:https://registry.npmjs.org/@babel%2fplugin-transform-async-generator-functions set size:undefined disposed:false
983 http fetch GET 200 https://registry.npmjs.org/@babel%2fplugin-transform-function-name 3253ms (cache miss)
984 silly packumentCache full:https://registry.npmjs.org/@babel%2fplugin-transform-function-name set size:undefined disposed:false
985 http fetch GET 200 https://registry.npmjs.org/@babel%2fplugin-transform-named-capturing-groups-regex 1229ms (cache miss)
986 silly packumentCache full:https://registry.npmjs.org/@babel%2fplugin-transform-named-capturing-groups-regex set size:undefined disposed:false
987 http fetch GET 200 https://registry.npmjs.org/@babel%2fplugin-transform-computed-properties 2175ms (cache miss)
988 silly packumentCache full:https://registry.npmjs.org/@babel%2fplugin-transform-computed-properties set size:undefined disposed:false
989 http fetch GET 200 https://registry.npmjs.org/@babel%2fplugin-transform-logical-assignment-operators 1554ms (cache miss)
990 silly packumentCache full:https://registry.npmjs.org/@babel%2fplugin-transform-logical-assignment-operators set size:undefined disposed:false
991 silly placeDep ROOT @babel/helper-create-class-features-plugin@7.28.6 OK for: @babel/plugin-proposal-decorators@7.29.0 want: ^7.28.6
992 silly placeDep ROOT @babel/helper-plugin-utils@7.28.6 OK for: @babel/plugin-proposal-decorators@7.29.0 want: ^7.28.6
993 silly placeDep ROOT @babel/plugin-syntax-decorators@7.28.6 OK for: @babel/plugin-proposal-decorators@7.29.0 want: ^7.28.6
994 silly fetch manifest @babel/helper-replace-supers@^7.28.6
995 silly packumentCache full:https://registry.npmjs.org/@babel%2fhelper-replace-supers cache-miss
996 silly fetch manifest @babel/helper-optimise-call-expression@^7.27.1
997 silly packumentCache full:https://registry.npmjs.org/@babel%2fhelper-optimise-call-expression cache-miss
998 silly fetch manifest @babel/helper-member-expression-to-functions@^7.28.5
999 silly packumentCache full:https://registry.npmjs.org/@babel%2fhelper-member-expression-to-functions cache-miss
1000 silly fetch manifest @babel/helper-skip-transparent-expression-wrappers@^7.27.1
1001 silly packumentCache full:https://registry.npmjs.org/@babel%2fhelper-skip-transparent-expression-wrappers cache-miss
1002 http fetch GET 200 https://registry.npmjs.org/@babel%2fhelper-member-expression-to-functions 487ms (cache miss)
1003 silly packumentCache full:https://registry.npmjs.org/@babel%2fhelper-member-expression-to-functions set size:undefined disposed:false
1004 http fetch GET 200 https://registry.npmjs.org/@babel%2fhelper-skip-transparent-expression-wrappers 1522ms (cache miss)
1005 silly packumentCache full:https://registry.npmjs.org/@babel%2fhelper-skip-transparent-expression-wrappers set size:undefined disposed:false
1006 http fetch GET 200 https://registry.npmjs.org/@babel%2fhelper-optimise-call-expression 1528ms (cache miss)
1007 silly packumentCache full:https://registry.npmjs.org/@babel%2fhelper-optimise-call-expression set size:undefined disposed:false
1008 http fetch GET 200 https://registry.npmjs.org/@babel%2fhelper-replace-supers 2141ms (cache miss)
1009 silly packumentCache full:https://registry.npmjs.org/@babel%2fhelper-replace-supers set size:undefined disposed:false
1010 silly placeDep ROOT @babel/helper-annotate-as-pure@7.27.3 OK for: @babel/helper-create-class-features-plugin@7.28.6 want: ^7.27.3
1011 silly placeDep ROOT @babel/helper-member-expression-to-functions@7.28.5 OK for: @babel/helper-create-class-features-plugin@7.28.6 want: ^7.28.5
1012 silly placeDep ROOT @babel/helper-optimise-call-expression@7.27.1 OK for: @babel/helper-create-class-features-plugin@7.28.6 want: ^7.27.1
1013 silly placeDep ROOT @babel/helper-replace-supers@7.28.6 OK for: @babel/helper-create-class-features-plugin@7.28.6 want: ^7.28.6
1014 silly placeDep ROOT @babel/helper-skip-transparent-expression-wrappers@7.27.1 OK for: @babel/helper-create-class-features-plugin@7.28.6 want: ^7.27.1
1015 silly placeDep ROOT @babel/plugin-syntax-flow@7.28.6 OK for: @babel/plugin-transform-flow-strip-types@7.27.1 want: ^7.27.1
1016 silly placeDep ROOT @babel/plugin-transform-destructuring@7.28.5 OK for: @babel/plugin-transform-object-rest-spread@7.28.6 want: ^7.28.5
1017 silly placeDep ROOT babel-plugin-polyfill-corejs2@0.4.17 OK for: @babel/plugin-transform-runtime@7.29.0 want: ^0.4.14
1018 silly placeDep ROOT babel-plugin-polyfill-corejs3@0.13.0 OK for: @babel/plugin-transform-runtime@7.29.0 want: ^0.13.0
1019 silly placeDep ROOT babel-plugin-polyfill-regenerator@0.6.8 OK for: @babel/plugin-transform-runtime@7.29.0 want: ^0.6.5
1020 silly fetch manifest @babel/helper-define-polyfill-provider@^0.6.8
1021 silly packumentCache full:https://registry.npmjs.org/@babel%2fhelper-define-polyfill-provider cache-miss
1022 silly fetch manifest core-js-compat@^3.43.0
1023 silly packumentCache full:https://registry.npmjs.org/core-js-compat cache-miss
1024 silly fetch manifest @babel/helper-define-polyfill-provider@^0.6.5
1025 silly packumentCache full:https://registry.npmjs.org/@babel%2fhelper-define-polyfill-provider cache-miss
1026 silly fetch manifest @babel/helper-define-polyfill-provider@^0.6.8
1027 silly packumentCache full:https://registry.npmjs.org/@babel%2fhelper-define-polyfill-provider cache-miss
1028 http fetch GET 200 https://registry.npmjs.org/@babel%2fhelper-define-polyfill-provider 153ms (cache miss)
1029 silly packumentCache full:https://registry.npmjs.org/@babel%2fhelper-define-polyfill-provider set size:undefined disposed:false
1030 http fetch GET 200 https://registry.npmjs.org/@babel%2fhelper-define-polyfill-provider 370ms (cache miss)
1031 silly packumentCache full:https://registry.npmjs.org/@babel%2fhelper-define-polyfill-provider set size:undefined disposed:false
1032 http fetch GET 200 https://registry.npmjs.org/@babel%2fhelper-define-polyfill-provider 373ms (cache miss)
1033 silly packumentCache full:https://registry.npmjs.org/@babel%2fhelper-define-polyfill-provider set size:undefined disposed:false
1034 http fetch GET 200 https://registry.npmjs.org/core-js-compat 564ms (cache miss)
1035 silly packumentCache full:https://registry.npmjs.org/core-js-compat set size:undefined disposed:false
1036 silly placeDep ROOT @babel/plugin-transform-react-display-name@7.28.0 OK for: @babel/preset-react@7.28.5 want: ^7.28.0
1037 silly placeDep ROOT @babel/plugin-transform-react-jsx@7.28.6 OK for: @babel/preset-react@7.28.5 want: ^7.27.1
1038 silly placeDep ROOT @babel/plugin-transform-react-jsx-development@7.27.1 OK for: @babel/preset-react@7.28.5 want: ^7.27.1
1039 silly placeDep ROOT @babel/plugin-transform-react-pure-annotations@7.27.1 OK for: @babel/preset-react@7.28.5 want: ^7.27.1
1040 silly fetch manifest @babel/plugin-syntax-jsx@^7.28.6
1041 silly packumentCache full:https://registry.npmjs.org/@babel%2fplugin-syntax-jsx cache-miss
1042 http fetch GET 200 https://registry.npmjs.org/@babel%2fplugin-syntax-jsx 6ms (cache hit)
1043 silly packumentCache full:https://registry.npmjs.org/@babel%2fplugin-syntax-jsx set size:182973 disposed:false
1044 silly placeDep ROOT @babel/plugin-syntax-jsx@7.28.6 OK for: @babel/plugin-transform-react-jsx@7.28.6 want: ^7.28.6
1045 silly placeDep ROOT @babel/plugin-transform-typescript@7.28.6 OK for: @babel/preset-typescript@7.28.5 want: ^7.28.5
1046 silly fetch manifest @babel/plugin-syntax-typescript@^7.28.6
1047 silly packumentCache full:https://registry.npmjs.org/@babel%2fplugin-syntax-typescript cache-miss
1048 http fetch GET 200 https://registry.npmjs.org/@babel%2fplugin-syntax-typescript 1224ms (cache miss)
1049 silly packumentCache full:https://registry.npmjs.org/@babel%2fplugin-syntax-typescript set size:undefined disposed:false
1050 silly placeDep ROOT @babel/plugin-syntax-typescript@7.28.6 OK for: @babel/plugin-transform-typescript@7.28.6 want: ^7.28.6
1051 silly placeDep ROOT @babel/plugin-syntax-dynamic-import@7.8.3 OK for: @react-native/babel-preset@0.81.5 want: ^7.8.3
1052 silly placeDep ROOT @babel/plugin-syntax-nullish-coalescing-operator@7.8.3 OK for: @react-native/babel-preset@0.81.5 want: ^7.8.3
1053 silly placeDep ROOT @babel/plugin-syntax-optional-chaining@7.8.3 OK for: @react-native/babel-preset@0.81.5 want: ^7.8.3
1054 silly placeDep ROOT @babel/plugin-transform-arrow-functions@7.27.1 OK for: @react-native/babel-preset@0.81.5 want: ^7.24.7
1055 silly placeDep ROOT @babel/plugin-transform-async-generator-functions@7.29.0 OK for: @react-native/babel-preset@0.81.5 want: ^7.25.4
1056 silly placeDep ROOT @babel/plugin-transform-async-to-generator@7.28.6 OK for: @react-native/babel-preset@0.81.5 want: ^7.24.7
1057 silly placeDep ROOT @babel/plugin-transform-block-scoping@7.28.6 OK for: @react-native/babel-preset@0.81.5 want: ^7.25.0
1058 silly placeDep ROOT @babel/plugin-transform-class-properties@7.28.6 OK for: @react-native/babel-preset@0.81.5 want: ^7.25.4
1059 silly placeDep ROOT @babel/plugin-transform-classes@7.28.6 OK for: @react-native/babel-preset@0.81.5 want: ^7.25.4
1060 silly placeDep ROOT @babel/plugin-transform-computed-properties@7.28.6 OK for: @react-native/babel-preset@0.81.5 want: ^7.24.7
1061 silly placeDep ROOT @babel/plugin-transform-for-of@7.27.1 OK for: @react-native/babel-preset@0.81.5 want: ^7.24.7
1062 silly placeDep ROOT @babel/plugin-transform-function-name@7.27.1 OK for: @react-native/babel-preset@0.81.5 want: ^7.25.1
1063 silly placeDep ROOT @babel/plugin-transform-literals@7.27.1 OK for: @react-native/babel-preset@0.81.5 want: ^7.25.2
1064 silly placeDep ROOT @babel/plugin-transform-logical-assignment-operators@7.28.6 OK for: @react-native/babel-preset@0.81.5 want: ^7.24.7
1065 silly placeDep ROOT @babel/plugin-transform-named-capturing-groups-regex@7.29.0 OK for: @react-native/babel-preset@0.81.5 want: ^7.24.7
1066 silly placeDep ROOT @babel/plugin-transform-nullish-coalescing-operator@7.28.6 OK for: @react-native/babel-preset@0.81.5 want: ^7.24.7
1067 silly placeDep ROOT @babel/plugin-transform-numeric-separator@7.28.6 OK for: @react-native/babel-preset@0.81.5 want: ^7.24.7
1068 silly placeDep ROOT @babel/plugin-transform-optional-catch-binding@7.28.6 OK for: @react-native/babel-preset@0.81.5 want: ^7.24.7
1069 silly placeDep ROOT @babel/plugin-transform-optional-chaining@7.28.6 OK for: @react-native/babel-preset@0.81.5 want: ^7.24.8
1070 silly placeDep ROOT @babel/plugin-transform-react-jsx-self@7.27.1 OK for: @react-native/babel-preset@0.81.5 want: ^7.24.7
1071 silly placeDep ROOT @babel/plugin-transform-react-jsx-source@7.27.1 OK for: @react-native/babel-preset@0.81.5 want: ^7.24.7
1072 silly placeDep ROOT @babel/plugin-transform-regenerator@7.29.0 OK for: @react-native/babel-preset@0.81.5 want: ^7.24.7
1073 silly placeDep ROOT @babel/plugin-transform-shorthand-properties@7.27.1 OK for: @react-native/babel-preset@0.81.5 want: ^7.24.7
1074 silly placeDep ROOT @babel/plugin-transform-spread@7.28.6 OK for: @react-native/babel-preset@0.81.5 want: ^7.24.7
1075 silly placeDep ROOT @babel/plugin-transform-sticky-regex@7.27.1 OK for: @react-native/babel-preset@0.81.5 want: ^7.24.7
1076 silly placeDep ROOT @babel/plugin-transform-unicode-regex@7.27.1 OK for: @react-native/babel-preset@0.81.5 want: ^7.24.7
1077 silly placeDep ROOT @react-native/babel-plugin-codegen@0.81.5 OK for: @react-native/babel-preset@0.81.5 want: 0.81.5
1078 silly placeDep ROOT react-refresh@0.14.2 OK for: @react-native/babel-preset@0.81.5 want: ^0.14.0
1079 silly fetch manifest @babel/helper-remap-async-to-generator@^7.27.1
1080 silly packumentCache full:https://registry.npmjs.org/@babel%2fhelper-remap-async-to-generator cache-miss
1081 silly fetch manifest @babel/helper-remap-async-to-generator@^7.27.1
1082 silly packumentCache full:https://registry.npmjs.org/@babel%2fhelper-remap-async-to-generator cache-miss
1083 silly fetch manifest @babel/helper-create-regexp-features-plugin@^7.28.5
1084 silly packumentCache full:https://registry.npmjs.org/@babel%2fhelper-create-regexp-features-plugin cache-miss
1085 silly fetch manifest @babel/helper-create-regexp-features-plugin@^7.27.1
1086 silly packumentCache full:https://registry.npmjs.org/@babel%2fhelper-create-regexp-features-plugin cache-miss
1087 silly fetch manifest @react-native/codegen@0.81.5
1088 silly packumentCache full:https://registry.npmjs.org/@react-native%2fcodegen cache-miss
1089 http fetch GET 200 https://registry.npmjs.org/@react-native%2fcodegen 22ms (cache hit)
1090 silly packumentCache full:https://registry.npmjs.org/@react-native%2fcodegen set size:2734867 disposed:false
1091 http fetch GET 200 https://registry.npmjs.org/@babel%2fhelper-create-regexp-features-plugin 812ms (cache miss)
1092 silly packumentCache full:https://registry.npmjs.org/@babel%2fhelper-create-regexp-features-plugin set size:undefined disposed:false
1093 http fetch GET 200 https://registry.npmjs.org/@babel%2fhelper-create-regexp-features-plugin 1159ms (cache miss)
1094 silly packumentCache full:https://registry.npmjs.org/@babel%2fhelper-create-regexp-features-plugin set size:undefined disposed:false
1095 http fetch GET 200 https://registry.npmjs.org/@babel%2fhelper-remap-async-to-generator 1169ms (cache miss)
1096 silly packumentCache full:https://registry.npmjs.org/@babel%2fhelper-remap-async-to-generator set size:undefined disposed:false
1097 http fetch GET 200 https://registry.npmjs.org/@babel%2fhelper-remap-async-to-generator 1926ms (cache miss)
1098 silly packumentCache full:https://registry.npmjs.org/@babel%2fhelper-remap-async-to-generator set size:undefined disposed:false
1099 silly placeDep ROOT @babel/helper-remap-async-to-generator@7.27.1 OK for: @babel/plugin-transform-async-generator-functions@7.29.0 want: ^7.27.1
1100 silly fetch manifest @babel/helper-wrap-function@^7.27.1
1101 silly packumentCache full:https://registry.npmjs.org/@babel%2fhelper-wrap-function cache-miss
1102 http fetch GET 200 https://registry.npmjs.org/@babel%2fhelper-wrap-function 585ms (cache miss)
1103 silly packumentCache full:https://registry.npmjs.org/@babel%2fhelper-wrap-function set size:undefined disposed:false
1104 silly placeDep ROOT @babel/helper-wrap-function@7.28.6 OK for: @babel/helper-remap-async-to-generator@7.27.1 want: ^7.27.1
1105 silly placeDep ROOT @babel/helper-create-regexp-features-plugin@7.28.5 OK for: @babel/plugin-transform-named-capturing-groups-regex@7.29.0 want: ^7.28.5
1106 silly fetch manifest regexpu-core@^6.3.1
1107 silly packumentCache full:https://registry.npmjs.org/regexpu-core cache-miss
1108 http fetch GET 200 https://registry.npmjs.org/regexpu-core 466ms (cache miss)
1109 silly packumentCache full:https://registry.npmjs.org/regexpu-core set size:undefined disposed:false
1110 silly placeDep ROOT regexpu-core@6.4.0 OK for: @babel/helper-create-regexp-features-plugin@7.28.5 want: ^6.3.1
1111 silly fetch manifest regenerate@^1.4.2
1112 silly packumentCache full:https://registry.npmjs.org/regenerate cache-miss
1113 silly fetch manifest regenerate-unicode-properties@^10.2.2
1114 silly packumentCache full:https://registry.npmjs.org/regenerate-unicode-properties cache-miss
1115 silly fetch manifest regjsgen@^0.8.0
1116 silly packumentCache full:https://registry.npmjs.org/regjsgen cache-miss
1117 silly fetch manifest regjsparser@^0.13.0
1118 silly packumentCache full:https://registry.npmjs.org/regjsparser cache-miss
1119 silly fetch manifest unicode-match-property-ecmascript@^2.0.0
1120 silly packumentCache full:https://registry.npmjs.org/unicode-match-property-ecmascript cache-miss
1121 silly fetch manifest unicode-match-property-value-ecmascript@^2.2.1
1122 silly packumentCache full:https://registry.npmjs.org/unicode-match-property-value-ecmascript cache-miss
1123 http fetch GET 200 https://registry.npmjs.org/regjsgen 199ms (cache miss)
1124 silly packumentCache full:https://registry.npmjs.org/regjsgen set size:undefined disposed:false
1125 http fetch GET 200 https://registry.npmjs.org/regenerate 391ms (cache miss)
1126 silly packumentCache full:https://registry.npmjs.org/regenerate set size:undefined disposed:false
1127 http fetch GET 200 https://registry.npmjs.org/regjsparser 421ms (cache miss)
1128 silly packumentCache full:https://registry.npmjs.org/regjsparser set size:undefined disposed:false
1129 http fetch GET 200 https://registry.npmjs.org/unicode-match-property-ecmascript 1098ms (cache miss)
1130 silly packumentCache full:https://registry.npmjs.org/unicode-match-property-ecmascript set size:undefined disposed:false
1131 http fetch GET 200 https://registry.npmjs.org/regenerate-unicode-properties 1155ms (cache miss)
1132 silly packumentCache full:https://registry.npmjs.org/regenerate-unicode-properties set size:undefined disposed:false
1133 http fetch GET 200 https://registry.npmjs.org/unicode-match-property-value-ecmascript 1158ms (cache miss)
1134 silly packumentCache full:https://registry.npmjs.org/unicode-match-property-value-ecmascript set size:undefined disposed:false
1135 silly placeDep ROOT @react-native/codegen@0.81.5 OK for: @react-native/babel-plugin-codegen@0.81.5 want: 0.81.5
1136 silly placeDep ROOT glob@7.2.3 OK for: @react-native/codegen@0.81.5 want: ^7.1.1
1137 silly placeDep ROOT hermes-parser@0.29.1 OK for: @react-native/codegen@0.81.5 want: 0.29.1
1138 silly placeDep ROOT invariant@2.2.4 OK for: @react-native/codegen@0.81.5 want: ^2.2.4
1139 silly placeDep ROOT nullthrows@1.1.1 OK for: @react-native/codegen@0.81.5 want: ^1.1.1
1140 silly placeDep ROOT yargs@17.7.2 OK for: @react-native/codegen@0.81.5 want: ^17.6.2
1141 silly fetch manifest once@^1.3.0
1142 silly packumentCache full:https://registry.npmjs.org/once cache-miss
1143 silly fetch manifest inflight@^1.0.4
1144 silly packumentCache full:https://registry.npmjs.org/inflight cache-miss
1145 silly fetch manifest inherits@2
1146 silly packumentCache full:https://registry.npmjs.org/inherits cache-miss
1147 silly fetch manifest minimatch@^3.1.1
1148 silly packumentCache full:https://registry.npmjs.org/minimatch cache-miss
1149 silly fetch manifest fs.realpath@^1.0.0
1150 silly packumentCache full:https://registry.npmjs.org/fs.realpath cache-miss
1151 silly fetch manifest path-is-absolute@^1.0.0
1152 silly packumentCache full:https://registry.npmjs.org/path-is-absolute cache-miss
1153 silly fetch manifest hermes-estree@0.29.1
1154 silly packumentCache full:https://registry.npmjs.org/hermes-estree cache-miss
1155 http fetch GET 200 https://registry.npmjs.org/hermes-estree 124ms (cache revalidated)
1156 silly packumentCache full:https://registry.npmjs.org/hermes-estree set size:125711 disposed:false
1157 silly fetch manifest loose-envify@^1.0.0
1158 silly packumentCache full:https://registry.npmjs.org/loose-envify cache-miss
1159 http fetch GET 200 https://registry.npmjs.org/fs.realpath 130ms (cache miss)
1160 silly packumentCache full:https://registry.npmjs.org/fs.realpath set size:undefined disposed:false
1161 silly fetch manifest y18n@^5.0.5
1162 silly packumentCache full:https://registry.npmjs.org/y18n cache-miss
1163 http fetch GET 200 https://registry.npmjs.org/once 165ms (cache miss)
1164 silly packumentCache full:https://registry.npmjs.org/once set size:undefined disposed:false
1165 silly fetch manifest cliui@^8.0.1
1166 silly packumentCache full:https://registry.npmjs.org/cliui cache-miss
1167 http fetch GET 200 https://registry.npmjs.org/minimatch 165ms (cache revalidated)
1168 silly packumentCache full:https://registry.npmjs.org/minimatch set size:375282 disposed:false
1169 silly fetch manifest escalade@^3.1.1
1170 silly packumentCache full:https://registry.npmjs.org/escalade cache-miss
1171 http fetch GET 200 https://registry.npmjs.org/inflight 189ms (cache miss)
1172 silly packumentCache full:https://registry.npmjs.org/inflight set size:undefined disposed:false
1173 silly fetch manifest string-width@^4.2.3
1174 silly packumentCache full:https://registry.npmjs.org/string-width cache-miss
1175 http fetch GET 200 https://registry.npmjs.org/path-is-absolute 196ms (cache miss)
1176 silly packumentCache full:https://registry.npmjs.org/path-is-absolute set size:undefined disposed:false
1177 silly fetch manifest yargs-parser@^21.1.1
1178 silly packumentCache full:https://registry.npmjs.org/yargs-parser cache-miss
1179 http fetch GET 200 https://registry.npmjs.org/inherits 207ms (cache miss)
1180 silly packumentCache full:https://registry.npmjs.org/inherits set size:undefined disposed:false
1181 silly fetch manifest get-caller-file@^2.0.5
1182 silly packumentCache full:https://registry.npmjs.org/get-caller-file cache-miss
1183 http fetch GET 200 https://registry.npmjs.org/loose-envify 144ms (cache miss)
1184 silly packumentCache full:https://registry.npmjs.org/loose-envify set size:undefined disposed:false
1185 silly fetch manifest require-directory@^2.1.1
1186 silly packumentCache full:https://registry.npmjs.org/require-directory cache-miss
1187 http fetch GET 200 https://registry.npmjs.org/cliui 131ms (cache miss)
1188 silly packumentCache full:https://registry.npmjs.org/cliui set size:undefined disposed:false
1189 http fetch GET 200 https://registry.npmjs.org/string-width 192ms (cache miss)
1190 silly packumentCache full:https://registry.npmjs.org/string-width set size:undefined disposed:false
1191 http fetch GET 200 https://registry.npmjs.org/escalade 228ms (cache miss)
1192 silly packumentCache full:https://registry.npmjs.org/escalade set size:undefined disposed:false
1193 http fetch GET 200 https://registry.npmjs.org/y18n 281ms (cache miss)
1194 silly packumentCache full:https://registry.npmjs.org/y18n set size:undefined disposed:false
1195 http fetch GET 200 https://registry.npmjs.org/get-caller-file 211ms (cache miss)
1196 silly packumentCache full:https://registry.npmjs.org/get-caller-file set size:undefined disposed:false
1197 http fetch GET 200 https://registry.npmjs.org/require-directory 179ms (cache miss)
1198 silly packumentCache full:https://registry.npmjs.org/require-directory set size:undefined disposed:false
1199 http fetch GET 200 https://registry.npmjs.org/yargs-parser 502ms (cache miss)
1200 silly packumentCache full:https://registry.npmjs.org/yargs-parser set size:undefined disposed:false
1201 silly placeDep ROOT @babel/helper-define-polyfill-provider@0.6.8 OK for: babel-plugin-polyfill-corejs2@0.4.17 want: ^0.6.8
1202 silly fetch manifest lodash.debounce@^4.0.8
1203 silly packumentCache full:https://registry.npmjs.org/lodash.debounce cache-miss
1204 silly fetch manifest resolve@^1.22.11
1205 silly packumentCache full:https://registry.npmjs.org/resolve cache-miss
1206 http fetch GET 200 https://registry.npmjs.org/resolve 135ms (cache revalidated)
1207 silly packumentCache full:https://registry.npmjs.org/resolve set size:238156 disposed:false
1208 http fetch GET 200 https://registry.npmjs.org/lodash.debounce 470ms (cache miss)
1209 silly packumentCache full:https://registry.npmjs.org/lodash.debounce set size:undefined disposed:false
1210 silly placeDep ROOT lodash.debounce@4.0.8 OK for: @babel/helper-define-polyfill-provider@0.6.8 want: ^4.0.8
1211 silly placeDep ROOT resolve@1.22.11 OK for: @babel/helper-define-polyfill-provider@0.6.8 want: ^1.22.11
1212 silly fetch manifest path-parse@^1.0.7
1213 silly packumentCache full:https://registry.npmjs.org/path-parse cache-miss
1214 silly fetch manifest is-core-module@^2.16.1
1215 silly packumentCache full:https://registry.npmjs.org/is-core-module cache-miss
1216 silly fetch manifest supports-preserve-symlinks-flag@^1.0.0
1217 silly packumentCache full:https://registry.npmjs.org/supports-preserve-symlinks-flag cache-miss
1218 http fetch GET 200 https://registry.npmjs.org/path-parse 129ms (cache miss)
1219 silly packumentCache full:https://registry.npmjs.org/path-parse set size:undefined disposed:false
1220 http fetch GET 200 https://registry.npmjs.org/supports-preserve-symlinks-flag 132ms (cache miss)
1221 silly packumentCache full:https://registry.npmjs.org/supports-preserve-symlinks-flag set size:undefined disposed:false
1222 http fetch GET 200 https://registry.npmjs.org/is-core-module 551ms (cache miss)
1223 silly packumentCache full:https://registry.npmjs.org/is-core-module set size:undefined disposed:false
1224 silly placeDep ROOT core-js-compat@3.49.0 OK for: babel-plugin-polyfill-corejs3@0.13.0 want: ^3.43.0
1225 silly placeDep ROOT baseline-browser-mapping@2.10.17 OK for: browserslist@4.28.2 want: ^2.10.12
1226 silly placeDep ROOT caniuse-lite@1.0.30001787 OK for: browserslist@4.28.2 want: ^1.0.30001782
1227 silly placeDep ROOT electron-to-chromium@1.5.334 OK for: browserslist@4.28.2 want: ^1.5.328
1228 silly placeDep ROOT node-releases@2.0.37 OK for: browserslist@4.28.2 want: ^2.0.36
1229 silly placeDep ROOT update-browserslist-db@1.2.3 OK for: browserslist@4.28.2 want: ^1.2.3
1230 silly fetch manifest escalade@^3.2.0
1231 silly packumentCache full:https://registry.npmjs.org/escalade cache-miss
1232 http fetch GET 200 https://registry.npmjs.org/escalade 9ms (cache hit)
1233 silly packumentCache full:https://registry.npmjs.org/escalade set size:33724 disposed:false
1234 silly placeDep ROOT color-convert@2.0.1 OK for: color@4.2.3 want: ^2.0.1
1235 silly placeDep ROOT color-string@1.9.1 OK for: color@4.2.3 want: ^1.9.0
1236 silly fetch manifest color-name@~1.1.4
1237 silly packumentCache full:https://registry.npmjs.org/color-name cache-miss
1238 silly fetch manifest color-name@^1.0.0
1239 silly packumentCache full:https://registry.npmjs.org/color-name cache-miss
1240 silly fetch manifest simple-swizzle@^0.2.2
1241 silly packumentCache full:https://registry.npmjs.org/simple-swizzle cache-miss
1242 http fetch GET 200 https://registry.npmjs.org/color-name 179ms (cache revalidated)
1243 silly packumentCache full:https://registry.npmjs.org/color-name set size:19467 disposed:false
1244 http fetch GET 200 https://registry.npmjs.org/color-name 180ms (cache revalidated)
1245 silly packumentCache full:https://registry.npmjs.org/color-name set size:19467 disposed:false
1246 silly packumentCache full:https://registry.npmjs.org/color-name dispose
1247 http fetch GET 200 https://registry.npmjs.org/simple-swizzle 182ms (cache miss)
1248 silly packumentCache full:https://registry.npmjs.org/simple-swizzle set size:undefined disposed:false
1249 silly placeDep ROOT color-name@1.1.4 OK for: color-convert@2.0.1 want: ~1.1.4
1250 silly placeDep ROOT simple-swizzle@0.2.4 OK for: color-string@1.9.1 want: ^0.2.2
1251 silly fetch manifest is-arrayish@^0.3.1
1252 silly packumentCache full:https://registry.npmjs.org/is-arrayish cache-miss
1253 http fetch GET 200 https://registry.npmjs.org/is-arrayish 123ms (cache miss)
1254 silly packumentCache full:https://registry.npmjs.org/is-arrayish set size:undefined disposed:false
1255 silly placeDep ROOT ms@2.1.3 OK for: debug@4.4.3 want: ^2.1.3
1256 silly placeDep ROOT @babel/runtime@7.29.2 OK for: expo@54.0.33 want: ^7.20.0
1257 silly placeDep ROOT @expo/cli@54.0.23 OK for: expo@54.0.33 want: 54.0.23
1258 silly placeDep ROOT @expo/config@12.0.13 OK for: expo@54.0.33 want: ~12.0.13
1259 silly placeDep ROOT @expo/config-plugins@54.0.4 OK for: expo@54.0.33 want: ~54.0.4
1260 silly placeDep ROOT @expo/devtools@0.1.8 OK for: expo@54.0.33 want: 0.1.8
1261 silly placeDep ROOT @expo/fingerprint@0.15.4 OK for: expo@54.0.33 want: 0.15.4
1262 silly placeDep ROOT @expo/metro@54.2.0 OK for: expo@54.0.33 want: ~54.2.0
1263 silly placeDep ROOT @expo/metro-config@54.0.14 OK for: expo@54.0.33 want: 54.0.14
1264 silly placeDep ROOT @ungap/structured-clone@1.3.0 OK for: expo@54.0.33 want: ^1.3.0
1265 silly placeDep ROOT expo-asset@12.0.12 OK for: expo@54.0.33 want: ~12.0.12
1266 silly placeDep ROOT expo-file-system@19.0.21 OK for: expo@54.0.33 want: ~19.0.21
1267 silly placeDep ROOT expo-font@14.0.11 OK for: expo@54.0.33 want: ~14.0.11
1268 silly placeDep ROOT expo-keep-awake@15.0.8 OK for: expo@54.0.33 want: ~15.0.8
1269 silly placeDep ROOT expo-modules-autolinking@3.0.24 OK for: expo@54.0.33 want: 3.0.24
1270 silly placeDep ROOT expo-modules-core@3.0.29 OK for: expo@54.0.33 want: 3.0.29
1271 silly placeDep ROOT pretty-format@29.7.0 OK for: expo@54.0.33 want: ^29.7.0
1272 silly placeDep ROOT whatwg-url-without-unicode@8.0.0-3 OK for: expo@54.0.33 want: 8.0.0-3
1273 silly fetch manifest ws@^8.12.1
1274 silly packumentCache full:https://registry.npmjs.org/ws cache-hit
1275 silly fetch manifest arg@^5.0.2
1276 silly packumentCache full:https://registry.npmjs.org/arg cache-miss
1277 silly fetch manifest ora@^3.4.0
1278 silly packumentCache full:https://registry.npmjs.org/ora cache-miss
1279 silly fetch manifest tar@^7.5.2
1280 silly packumentCache full:https://registry.npmjs.org/tar cache-miss
1281 silly fetch manifest glob@^13.0.0
1282 silly packumentCache full:https://registry.npmjs.org/glob cache-hit
1283 silly fetch manifest send@^0.19.0
1284 silly packumentCache full:https://registry.npmjs.org/send cache-miss
1285 silly fetch manifest chalk@^4.0.0
1286 silly packumentCache full:https://registry.npmjs.org/chalk cache-miss
1287 silly fetch manifest getenv@^2.0.0
1288 silly packumentCache full:https://registry.npmjs.org/getenv cache-miss
1289 silly fetch manifest semver@^7.6.0
1290 silly packumentCache full:https://registry.npmjs.org/semver cache-hit
1291 silly fetch manifest undici@^6.18.2
1292 silly packumentCache full:https://registry.npmjs.org/undici cache-miss
1293 http fetch GET 200 https://registry.npmjs.org/chalk 121ms (cache revalidated)
1294 silly packumentCache full:https://registry.npmjs.org/chalk set size:117861 disposed:false
1295 silly fetch manifest accepts@^1.3.8
1296 silly packumentCache full:https://registry.npmjs.org/accepts cache-miss
1297 http fetch GET 200 https://registry.npmjs.org/getenv 211ms (cache revalidated)
1298 silly packumentCache full:https://registry.npmjs.org/getenv set size:20110 disposed:false
1299 silly fetch manifest ci-info@^3.3.0
1300 silly packumentCache full:https://registry.npmjs.org/ci-info cache-miss
1301 http fetch GET 200 https://registry.npmjs.org/ora 224ms (cache revalidated)
1302 silly packumentCache full:https://registry.npmjs.org/ora set size:142374 disposed:false
1303 silly fetch manifest connect@^3.7.0
1304 silly packumentCache full:https://registry.npmjs.org/connect cache-miss
1305 http fetch GET 200 https://registry.npmjs.org/arg 230ms (cache revalidated)
1306 silly packumentCache full:https://registry.npmjs.org/arg set size:67036 disposed:false
1307 silly fetch manifest prompts@^2.3.2
1308 silly packumentCache full:https://registry.npmjs.org/prompts cache-miss
1309 http fetch GET 200 https://registry.npmjs.org/send 226ms (cache revalidated)
1310 silly packumentCache full:https://registry.npmjs.org/send set size:152810 disposed:false
1311 silly fetch manifest slugify@^1.3.4
1312 silly packumentCache full:https://registry.npmjs.org/slugify cache-miss
1313 http fetch GET 200 https://registry.npmjs.org/undici 225ms (cache revalidated)
1314 silly packumentCache full:https://registry.npmjs.org/undici set size:1366125 disposed:false
1315 silly fetch manifest progress@^2.0.3
1316 silly packumentCache full:https://registry.npmjs.org/progress cache-miss
1317 http fetch GET 200 https://registry.npmjs.org/accepts 198ms (cache revalidated)
1318 silly packumentCache full:https://registry.npmjs.org/accepts set size:77054 disposed:false
1319 silly fetch manifest requireg@^0.2.2
1320 silly packumentCache full:https://registry.npmjs.org/requireg cache-miss
1321 http fetch GET 200 https://registry.npmjs.org/ci-info 132ms (cache revalidated)
1322 silly packumentCache full:https://registry.npmjs.org/ci-info set size:91363 disposed:false
1323 silly fetch manifest minimatch@^9.0.0
1324 silly packumentCache full:https://registry.npmjs.org/minimatch cache-hit
1325 silly fetch manifest picomatch@^3.0.1
1326 silly packumentCache full:https://registry.npmjs.org/picomatch cache-miss
1327 http fetch GET 200 https://registry.npmjs.org/connect 163ms (cache revalidated)
1328 silly packumentCache full:https://registry.npmjs.org/connect set size:438385 disposed:false
1329 silly fetch manifest wrap-ansi@^7.0.0
1330 silly packumentCache full:https://registry.npmjs.org/wrap-ansi cache-miss
1331 http fetch GET 200 https://registry.npmjs.org/prompts 174ms (cache revalidated)
1332 silly packumentCache full:https://registry.npmjs.org/prompts set size:115896 disposed:false
1333 silly fetch manifest @urql/core@^5.0.6
1334 silly packumentCache full:https://registry.npmjs.org/@urql%2fcore cache-miss
1335 http fetch GET 200 https://registry.npmjs.org/progress 150ms (cache revalidated)
1336 silly packumentCache full:https://registry.npmjs.org/progress set size:34179 disposed:false
1337 silly fetch manifest better-opn@~3.0.2
1338 silly packumentCache full:https://registry.npmjs.org/better-opn cache-miss
1339 http fetch GET 200 https://registry.npmjs.org/picomatch 99ms (cache revalidated)
1340 silly packumentCache full:https://registry.npmjs.org/picomatch set size:126376 disposed:false
1341 silly fetch manifest env-editor@^0.4.1
1342 silly packumentCache full:https://registry.npmjs.org/env-editor cache-miss
1343 http fetch GET 200 https://registry.npmjs.org/wrap-ansi 101ms (cache miss)
1344 silly packumentCache full:https://registry.npmjs.org/wrap-ansi set size:undefined disposed:false
1345 silly fetch manifest node-forge@^1.3.3
1346 silly packumentCache full:https://registry.npmjs.org/node-forge cache-miss
1347 http fetch GET 200 https://registry.npmjs.org/node-forge 90ms (cache revalidated)
1348 silly packumentCache full:https://registry.npmjs.org/node-forge set size:394631 disposed:false
1349 silly fetch manifest @expo/plist@^0.4.8
1350 silly packumentCache full:https://registry.npmjs.org/@expo%2fplist cache-miss
1351 http fetch GET 200 https://registry.npmjs.org/slugify 447ms (cache revalidated)
1352 silly packumentCache full:https://registry.npmjs.org/slugify set size:103522 disposed:false
1353 silly fetch manifest compression@^1.7.4
1354 silly packumentCache full:https://registry.npmjs.org/compression cache-miss
1355 http fetch GET 200 https://registry.npmjs.org/compression 95ms (cache revalidated)
1356 silly packumentCache full:https://registry.npmjs.org/compression set size:98448 disposed:false
1357 silly fetch manifest expo-server@^1.0.5
1358 silly packumentCache full:https://registry.npmjs.org/expo-server cache-miss
1359 http fetch GET 200 https://registry.npmjs.org/better-opn 447ms (cache revalidated)
1360 silly packumentCache full:https://registry.npmjs.org/better-opn set size:48876 disposed:false
1361 silly fetch manifest lan-network@^0.1.6
1362 silly packumentCache full:https://registry.npmjs.org/lan-network cache-miss
1363 http fetch GET 200 https://registry.npmjs.org/env-editor 405ms (cache revalidated)
1364 silly packumentCache full:https://registry.npmjs.org/env-editor set size:31241 disposed:false
1365 silly fetch manifest pretty-bytes@^5.6.0
1366 silly packumentCache full:https://registry.npmjs.org/pretty-bytes cache-miss
1367 http fetch GET 200 https://registry.npmjs.org/expo-server 98ms (cache revalidated)
1368 silly packumentCache full:https://registry.npmjs.org/expo-server set size:184883 disposed:false
1369 silly fetch manifest @expo/devcert@^1.2.1
1370 silly packumentCache full:https://registry.npmjs.org/@expo%2fdevcert cache-miss
1371 http fetch GET 200 https://registry.npmjs.org/@expo%2fplist 327ms (cache revalidated)
1372 silly packumentCache full:https://registry.npmjs.org/@expo%2fplist set size:496267 disposed:false
1373 silly fetch manifest bplist-parser@^0.3.1
1374 silly packumentCache full:https://registry.npmjs.org/bplist-parser cache-miss
1375 http fetch GET 200 https://registry.npmjs.org/pretty-bytes 118ms (cache revalidated)
1376 silly packumentCache full:https://registry.npmjs.org/pretty-bytes set size:64558 disposed:false
1377 silly fetch manifest terminal-link@^2.1.1
1378 silly packumentCache full:https://registry.npmjs.org/terminal-link cache-miss
1379 http fetch GET 200 https://registry.npmjs.org/terminal-link 153ms (cache revalidated)
1380 silly packumentCache full:https://registry.npmjs.org/terminal-link set size:26728 disposed:false
1381 silly fetch manifest @expo/xcpretty@^4.3.0
1382 silly packumentCache full:https://registry.npmjs.org/@expo%2fxcpretty cache-miss
1383 http fetch GET 200 https://registry.npmjs.org/bplist-parser 208ms (cache revalidated)
1384 silly packumentCache full:https://registry.npmjs.org/bplist-parser set size:21877 disposed:false
1385 silly fetch manifest bplist-creator@0.1.0
1386 silly packumentCache full:https://registry.npmjs.org/bplist-creator cache-miss
1387 http fetch GET 200 https://registry.npmjs.org/tar 1142ms (cache revalidated)
1388 silly packumentCache full:https://registry.npmjs.org/tar set size:531438 disposed:false
1389 silly fetch manifest freeport-async@^2.0.0
1390 silly packumentCache full:https://registry.npmjs.org/freeport-async cache-miss
1391 http fetch GET 200 https://registry.npmjs.org/requireg 1059ms (cache revalidated)
1392 silly packumentCache full:https://registry.npmjs.org/requireg set size:25788 disposed:false
1393 silly fetch manifest @expo/json-file@^10.0.8
1394 silly packumentCache full:https://registry.npmjs.org/@expo%2fjson-file cache-miss
1395 http fetch GET 200 https://registry.npmjs.org/lan-network 534ms (cache revalidated)
1396 silly packumentCache full:https://registry.npmjs.org/lan-network set size:65284 disposed:false
1397 silly fetch manifest @expo/osascript@^2.3.8
1398 silly packumentCache full:https://registry.npmjs.org/@expo%2fosascript cache-miss
1399 http fetch GET 200 https://registry.npmjs.org/@urql%2fcore 995ms (cache revalidated)
1400 silly packumentCache full:https://registry.npmjs.org/@urql%2fcore set size:1252254 disposed:false
1401 silly fetch manifest @expo/ws-tunnel@^1.0.1
1402 silly packumentCache full:https://registry.npmjs.org/@expo%2fws-tunnel cache-miss
1403 http fetch GET 200 https://registry.npmjs.org/bplist-creator 605ms (cache revalidated)
1404 silly packumentCache full:https://registry.npmjs.org/bplist-creator set size:18748 disposed:false
1405 silly fetch manifest npm-package-arg@^11.0.0
1406 silly packumentCache full:https://registry.npmjs.org/npm-package-arg cache-miss
1407 http fetch GET 200 https://registry.npmjs.org/freeport-async 614ms (cache revalidated)
1408 silly packumentCache full:https://registry.npmjs.org/freeport-async set size:10243 disposed:false
1409 silly fetch manifest qrcode-terminal@0.11.0
1410 silly packumentCache full:https://registry.npmjs.org/qrcode-terminal cache-miss
1411 http fetch GET 200 https://registry.npmjs.org/@expo%2fdevcert 954ms (cache revalidated)
1412 silly packumentCache full:https://registry.npmjs.org/@expo%2fdevcert set size:37746 disposed:false
1413 silly fetch manifest resolve.exports@^2.0.3
1414 silly packumentCache full:https://registry.npmjs.org/resolve.exports cache-miss
1415 http fetch GET 200 https://registry.npmjs.org/npm-package-arg 103ms (cache revalidated)
1416 silly packumentCache full:https://registry.npmjs.org/npm-package-arg set size:131397 disposed:false
1417 silly fetch manifest @expo/image-utils@^0.8.8
1418 silly packumentCache full:https://registry.npmjs.org/@expo%2fimage-utils cache-miss
1419 http fetch GET 200 https://registry.npmjs.org/qrcode-terminal 122ms (cache revalidated)
1420 silly packumentCache full:https://registry.npmjs.org/qrcode-terminal set size:29799 disposed:false
1421 silly fetch manifest @expo/spawn-async@^1.7.2
1422 silly packumentCache full:https://registry.npmjs.org/@expo%2fspawn-async cache-miss
1423 http fetch GET 200 https://registry.npmjs.org/resolve.exports 108ms (cache revalidated)
1424 silly packumentCache full:https://registry.npmjs.org/resolve.exports set size:49558 disposed:false
1425 silly fetch manifest @expo/metro-config@~54.0.14
1426 silly packumentCache full:https://registry.npmjs.org/@expo%2fmetro-config cache-miss
1427 http fetch GET 200 https://registry.npmjs.org/@expo%2fmetro-config 12ms (cache hit)
1428 silly packumentCache full:https://registry.npmjs.org/@expo%2fmetro-config set size:1400613 disposed:false
1429 silly fetch manifest @expo/schema-utils@^0.1.8
1430 silly packumentCache full:https://registry.npmjs.org/@expo%2fschema-utils cache-miss
1431 http fetch GET 200 https://registry.npmjs.org/@expo%2fschema-utils 125ms (cache revalidated)
1432 silly packumentCache full:https://registry.npmjs.org/@expo%2fschema-utils set size:167768 disposed:false
1433 silly fetch manifest source-map-support@~0.5.21
1434 silly packumentCache full:https://registry.npmjs.org/source-map-support cache-miss
1435 http fetch GET 200 https://registry.npmjs.org/source-map-support 129ms (cache revalidated)
1436 silly packumentCache full:https://registry.npmjs.org/source-map-support set size:125488 disposed:false
1437 silly fetch manifest structured-headers@^0.4.1
1438 silly packumentCache full:https://registry.npmjs.org/structured-headers cache-miss
1439 http fetch GET 200 https://registry.npmjs.org/@expo%2fws-tunnel 1035ms (cache revalidated)
1440 silly packumentCache full:https://registry.npmjs.org/@expo%2fws-tunnel set size:22270 disposed:false
1441 silly fetch manifest @0no-co/graphql.web@^1.0.8
1442 silly packumentCache full:https://registry.npmjs.org/@0no-co%2fgraphql.web cache-miss
1443 http fetch GET 200 https://registry.npmjs.org/@expo%2fxcpretty 1604ms (cache revalidated)
1444 silly packumentCache full:https://registry.npmjs.org/@expo%2fxcpretty set size:121361 disposed:false
1445 silly fetch manifest require-from-string@^2.0.2
1446 silly packumentCache full:https://registry.npmjs.org/require-from-string cache-miss
1447 http fetch GET 200 https://registry.npmjs.org/require-from-string 83ms (cache revalidated)
1448 silly packumentCache full:https://registry.npmjs.org/require-from-string set size:15128 disposed:false
1449 silly fetch manifest @urql/exchange-retry@^1.3.0
1450 silly packumentCache full:https://registry.npmjs.org/@urql%2fexchange-retry cache-miss
1451 http fetch GET 200 https://registry.npmjs.org/@expo%2fimage-utils 983ms (cache revalidated)
1452 silly packumentCache full:https://registry.npmjs.org/@expo%2fimage-utils set size:724468 disposed:false
1453 silly fetch manifest @expo/package-manager@^1.9.10
1454 silly packumentCache full:https://registry.npmjs.org/@expo%2fpackage-manager cache-miss
1455 http fetch GET 200 https://registry.npmjs.org/@expo%2fjson-file 1624ms (cache revalidated)
1456 silly packumentCache full:https://registry.npmjs.org/@expo%2fjson-file set size:698777 disposed:false
1457 silly fetch manifest @expo/prebuild-config@^54.0.8
1458 silly packumentCache full:https://registry.npmjs.org/@expo%2fprebuild-config cache-miss
1459 http fetch GET 200 https://registry.npmjs.org/@expo%2fprebuild-config 132ms (cache revalidated)
1460 silly packumentCache full:https://registry.npmjs.org/@expo%2fprebuild-config set size:1054118 disposed:false
1461 silly fetch manifest @react-native/dev-middleware@0.81.5
1462 silly packumentCache full:https://registry.npmjs.org/@react-native%2fdev-middleware cache-miss
1463 http fetch GET 200 https://registry.npmjs.org/structured-headers 1084ms (cache revalidated)
1464 silly packumentCache full:https://registry.npmjs.org/structured-headers set size:38215 disposed:false
1465 silly fetch manifest @expo/code-signing-certificates@^0.0.6
1466 silly packumentCache full:https://registry.npmjs.org/@expo%2fcode-signing-certificates cache-miss
1467 http fetch GET 200 https://registry.npmjs.org/@expo%2fspawn-async 1736ms (cache revalidated)
1468 silly packumentCache full:https://registry.npmjs.org/@expo%2fspawn-async set size:40364 disposed:false
1469 silly fetch manifest sucrase@~3.35.1
1470 silly packumentCache full:https://registry.npmjs.org/sucrase cache-miss
1471 http fetch GET 200 https://registry.npmjs.org/@expo%2fosascript 2307ms (cache revalidated)
1472 silly packumentCache full:https://registry.npmjs.org/@expo%2fosascript set size:586494 disposed:false
1473 silly fetch manifest deepmerge@^4.3.1
1474 silly packumentCache full:https://registry.npmjs.org/deepmerge cache-miss
1475 http fetch GET 200 https://registry.npmjs.org/sucrase 106ms (cache revalidated)
1476 silly packumentCache full:https://registry.npmjs.org/sucrase set size:449399 disposed:false
1477 silly fetch manifest @babel/code-frame@~7.10.4
1478 silly packumentCache full:https://registry.npmjs.org/@babel%2fcode-frame cache-hit
1479 silly fetch manifest @expo/config-types@^54.0.10
1480 silly packumentCache full:https://registry.npmjs.org/@expo%2fconfig-types cache-miss
1481 http fetch GET 200 https://registry.npmjs.org/@urql%2fexchange-retry 970ms (cache revalidated)
1482 silly packumentCache full:https://registry.npmjs.org/@urql%2fexchange-retry set size:293014 disposed:false
1483 silly fetch manifest resolve-workspace-root@^2.0.0
1484 silly packumentCache full:https://registry.npmjs.org/resolve-workspace-root cache-miss
1485 http fetch GET 200 https://registry.npmjs.org/@react-native%2fdev-middleware 648ms (cache revalidated)
1486 silly packumentCache full:https://registry.npmjs.org/@react-native%2fdev-middleware set size:2297474 disposed:false
1487 silly fetch manifest chalk@^4.1.2
1488 silly packumentCache full:https://registry.npmjs.org/chalk cache-hit
1489 silly fetch manifest slash@^3.0.0
1490 silly packumentCache full:https://registry.npmjs.org/slash cache-miss
1491 http fetch GET 200 https://registry.npmjs.org/deepmerge 141ms (cache revalidated)
1492 silly packumentCache full:https://registry.npmjs.org/deepmerge set size:101897 disposed:false
1493 silly fetch manifest xcode@^3.0.1
1494 silly packumentCache full:https://registry.npmjs.org/xcode cache-miss
1495 http fetch GET 200 https://registry.npmjs.org/xcode 121ms (cache revalidated)
1496 silly packumentCache full:https://registry.npmjs.org/xcode set size:5234429 disposed:false
1497 silly fetch manifest semver@^7.5.4
1498 silly packumentCache full:https://registry.npmjs.org/semver cache-hit
1499 silly fetch manifest xml2js@0.6.0
1500 silly packumentCache full:https://registry.npmjs.org/xml2js cache-miss
1501 http fetch GET 200 https://registry.npmjs.org/slash 197ms (cache miss)
1502 silly packumentCache full:https://registry.npmjs.org/slash set size:undefined disposed:false
1503 silly fetch manifest slugify@^1.6.6
1504 silly packumentCache full:https://registry.npmjs.org/slugify cache-hit
1505 silly fetch manifest @expo/json-file@~10.0.8
1506 silly packumentCache full:https://registry.npmjs.org/@expo%2fjson-file cache-hit
1507 silly fetch manifest @expo/config-types@^54.0.10
1508 silly packumentCache full:https://registry.npmjs.org/@expo%2fconfig-types cache-miss
1509 http fetch GET 200 https://registry.npmjs.org/@0no-co%2fgraphql.web 1635ms (cache revalidated)
1510 silly packumentCache full:https://registry.npmjs.org/@0no-co%2fgraphql.web set size:220436 disposed:false
1511 silly fetch manifest @expo/sdk-runtime-versions@^1.0.0
1512 silly packumentCache full:https://registry.npmjs.org/@expo%2fsdk-runtime-versions cache-miss
1513 http fetch GET 200 https://registry.npmjs.org/@expo%2fconfig-types 353ms (cache revalidated)
1514 silly packumentCache full:https://registry.npmjs.org/@expo%2fconfig-types set size:716610 disposed:false
1515 silly fetch manifest ignore@^5.3.1
1516 silly packumentCache full:https://registry.npmjs.org/ignore cache-miss
1517 http fetch GET 200 https://registry.npmjs.org/@expo%2fconfig-types 142ms (cache revalidated)
1518 silly packumentCache full:https://registry.npmjs.org/@expo%2fconfig-types set size:716610 disposed:false
1519 silly packumentCache full:https://registry.npmjs.org/@expo%2fconfig-types dispose
1520 silly fetch manifest p-limit@^3.1.0
1521 silly packumentCache full:https://registry.npmjs.org/p-limit cache-miss
1522 http fetch GET 200 https://registry.npmjs.org/xml2js 180ms (cache revalidated)
1523 silly packumentCache full:https://registry.npmjs.org/xml2js set size:198018 disposed:false
1524 silly fetch manifest metro@0.83.3
1525 silly packumentCache full:https://registry.npmjs.org/metro cache-miss
1526 http fetch GET 200 https://registry.npmjs.org/ignore 99ms (cache revalidated)
1527 silly packumentCache full:https://registry.npmjs.org/ignore set size:237380 disposed:false
1528 silly fetch manifest metro-core@0.83.3
1529 silly packumentCache full:https://registry.npmjs.org/metro-core cache-miss
1530 http fetch GET 200 https://registry.npmjs.org/resolve-workspace-root 417ms (cache revalidated)
1531 silly packumentCache full:https://registry.npmjs.org/resolve-workspace-root set size:11680 disposed:false
1532 silly fetch manifest metro-cache@0.83.3
1533 silly packumentCache full:https://registry.npmjs.org/metro-cache cache-miss
1534 http fetch GET 200 https://registry.npmjs.org/@expo%2fcode-signing-certificates 936ms (cache revalidated)
1535 silly packumentCache full:https://registry.npmjs.org/@expo%2fcode-signing-certificates set size:29592 disposed:false
1536 silly fetch manifest metro-config@0.83.3
1537 silly packumentCache full:https://registry.npmjs.org/metro-config cache-miss
1538 http fetch GET 200 https://registry.npmjs.org/metro-cache 213ms (cache revalidated)
1539 silly packumentCache full:https://registry.npmjs.org/metro-cache set size:361806 disposed:false
1540 silly fetch manifest metro-runtime@0.83.3
1541 silly packumentCache full:https://registry.npmjs.org/metro-runtime cache-hit
1542 silly fetch manifest metro-file-map@0.83.3
1543 silly packumentCache full:https://registry.npmjs.org/metro-file-map cache-miss
1544 http fetch GET 200 https://registry.npmjs.org/metro-core 229ms (cache revalidated)
1545 silly packumentCache full:https://registry.npmjs.org/metro-core set size:381468 disposed:false
1546 silly fetch manifest metro-resolver@0.83.3
1547 silly packumentCache full:https://registry.npmjs.org/metro-resolver cache-miss
1548 http fetch GET 200 https://registry.npmjs.org/metro-config 256ms (cache revalidated)
1549 silly packumentCache full:https://registry.npmjs.org/metro-config set size:321670 disposed:false
1550 silly fetch manifest metro-cache-key@0.83.3
1551 silly packumentCache full:https://registry.npmjs.org/metro-cache-key cache-miss
1552 http fetch GET 200 https://registry.npmjs.org/@expo%2fpackage-manager 1679ms (cache revalidated)
1553 silly packumentCache full:https://registry.npmjs.org/@expo%2fpackage-manager set size:807781 disposed:false
1554 silly fetch manifest metro-source-map@0.83.3
1555 silly packumentCache full:https://registry.npmjs.org/metro-source-map cache-hit
1556 silly fetch manifest metro-symbolicate@0.83.3
1557 silly packumentCache full:https://registry.npmjs.org/metro-symbolicate cache-miss
1558 http fetch GET 200 https://registry.npmjs.org/metro-resolver 140ms (cache revalidated)
1559 silly packumentCache full:https://registry.npmjs.org/metro-resolver set size:350312 disposed:false
1560 silly fetch manifest metro-minify-terser@0.83.3
1561 silly packumentCache full:https://registry.npmjs.org/metro-minify-terser cache-miss
1562 http fetch GET 200 https://registry.npmjs.org/metro 438ms (cache revalidated)
1563 silly packumentCache full:https://registry.npmjs.org/metro set size:710824 disposed:false
1564 silly fetch manifest metro-transform-worker@0.83.3
1565 silly packumentCache full:https://registry.npmjs.org/metro-transform-worker cache-miss
1566 http fetch GET 200 https://registry.npmjs.org/metro-symbolicate 121ms (cache revalidated)
1567 silly packumentCache full:https://registry.npmjs.org/metro-symbolicate set size:250302 disposed:false
1568 silly fetch manifest metro-babel-transformer@0.83.3
1569 silly packumentCache full:https://registry.npmjs.org/metro-babel-transformer cache-miss
1570 http fetch GET 200 https://registry.npmjs.org/metro-minify-terser 124ms (cache revalidated)
1571 silly packumentCache full:https://registry.npmjs.org/metro-minify-terser set size:258584 disposed:false
1572 silly fetch manifest metro-transform-plugins@0.83.3
1573 silly packumentCache full:https://registry.npmjs.org/metro-transform-plugins cache-miss
1574 http fetch GET 200 https://registry.npmjs.org/metro-babel-transformer 115ms (cache revalidated)
1575 silly packumentCache full:https://registry.npmjs.org/metro-babel-transformer set size:248341 disposed:false
1576 silly fetch manifest chalk@^4.1.0
1577 silly packumentCache full:https://registry.npmjs.org/chalk cache-hit
1578 silly fetch manifest dotenv@~16.4.5
1579 silly packumentCache full:https://registry.npmjs.org/dotenv cache-miss
1580 http fetch GET 200 https://registry.npmjs.org/metro-file-map 472ms (cache revalidated)
1581 silly packumentCache full:https://registry.npmjs.org/metro-file-map set size:178755 disposed:false
1582 silly fetch manifest postcss@~8.4.32
1583 silly packumentCache full:https://registry.npmjs.org/postcss cache-miss
1584 http fetch GET 200 https://registry.npmjs.org/dotenv 133ms (cache revalidated)
1585 silly packumentCache full:https://registry.npmjs.org/dotenv set size:274230 disposed:false
1586 silly fetch manifest jsc-safe-url@^0.2.4
1587 silly packumentCache full:https://registry.npmjs.org/jsc-safe-url cache-miss
1588 http fetch GET 200 https://registry.npmjs.org/metro-cache-key 443ms (cache revalidated)
1589 silly packumentCache full:https://registry.npmjs.org/metro-cache-key set size:191826 disposed:false
1590 silly fetch manifest lightningcss@^1.30.1
1591 silly packumentCache full:https://registry.npmjs.org/lightningcss cache-miss
1592 http fetch GET 200 https://registry.npmjs.org/jsc-safe-url 127ms (cache revalidated)
1593 silly packumentCache full:https://registry.npmjs.org/jsc-safe-url set size:13143 disposed:false
1594 silly fetch manifest dotenv-expand@~11.0.6
1595 silly packumentCache full:https://registry.npmjs.org/dotenv-expand cache-miss
1596 http fetch GET 200 https://registry.npmjs.org/postcss 138ms (cache revalidated)
1597 silly packumentCache full:https://registry.npmjs.org/postcss set size:705229 disposed:false
1598 silly fetch manifest fontfaceobserver@^2.1.0
1599 silly packumentCache full:https://registry.npmjs.org/fontfaceobserver cache-miss
1600 http fetch GET 200 https://registry.npmjs.org/metro-transform-worker 440ms (cache revalidated)
1601 silly packumentCache full:https://registry.npmjs.org/metro-transform-worker set size:244929 disposed:false
1602 silly fetch manifest commander@^7.2.0
1603 silly packumentCache full:https://registry.npmjs.org/commander cache-hit
1604 silly fetch manifest react-is@^18.0.0
1605 silly packumentCache full:https://registry.npmjs.org/react-is cache-miss
1606 http fetch GET 200 https://registry.npmjs.org/lightningcss 138ms (cache revalidated)
1607 silly packumentCache full:https://registry.npmjs.org/lightningcss set size:186753 disposed:false
1608 silly fetch manifest ansi-styles@^5.0.0
1609 silly packumentCache full:https://registry.npmjs.org/ansi-styles cache-miss
1610 http fetch GET 200 https://registry.npmjs.org/react-is 37ms (cache hit)
1611 silly packumentCache full:https://registry.npmjs.org/react-is set size:5339981 disposed:false
1612 silly fetch manifest @jest/schemas@^29.6.3
1613 silly packumentCache full:https://registry.npmjs.org/@jest%2fschemas cache-miss
1614 http fetch GET 200 https://registry.npmjs.org/ansi-styles 103ms (cache revalidated)
1615 silly packumentCache full:https://registry.npmjs.org/ansi-styles set size:63233 disposed:false
1616 silly fetch manifest buffer@^5.4.3
1617 silly packumentCache full:https://registry.npmjs.org/buffer cache-miss
1618 http fetch GET 200 https://registry.npmjs.org/dotenv-expand 162ms (cache revalidated)
1619 silly packumentCache full:https://registry.npmjs.org/dotenv-expand set size:67935 disposed:false
1620 silly fetch manifest punycode@^2.1.1
1621 silly packumentCache full:https://registry.npmjs.org/punycode cache-miss
1622 http fetch GET 200 https://registry.npmjs.org/metro-transform-plugins 494ms (cache revalidated)
1623 silly packumentCache full:https://registry.npmjs.org/metro-transform-plugins set size:236232 disposed:false
1624 silly fetch manifest webidl-conversions@^5.0.0
1625 silly packumentCache full:https://registry.npmjs.org/webidl-conversions cache-miss
1626 http fetch GET 200 https://registry.npmjs.org/p-limit 1111ms (cache revalidated)
1627 silly packumentCache full:https://registry.npmjs.org/p-limit set size:61867 disposed:false
1628 http fetch GET 200 https://registry.npmjs.org/fontfaceobserver 245ms (cache miss)
1629 silly packumentCache full:https://registry.npmjs.org/fontfaceobserver set size:undefined disposed:false
1630 http fetch GET 200 https://registry.npmjs.org/punycode 109ms (cache miss)
1631 silly packumentCache full:https://registry.npmjs.org/punycode set size:undefined disposed:false
1632 http fetch GET 200 https://registry.npmjs.org/@jest%2fschemas 315ms (cache miss)
1633 silly packumentCache full:https://registry.npmjs.org/@jest%2fschemas set size:undefined disposed:false
1634 http fetch GET 200 https://registry.npmjs.org/webidl-conversions 298ms (cache miss)
1635 silly packumentCache full:https://registry.npmjs.org/webidl-conversions set size:undefined disposed:false
1636 http fetch GET 200 https://registry.npmjs.org/@expo%2fsdk-runtime-versions 1582ms (cache revalidated)
1637 silly packumentCache full:https://registry.npmjs.org/@expo%2fsdk-runtime-versions set size:4878 disposed:false
1638 http fetch GET 200 https://registry.npmjs.org/buffer 625ms (cache miss)
1639 silly packumentCache full:https://registry.npmjs.org/buffer set size:undefined disposed:false
1640 silly placeDep ROOT @0no-co/graphql.web@1.2.0 OK for: @expo/cli@54.0.23 want: ^1.0.8
1641 silly placeDep ROOT @expo/code-signing-certificates@0.0.6 OK for: @expo/cli@54.0.23 want: ^0.0.6
1642 silly placeDep ROOT @expo/devcert@1.2.1 OK for: @expo/cli@54.0.23 want: ^1.2.1
1643 silly placeDep ROOT @expo/env@2.0.11 OK for: @expo/cli@54.0.23 want: ~2.0.8
1644 silly placeDep ROOT @expo/image-utils@0.8.13 OK for: @expo/cli@54.0.23 want: ^0.8.8
1645 silly placeDep ROOT @expo/json-file@10.0.13 OK for: @expo/cli@54.0.23 want: ^10.0.8
1646 silly placeDep ROOT @expo/osascript@2.4.2 OK for: @expo/cli@54.0.23 want: ^2.3.8
1647 silly placeDep ROOT @expo/package-manager@1.10.4 OK for: @expo/cli@54.0.23 want: ^1.9.10
1648 silly placeDep ROOT @expo/plist@0.4.8 OK for: @expo/cli@54.0.23 want: ^0.4.8
1649 silly placeDep ROOT @expo/prebuild-config@54.0.8 OK for: @expo/cli@54.0.23 want: ^54.0.8
1650 silly placeDep ROOT @expo/schema-utils@0.1.8 OK for: @expo/cli@54.0.23 want: ^0.1.8
1651 silly placeDep ROOT @expo/spawn-async@1.7.2 OK for: @expo/cli@54.0.23 want: ^1.7.2
1652 silly placeDep ROOT @expo/ws-tunnel@1.0.6 OK for: @expo/cli@54.0.23 want: ^1.0.1
1653 silly placeDep ROOT @expo/xcpretty@4.4.3 OK for: @expo/cli@54.0.23 want: ^4.3.0
1654 silly placeDep ROOT @react-native/dev-middleware@0.81.5 OK for: @expo/cli@54.0.23 want: 0.81.5
1655 silly placeDep ROOT @urql/core@5.2.0 OK for: @expo/cli@54.0.23 want: ^5.0.6
1656 silly placeDep ROOT @urql/exchange-retry@1.3.2 OK for: @expo/cli@54.0.23 want: ^1.3.0
1657 silly placeDep ROOT accepts@1.3.8 OK for: @expo/cli@54.0.23 want: ^1.3.8
1658 silly placeDep ROOT arg@5.0.2 OK for: @expo/cli@54.0.23 want: ^5.0.2
1659 silly placeDep ROOT better-opn@3.0.2 OK for: @expo/cli@54.0.23 want: ~3.0.2
1660 silly placeDep ROOT bplist-creator@0.1.0 OK for: @expo/cli@54.0.23 want: 0.1.0
1661 silly placeDep ROOT bplist-parser@0.3.2 OK for: @expo/cli@54.0.23 want: ^0.3.1
1662 silly placeDep ROOT chalk@4.1.2 OK for: @expo/cli@54.0.23 want: ^4.0.0
1663 silly placeDep ROOT ci-info@3.9.0 OK for: @expo/cli@54.0.23 want: ^3.3.0
1664 silly placeDep ROOT compression@1.8.1 OK for: @expo/cli@54.0.23 want: ^1.7.4
1665 silly placeDep ROOT connect@3.7.0 OK for: @expo/cli@54.0.23 want: ^3.7.0
1666 silly placeDep ROOT env-editor@0.4.2 OK for: @expo/cli@54.0.23 want: ^0.4.1
1667 silly placeDep ROOT expo-server@1.0.5 OK for: @expo/cli@54.0.23 want: ^1.0.5
1668 silly placeDep ROOT freeport-async@2.0.0 OK for: @expo/cli@54.0.23 want: ^2.0.0
1669 silly placeDep ROOT getenv@2.0.0 OK for: @expo/cli@54.0.23 want: ^2.0.0
1670 silly placeDep node_modules/@expo/cli glob@13.0.6 OK for: @expo/cli@54.0.23 want: ^13.0.0
1671 silly placeDep ROOT lan-network@0.1.7 OK for: @expo/cli@54.0.23 want: ^0.1.6
1672 silly placeDep ROOT minimatch@9.0.9 OK for: @expo/cli@54.0.23 want: ^9.0.0
1673 silly placeDep ROOT node-forge@1.4.0 OK for: @expo/cli@54.0.23 want: ^1.3.3
1674 silly placeDep ROOT npm-package-arg@11.0.3 OK for: @expo/cli@54.0.23 want: ^11.0.0
1675 silly placeDep ROOT ora@3.4.0 OK for: @expo/cli@54.0.23 want: ^3.4.0
1676 silly placeDep ROOT picomatch@3.0.2 OK for: @expo/cli@54.0.23 want: ^3.0.1
1677 silly placeDep ROOT pretty-bytes@5.6.0 OK for: @expo/cli@54.0.23 want: ^5.6.0
1678 silly placeDep ROOT progress@2.0.3 OK for: @expo/cli@54.0.23 want: ^2.0.3
1679 silly placeDep ROOT prompts@2.4.2 OK for: @expo/cli@54.0.23 want: ^2.3.2
1680 silly placeDep ROOT qrcode-terminal@0.11.0 OK for: @expo/cli@54.0.23 want: 0.11.0
1681 silly placeDep ROOT require-from-string@2.0.2 OK for: @expo/cli@54.0.23 want: ^2.0.2
1682 silly placeDep ROOT requireg@0.2.2 OK for: @expo/cli@54.0.23 want: ^0.2.2
1683 silly placeDep ROOT resolve.exports@2.0.3 OK for: @expo/cli@54.0.23 want: ^2.0.3
1684 silly placeDep node_modules/@expo/cli semver@7.7.4 OK for: @expo/cli@54.0.23 want: ^7.6.0
1685 silly placeDep ROOT send@0.19.2 OK for: @expo/cli@54.0.23 want: ^0.19.0
1686 silly placeDep ROOT slugify@1.6.9 OK for: @expo/cli@54.0.23 want: ^1.3.4
1687 silly placeDep ROOT source-map-support@0.5.21 OK for: @expo/cli@54.0.23 want: ~0.5.21
1688 silly placeDep ROOT stacktrace-parser@0.1.11 OK for: @expo/cli@54.0.23 want: ^0.1.10
1689 silly placeDep ROOT structured-headers@0.4.1 OK for: @expo/cli@54.0.23 want: ^0.4.1
1690 silly placeDep ROOT tar@7.5.13 OK for: @expo/cli@54.0.23 want: ^7.5.2
1691 silly placeDep ROOT terminal-link@2.1.1 OK for: @expo/cli@54.0.23 want: ^2.1.1
1692 silly placeDep ROOT undici@6.24.1 OK for: @expo/cli@54.0.23 want: ^6.18.2
1693 silly placeDep ROOT wrap-ansi@7.0.0 OK for: @expo/cli@54.0.23 want: ^7.0.0
1694 silly placeDep ROOT ws@8.20.0 OK for: @expo/cli@54.0.23 want: ^8.12.1
1695 silly fetch manifest debug@^3.1.0
1696 silly packumentCache full:https://registry.npmjs.org/debug cache-hit
1697 silly fetch manifest @expo/sudo-prompt@^9.3.1
1698 silly packumentCache full:https://registry.npmjs.org/@expo%2fsudo-prompt cache-miss
1699 silly fetch manifest parse-png@^2.1.0
1700 silly packumentCache full:https://registry.npmjs.org/parse-png cache-miss
1701 silly fetch manifest jimp-compact@0.16.1
1702 silly packumentCache full:https://registry.npmjs.org/jimp-compact cache-miss
1703 silly fetch manifest @expo/require-utils@^55.0.4
1704 silly packumentCache full:https://registry.npmjs.org/@expo%2frequire-utils cache-miss
1705 silly fetch manifest base64-js@^1.2.3
1706 silly packumentCache full:https://registry.npmjs.org/base64-js cache-miss
1707 silly fetch manifest xmlbuilder@^15.1.1
1708 silly packumentCache full:https://registry.npmjs.org/xmlbuilder cache-miss
1709 silly fetch manifest @xmldom/xmldom@^0.8.8
1710 silly packumentCache full:https://registry.npmjs.org/@xmldom%2fxmldom cache-miss
1711 http fetch GET 200 https://registry.npmjs.org/base64-js 34ms (cache hit)
1712 silly packumentCache full:https://registry.npmjs.org/base64-js set size:41270 disposed:false
1713 silly fetch manifest @react-native/normalize-colors@0.81.5
1714 silly packumentCache full:https://registry.npmjs.org/@react-native%2fnormalize-colors cache-miss
1715 http fetch GET 200 https://registry.npmjs.org/@react-native%2fnormalize-colors 19ms (cache hit)
1716 silly packumentCache full:https://registry.npmjs.org/@react-native%2fnormalize-colors set size:1803665 disposed:false
1717 silly fetch manifest cross-spawn@^7.0.3
1718 silly packumentCache full:https://registry.npmjs.org/cross-spawn cache-miss
1719 http fetch GET 200 https://registry.npmjs.org/xmlbuilder 113ms (cache revalidated)
1720 silly packumentCache full:https://registry.npmjs.org/xmlbuilder set size:158707 disposed:false
1721 silly fetch manifest js-yaml@^4.1.0
1722 silly packumentCache full:https://registry.npmjs.org/js-yaml cache-miss
1723 http fetch GET 200 https://registry.npmjs.org/@xmldom%2fxmldom 148ms (cache revalidated)
1724 silly packumentCache full:https://registry.npmjs.org/@xmldom%2fxmldom set size:160709 disposed:false
1725 silly fetch manifest open@^7.0.3
1726 silly packumentCache full:https://registry.npmjs.org/open cache-miss
1727 http fetch GET 200 https://registry.npmjs.org/cross-spawn 144ms (cache revalidated)
1728 silly packumentCache full:https://registry.npmjs.org/cross-spawn set size:109066 disposed:false
1729 silly fetch manifest connect@^3.6.5
1730 silly packumentCache full:https://registry.npmjs.org/connect cache-hit
1731 silly fetch manifest serve-static@^1.16.2
1732 silly packumentCache full:https://registry.npmjs.org/serve-static cache-miss
1733 http fetch GET 200 https://registry.npmjs.org/js-yaml 110ms (cache revalidated)
1734 silly packumentCache full:https://registry.npmjs.org/js-yaml set size:152232 disposed:false
1735 silly fetch manifest chrome-launcher@^0.15.2
1736 silly packumentCache full:https://registry.npmjs.org/chrome-launcher cache-miss
1737 http fetch GET 200 https://registry.npmjs.org/open 99ms (cache revalidated)
1738 silly packumentCache full:https://registry.npmjs.org/open set size:136392 disposed:false
1739 silly fetch manifest @isaacs/ttlcache@^1.4.1
1740 silly packumentCache full:https://registry.npmjs.org/@isaacs%2fttlcache cache-miss
1741 http fetch GET 200 https://registry.npmjs.org/serve-static 102ms (cache revalidated)
1742 silly packumentCache full:https://registry.npmjs.org/serve-static set size:150391 disposed:false
1743 silly fetch manifest chromium-edge-launcher@^0.2.0
1744 silly packumentCache full:https://registry.npmjs.org/chromium-edge-launcher cache-miss
1745 http fetch GET 200 https://registry.npmjs.org/@isaacs%2fttlcache 223ms (cache revalidated)
1746 silly packumentCache full:https://registry.npmjs.org/@isaacs%2fttlcache set size:62836 disposed:false
1747 silly fetch manifest @react-native/debugger-frontend@0.81.5
1748 silly packumentCache full:https://registry.npmjs.org/@react-native%2fdebugger-frontend cache-miss
1749 http fetch GET 200 https://registry.npmjs.org/jimp-compact 495ms (cache revalidated)
1750 silly packumentCache full:https://registry.npmjs.org/jimp-compact set size:55876 disposed:false
1751 silly fetch manifest wonka@^6.3.2
1752 silly packumentCache full:https://registry.npmjs.org/wonka cache-miss
1753 http fetch GET 200 https://registry.npmjs.org/chrome-launcher 407ms (cache revalidated)
1754 silly packumentCache full:https://registry.npmjs.org/chrome-launcher set size:131779 disposed:false
1755 silly fetch manifest wonka@^6.3.2
1756 silly packumentCache full:https://registry.npmjs.org/wonka cache-miss
1757 http fetch GET 200 https://registry.npmjs.org/chromium-edge-launcher 409ms (cache revalidated)
1758 silly packumentCache full:https://registry.npmjs.org/chromium-edge-launcher set size:66639 disposed:false
1759 silly fetch manifest mime-types@~2.1.34
1760 silly packumentCache full:https://registry.npmjs.org/mime-types cache-miss
1761 http fetch GET 200 https://registry.npmjs.org/mime-types 121ms (cache revalidated)
1762 silly packumentCache full:https://registry.npmjs.org/mime-types set size:139110 disposed:false
1763 silly fetch manifest negotiator@0.6.3
1764 silly packumentCache full:https://registry.npmjs.org/negotiator cache-miss
1765 http fetch GET 200 https://registry.npmjs.org/wonka 255ms (cache revalidated)
1766 silly packumentCache full:https://registry.npmjs.org/wonka set size:386763 disposed:false
1767 silly fetch manifest open@^8.0.4
1768 silly packumentCache full:https://registry.npmjs.org/open cache-hit
1769 silly fetch manifest stream-buffers@2.2.x
1770 silly packumentCache full:https://registry.npmjs.org/stream-buffers cache-miss
1771 http fetch GET 200 https://registry.npmjs.org/wonka 426ms (cache revalidated)
1772 silly packumentCache full:https://registry.npmjs.org/wonka set size:386763 disposed:false
1773 silly packumentCache full:https://registry.npmjs.org/wonka dispose
1774 silly fetch manifest big-integer@1.6.x
1775 silly packumentCache full:https://registry.npmjs.org/big-integer cache-miss
1776 http fetch GET 200 https://registry.npmjs.org/negotiator 103ms (cache revalidated)
1777 silly packumentCache full:https://registry.npmjs.org/negotiator set size:48046 disposed:false
1778 silly fetch manifest ansi-styles@^4.1.0
1779 silly packumentCache full:https://registry.npmjs.org/ansi-styles cache-hit
1780 silly fetch manifest supports-color@^7.1.0
1781 silly packumentCache full:https://registry.npmjs.org/supports-color cache-miss
1782 http fetch GET 200 https://registry.npmjs.org/big-integer 115ms (cache revalidated)
1783 silly packumentCache full:https://registry.npmjs.org/big-integer set size:205433 disposed:false
1784 silly fetch manifest vary@~1.1.2
1785 silly packumentCache full:https://registry.npmjs.org/vary cache-miss
1786 http fetch GET 200 https://registry.npmjs.org/parse-png 1084ms (cache revalidated)
1787 silly packumentCache full:https://registry.npmjs.org/parse-png set size:13026 disposed:false
1788 silly fetch manifest bytes@3.1.2
1789 silly packumentCache full:https://registry.npmjs.org/bytes cache-miss
1790 http fetch GET 200 https://registry.npmjs.org/supports-color 95ms (cache revalidated)
1791 silly packumentCache full:https://registry.npmjs.org/supports-color set size:118680 disposed:false
1792 silly fetch manifest debug@2.6.9
1793 silly packumentCache full:https://registry.npmjs.org/debug cache-hit
1794 silly fetch manifest negotiator@~0.6.4
1795 silly packumentCache full:https://registry.npmjs.org/negotiator cache-hit
1796 silly fetch manifest on-headers@~1.1.0
1797 silly packumentCache full:https://registry.npmjs.org/on-headers cache-miss
1798 http fetch GET 200 https://registry.npmjs.org/@react-native%2fdebugger-frontend 632ms (cache revalidated)
1799 silly packumentCache full:https://registry.npmjs.org/@react-native%2fdebugger-frontend set size:1832228 disposed:false
1800 silly fetch manifest safe-buffer@5.2.1
1801 silly packumentCache full:https://registry.npmjs.org/safe-buffer cache-miss
1802 http fetch GET 200 https://registry.npmjs.org/vary 101ms (cache revalidated)
1803 silly packumentCache full:https://registry.npmjs.org/vary set size:16018 disposed:false
1804 silly fetch manifest compressible@~2.0.18
1805 silly packumentCache full:https://registry.npmjs.org/compressible cache-miss
1806 http fetch GET 200 https://registry.npmjs.org/bytes 126ms (cache revalidated)
1807 silly packumentCache full:https://registry.npmjs.org/bytes set size:37018 disposed:false
1808 silly fetch manifest finalhandler@1.1.2
1809 silly packumentCache full:https://registry.npmjs.org/finalhandler cache-miss
1810 http fetch GET 200 https://registry.npmjs.org/on-headers 147ms (cache revalidated)
1811 silly packumentCache full:https://registry.npmjs.org/on-headers set size:13226 disposed:false
1812 silly fetch manifest parseurl@~1.3.3
1813 silly packumentCache full:https://registry.npmjs.org/parseurl cache-miss
1814 http fetch GET 200 https://registry.npmjs.org/safe-buffer 110ms (cache revalidated)
1815 silly packumentCache full:https://registry.npmjs.org/safe-buffer set size:41183 disposed:false
1816 silly fetch manifest utils-merge@1.0.1
1817 silly packumentCache full:https://registry.npmjs.org/utils-merge cache-miss
1818 http fetch GET 200 https://registry.npmjs.org/compressible 120ms (cache revalidated)
1819 silly packumentCache full:https://registry.npmjs.org/compressible set size:61733 disposed:false
1820 silly fetch manifest minimatch@^10.2.2
1821 silly packumentCache full:https://registry.npmjs.org/minimatch cache-hit
1822 silly fetch manifest minipass@^7.1.3
1823 silly packumentCache full:https://registry.npmjs.org/minipass cache-miss
1824 http fetch GET 200 https://registry.npmjs.org/finalhandler 145ms (cache revalidated)
1825 silly packumentCache full:https://registry.npmjs.org/finalhandler set size:79291 disposed:false
1826 silly fetch manifest path-scurry@^2.0.2
1827 silly packumentCache full:https://registry.npmjs.org/path-scurry cache-miss
1828 http fetch GET 200 https://registry.npmjs.org/stream-buffers 444ms (cache revalidated)
1829 silly packumentCache full:https://registry.npmjs.org/stream-buffers set size:32945 disposed:false
1830 silly fetch manifest brace-expansion@^2.0.2
1831 silly packumentCache full:https://registry.npmjs.org/brace-expansion cache-miss
1832 http fetch GET 200 https://registry.npmjs.org/utils-merge 117ms (cache revalidated)
1833 silly packumentCache full:https://registry.npmjs.org/utils-merge set size:5237 disposed:false
1834 silly fetch manifest semver@^7.3.5
1835 silly packumentCache full:https://registry.npmjs.org/semver cache-hit
1836 silly fetch manifest proc-log@^4.0.0
1837 silly packumentCache full:https://registry.npmjs.org/proc-log cache-miss
1838 http fetch GET 200 https://registry.npmjs.org/parseurl 136ms (cache revalidated)
1839 silly packumentCache full:https://registry.npmjs.org/parseurl set size:24148 disposed:false
1840 silly fetch manifest hosted-git-info@^7.0.0
1841 silly packumentCache full:https://registry.npmjs.org/hosted-git-info cache-miss
1842 http fetch GET 200 https://registry.npmjs.org/brace-expansion 106ms (cache revalidated)
1843 silly packumentCache full:https://registry.npmjs.org/brace-expansion set size:61740 disposed:false
1844 silly fetch manifest validate-npm-package-name@^5.0.0
1845 silly packumentCache full:https://registry.npmjs.org/validate-npm-package-name cache-miss
1846 http fetch GET 200 https://registry.npmjs.org/path-scurry 116ms (cache revalidated)
1847 silly packumentCache full:https://registry.npmjs.org/path-scurry set size:117612 disposed:false
1848 silly fetch manifest chalk@^2.4.2
1849 silly packumentCache full:https://registry.npmjs.org/chalk cache-hit
1850 silly fetch manifest wcwidth@^1.0.1
1851 silly packumentCache full:https://registry.npmjs.org/wcwidth cache-miss
1852 http fetch GET 200 https://registry.npmjs.org/hosted-git-info 107ms (cache revalidated)
1853 silly packumentCache full:https://registry.npmjs.org/hosted-git-info set size:178854 disposed:false
1854 silly fetch manifest cli-cursor@^2.1.0
1855 silly packumentCache full:https://registry.npmjs.org/cli-cursor cache-miss
1856 http fetch GET 200 https://registry.npmjs.org/@expo%2fsudo-prompt 1598ms (cache revalidated)
1857 silly packumentCache full:https://registry.npmjs.org/@expo%2fsudo-prompt set size:8809 disposed:false
1858 silly fetch manifest strip-ansi@^5.2.0
1859 silly packumentCache full:https://registry.npmjs.org/strip-ansi cache-miss
1860 http fetch GET 200 https://registry.npmjs.org/@expo%2frequire-utils 1592ms (cache revalidated)
1861 silly packumentCache full:https://registry.npmjs.org/@expo%2frequire-utils set size:46169 disposed:false
1862 silly fetch manifest log-symbols@^2.2.0
1863 silly packumentCache full:https://registry.npmjs.org/log-symbols cache-miss
1864 http fetch GET 200 https://registry.npmjs.org/wcwidth 123ms (cache revalidated)
1865 silly packumentCache full:https://registry.npmjs.org/wcwidth set size:5904 disposed:false
1866 silly fetch manifest cli-spinners@^2.0.0
1867 silly packumentCache full:https://registry.npmjs.org/cli-spinners cache-miss
1868 http fetch GET 200 https://registry.npmjs.org/cli-cursor 140ms (cache revalidated)
1869 silly packumentCache full:https://registry.npmjs.org/cli-cursor set size:18913 disposed:false
1870 silly fetch manifest kleur@^3.0.3
1871 silly packumentCache full:https://registry.npmjs.org/kleur cache-miss
1872 http fetch GET 200 https://registry.npmjs.org/strip-ansi 94ms (cache revalidated)
1873 silly packumentCache full:https://registry.npmjs.org/strip-ansi set size:44998 disposed:false
1874 silly fetch manifest sisteransi@^1.0.5
1875 silly packumentCache full:https://registry.npmjs.org/sisteransi cache-miss
1876 http fetch GET 200 https://registry.npmjs.org/cli-spinners 91ms (cache revalidated)
1877 silly packumentCache full:https://registry.npmjs.org/cli-spinners set size:67473 disposed:false
1878 silly fetch manifest nested-error-stacks@~2.0.1
1879 silly packumentCache full:https://registry.npmjs.org/nested-error-stacks cache-miss
1880 http fetch GET 200 https://registry.npmjs.org/log-symbols 103ms (cache revalidated)
1881 silly packumentCache full:https://registry.npmjs.org/log-symbols set size:31977 disposed:false
1882 silly fetch manifest rc@~1.2.7
1883 silly packumentCache full:https://registry.npmjs.org/rc cache-miss
1884 http fetch GET 200 https://registry.npmjs.org/kleur 115ms (cache revalidated)
1885 silly packumentCache full:https://registry.npmjs.org/kleur set size:61853 disposed:false
1886 silly fetch manifest resolve@~1.7.1
1887 silly packumentCache full:https://registry.npmjs.org/resolve cache-hit
1888 silly fetch manifest depd@2.0.0
1889 silly packumentCache full:https://registry.npmjs.org/depd cache-miss
1890 http fetch GET 200 https://registry.npmjs.org/rc 174ms (cache revalidated)
1891 silly packumentCache full:https://registry.npmjs.org/rc set size:70417 disposed:false
1892 silly fetch manifest etag@~1.8.1
1893 silly packumentCache full:https://registry.npmjs.org/etag cache-miss
1894 http fetch GET 200 https://registry.npmjs.org/sisteransi 190ms (cache revalidated)
1895 silly packumentCache full:https://registry.npmjs.org/sisteransi set size:23215 disposed:false
1896 silly fetch manifest mime@1.6.0
1897 silly packumentCache full:https://registry.npmjs.org/mime cache-miss
1898 http fetch GET 200 https://registry.npmjs.org/proc-log 507ms (cache revalidated)
1899 silly packumentCache full:https://registry.npmjs.org/proc-log set size:33530 disposed:false
1900 silly fetch manifest fresh@~0.5.2
1901 silly packumentCache full:https://registry.npmjs.org/fresh cache-miss
1902 http fetch GET 200 https://registry.npmjs.org/depd 138ms (cache revalidated)
1903 silly packumentCache full:https://registry.npmjs.org/depd set size:40182 disposed:false
1904 silly fetch manifest destroy@1.2.0
1905 silly packumentCache full:https://registry.npmjs.org/destroy cache-miss
1906 http fetch GET 200 https://registry.npmjs.org/mime 121ms (cache revalidated)
1907 silly packumentCache full:https://registry.npmjs.org/mime set size:119236 disposed:false
1908 silly fetch manifest statuses@~2.0.2
1909 silly packumentCache full:https://registry.npmjs.org/statuses cache-miss
1910 http fetch GET 200 https://registry.npmjs.org/etag 128ms (cache revalidated)
1911 silly packumentCache full:https://registry.npmjs.org/etag set size:30032 disposed:false
1912 silly fetch manifest encodeurl@~2.0.0
1913 silly packumentCache full:https://registry.npmjs.org/encodeurl cache-miss
1914 http fetch GET 200 https://registry.npmjs.org/destroy 123ms (cache revalidated)
1915 silly packumentCache full:https://registry.npmjs.org/destroy set size:15738 disposed:false
1916 silly fetch manifest escape-html@~1.0.3
1917 silly packumentCache full:https://registry.npmjs.org/escape-html cache-miss
1918 http fetch GET 200 https://registry.npmjs.org/fresh 206ms (cache revalidated)
1919 silly packumentCache full:https://registry.npmjs.org/fresh set size:25427 disposed:false
1920 silly fetch manifest http-errors@~2.0.1
1921 silly packumentCache full:https://registry.npmjs.org/http-errors cache-miss
1922 http fetch GET 200 https://registry.npmjs.org/nested-error-stacks 450ms (cache revalidated)
1923 silly packumentCache full:https://registry.npmjs.org/nested-error-stacks set size:24138 disposed:false
1924 silly fetch manifest on-finished@~2.4.1
1925 silly packumentCache full:https://registry.npmjs.org/on-finished cache-miss
1926 http fetch GET 200 https://registry.npmjs.org/statuses 146ms (cache revalidated)
1927 silly packumentCache full:https://registry.npmjs.org/statuses set size:37117 disposed:false
1928 silly fetch manifest range-parser@~1.2.1
1929 silly packumentCache full:https://registry.npmjs.org/range-parser cache-miss
1930 http fetch GET 200 https://registry.npmjs.org/encodeurl 145ms (cache revalidated)
1931 silly packumentCache full:https://registry.npmjs.org/encodeurl set size:12296 disposed:false
1932 silly fetch manifest buffer-from@^1.0.0
1933 silly packumentCache full:https://registry.npmjs.org/buffer-from cache-miss
1934 http fetch GET 200 https://registry.npmjs.org/escape-html 153ms (cache revalidated)
1935 silly packumentCache full:https://registry.npmjs.org/escape-html set size:7345 disposed:false
1936 silly fetch manifest source-map@^0.6.0
1937 silly packumentCache full:https://registry.npmjs.org/source-map cache-miss
1938 http fetch GET 200 https://registry.npmjs.org/http-errors 116ms (cache revalidated)
1939 silly packumentCache full:https://registry.npmjs.org/http-errors set size:71987 disposed:false
1940 silly fetch manifest type-fest@^0.7.1
1941 silly packumentCache full:https://registry.npmjs.org/type-fest cache-miss
1942 http fetch GET 200 https://registry.npmjs.org/on-finished 109ms (cache revalidated)
1943 silly packumentCache full:https://registry.npmjs.org/on-finished set size:23212 disposed:false
1944 silly fetch manifest @isaacs/fs-minipass@^4.0.0
1945 silly packumentCache full:https://registry.npmjs.org/@isaacs%2ffs-minipass cache-miss
1946 http fetch GET 200 https://registry.npmjs.org/range-parser 109ms (cache revalidated)
1947 silly packumentCache full:https://registry.npmjs.org/range-parser set size:22228 disposed:false
1948 silly fetch manifest chownr@^3.0.0
1949 silly packumentCache full:https://registry.npmjs.org/chownr cache-miss
1950 http fetch GET 200 https://registry.npmjs.org/buffer-from 118ms (cache revalidated)
1951 silly packumentCache full:https://registry.npmjs.org/buffer-from set size:15463 disposed:false
1952 silly fetch manifest minipass@^7.1.2
1953 silly packumentCache full:https://registry.npmjs.org/minipass cache-miss
1954 http fetch GET 200 https://registry.npmjs.org/source-map 109ms (cache revalidated)
1955 silly packumentCache full:https://registry.npmjs.org/source-map set size:226141 disposed:false
1956 silly fetch manifest minizlib@^3.1.0
1957 silly packumentCache full:https://registry.npmjs.org/minizlib cache-miss
1958 http fetch GET 200 https://registry.npmjs.org/minipass 1121ms (cache revalidated)
1959 silly packumentCache full:https://registry.npmjs.org/minipass set size:276925 disposed:false
1960 silly fetch manifest yallist@^5.0.0
1961 silly packumentCache full:https://registry.npmjs.org/yallist cache-hit
1962 silly fetch manifest ansi-escapes@^4.2.1
1963 silly packumentCache full:https://registry.npmjs.org/ansi-escapes cache-miss
1964 http fetch GET 200 https://registry.npmjs.org/type-fest 195ms (cache revalidated)
1965 silly packumentCache full:https://registry.npmjs.org/type-fest set size:557806 disposed:false
1966 silly fetch manifest supports-hyperlinks@^2.0.0
1967 silly packumentCache full:https://registry.npmjs.org/supports-hyperlinks cache-miss
1968 http fetch GET 200 https://registry.npmjs.org/minipass 152ms (cache revalidated)
1969 silly packumentCache full:https://registry.npmjs.org/minipass set size:276925 disposed:false
1970 silly packumentCache full:https://registry.npmjs.org/minipass dispose
1971 silly fetch manifest strip-ansi@^6.0.0
1972 silly packumentCache full:https://registry.npmjs.org/strip-ansi cache-hit
1973 silly fetch manifest ansi-styles@^4.0.0
1974 silly packumentCache full:https://registry.npmjs.org/ansi-styles cache-hit
1975 silly fetch manifest string-width@^4.1.0
1976 silly packumentCache full:https://registry.npmjs.org/string-width cache-miss
1977 http fetch GET 200 https://registry.npmjs.org/minizlib 153ms (cache revalidated)
1978 silly packumentCache full:https://registry.npmjs.org/minizlib set size:62862 disposed:false
1979 http fetch GET 200 https://registry.npmjs.org/chownr 170ms (cache revalidated)
1980 silly packumentCache full:https://registry.npmjs.org/chownr set size:22157 disposed:false
1981 http fetch GET 200 https://registry.npmjs.org/string-width 11ms (cache hit)
1982 silly packumentCache full:https://registry.npmjs.org/string-width set size:68305 disposed:false
1983 http fetch GET 200 https://registry.npmjs.org/ansi-escapes 142ms (cache revalidated)
1984 silly packumentCache full:https://registry.npmjs.org/ansi-escapes set size:70915 disposed:false
1985 http fetch GET 200 https://registry.npmjs.org/@isaacs%2ffs-minipass 301ms (cache revalidated)
1986 silly packumentCache full:https://registry.npmjs.org/@isaacs%2ffs-minipass set size:7912 disposed:false
1987 http fetch GET 200 https://registry.npmjs.org/validate-npm-package-name 1171ms (cache revalidated)
1988 silly packumentCache full:https://registry.npmjs.org/validate-npm-package-name set size:48143 disposed:false
1989 http fetch GET 200 https://registry.npmjs.org/supports-hyperlinks 459ms (cache revalidated)
1990 silly packumentCache full:https://registry.npmjs.org/supports-hyperlinks set size:36220 disposed:false
1991 silly placeDep node_modules/@expo/config @babel/code-frame@7.10.4 OK for: @expo/config@12.0.13 want: ~7.10.4
1992 silly placeDep ROOT @expo/config-types@54.0.10 OK for: @expo/config@12.0.13 want: ^54.0.10
1993 silly placeDep ROOT deepmerge@4.3.1 OK for: @expo/config@12.0.13 want: ^4.3.1
1994 silly placeDep node_modules/@expo/config glob@13.0.6 OK for: @expo/config@12.0.13 want: ^13.0.0
1995 silly placeDep ROOT resolve-workspace-root@2.0.1 OK for: @expo/config@12.0.13 want: ^2.0.0
1996 silly placeDep node_modules/@expo/config semver@7.7.4 OK for: @expo/config@12.0.13 want: ^7.6.0
1997 silly placeDep ROOT sucrase@3.35.1 OK for: @expo/config@12.0.13 want: ~3.35.1
1998 silly fetch manifest @babel/highlight@^7.10.4
1999 silly packumentCache full:https://registry.npmjs.org/@babel%2fhighlight cache-miss
2000 silly fetch manifest commander@^4.0.0
2001 silly packumentCache full:https://registry.npmjs.org/commander cache-hit
2002 silly fetch manifest lines-and-columns@^1.1.6
2003 silly packumentCache full:https://registry.npmjs.org/lines-and-columns cache-miss
2004 silly fetch manifest mz@^2.7.0
2005 silly packumentCache full:https://registry.npmjs.org/mz cache-miss
2006 silly fetch manifest pirates@^4.0.1
2007 silly packumentCache full:https://registry.npmjs.org/pirates cache-miss
2008 silly fetch manifest tinyglobby@^0.2.11
2009 silly packumentCache full:https://registry.npmjs.org/tinyglobby cache-miss
2010 silly fetch manifest ts-interface-checker@^0.1.9
2011 silly packumentCache full:https://registry.npmjs.org/ts-interface-checker cache-miss
2012 http fetch GET 200 https://registry.npmjs.org/tinyglobby 137ms (cache revalidated)
2013 silly packumentCache full:https://registry.npmjs.org/tinyglobby set size:52660 disposed:false
2014 http fetch GET 200 https://registry.npmjs.org/lines-and-columns 145ms (cache revalidated)
2015 silly packumentCache full:https://registry.npmjs.org/lines-and-columns set size:73796 disposed:false
2016 http fetch GET 200 https://registry.npmjs.org/ts-interface-checker 145ms (cache revalidated)
2017 silly packumentCache full:https://registry.npmjs.org/ts-interface-checker set size:58946 disposed:false
2018 http fetch GET 200 https://registry.npmjs.org/@babel%2fhighlight 163ms (cache revalidated)
2019 silly packumentCache full:https://registry.npmjs.org/@babel%2fhighlight set size:154219 disposed:false
2020 http fetch GET 200 https://registry.npmjs.org/pirates 169ms (cache miss)
2021 silly packumentCache full:https://registry.npmjs.org/pirates set size:undefined disposed:false
2022 http fetch GET 200 https://registry.npmjs.org/mz 1095ms (cache revalidated)
2023 silly packumentCache full:https://registry.npmjs.org/mz set size:42731 disposed:false
2024 silly placeDep ROOT @expo/sdk-runtime-versions@1.0.0 OK for: @expo/config-plugins@54.0.4 want: ^1.0.0
2025 silly placeDep node_modules/@expo/config-plugins glob@13.0.6 OK for: @expo/config-plugins@54.0.4 want: ^13.0.0
2026 silly placeDep node_modules/@expo/config-plugins semver@7.7.4 OK for: @expo/config-plugins@54.0.4 want: ^7.5.4
2027 silly placeDep ROOT slash@3.0.0 OK for: @expo/config-plugins@54.0.4 want: ^3.0.0
2028 silly placeDep ROOT xcode@3.0.1 OK for: @expo/config-plugins@54.0.4 want: ^3.0.1
2029 silly placeDep ROOT xml2js@0.6.0 OK for: @expo/config-plugins@54.0.4 want: 0.6.0
2030 silly fetch manifest uuid@^7.0.3
2031 silly packumentCache full:https://registry.npmjs.org/uuid cache-miss
2032 silly fetch manifest simple-plist@^1.1.0
2033 silly packumentCache full:https://registry.npmjs.org/simple-plist cache-miss
2034 silly fetch manifest sax@>=0.6.0
2035 silly packumentCache full:https://registry.npmjs.org/sax cache-miss
2036 silly fetch manifest xmlbuilder@~11.0.0
2037 silly packumentCache full:https://registry.npmjs.org/xmlbuilder cache-hit
2038 http fetch GET 200 https://registry.npmjs.org/uuid 114ms (cache revalidated)
2039 silly packumentCache full:https://registry.npmjs.org/uuid set size:224608 disposed:false
2040 http fetch GET 200 https://registry.npmjs.org/sax 117ms (cache revalidated)
2041 silly packumentCache full:https://registry.npmjs.org/sax set size:91199 disposed:false
2042 http fetch GET 200 https://registry.npmjs.org/simple-plist 1149ms (cache revalidated)
2043 silly packumentCache full:https://registry.npmjs.org/simple-plist set size:46135 disposed:false
2044 silly placeDep ROOT @expo/sudo-prompt@9.3.2 OK for: @expo/devcert@1.2.1 want: ^9.3.1
2045 silly placeDep node_modules/@expo/devcert debug@3.2.7 OK for: @expo/devcert@1.2.1 want: ^3.1.0
2046 silly placeDep ROOT dotenv@16.4.7 OK for: @expo/env@2.0.11 want: ~16.4.5
2047 silly placeDep ROOT dotenv-expand@11.0.7 OK for: @expo/env@2.0.11 want: ~11.0.6
2048 silly placeDep node_modules/@expo/fingerprint glob@13.0.6 OK for: @expo/fingerprint@0.15.4 want: ^13.0.0
2049 silly placeDep ROOT ignore@5.3.2 OK for: @expo/fingerprint@0.15.4 want: ^5.3.1
2050 silly placeDep ROOT p-limit@3.1.0 OK for: @expo/fingerprint@0.15.4 want: ^3.1.0
2051 silly placeDep node_modules/@expo/fingerprint semver@7.7.4 OK for: @expo/fingerprint@0.15.4 want: ^7.6.0
2052 silly fetch manifest yocto-queue@^0.1.0
2053 silly packumentCache full:https://registry.npmjs.org/yocto-queue cache-miss
2054 http fetch GET 200 https://registry.npmjs.org/yocto-queue 105ms (cache revalidated)
2055 silly packumentCache full:https://registry.npmjs.org/yocto-queue set size:20256 disposed:false
2056 silly placeDep ROOT @expo/require-utils@55.0.4 OK for: @expo/image-utils@0.8.13 want: ^55.0.4
2057 silly placeDep ROOT jimp-compact@0.16.1 OK for: @expo/image-utils@0.8.13 want: 0.16.1
2058 silly placeDep ROOT parse-png@2.1.0 OK for: @expo/image-utils@0.8.13 want: ^2.1.0
2059 silly placeDep node_modules/@expo/image-utils semver@7.7.4 OK for: @expo/image-utils@0.8.13 want: ^7.6.0
2060 silly fetch manifest pngjs@^3.3.0
2061 silly packumentCache full:https://registry.npmjs.org/pngjs cache-miss
2062 http fetch GET 200 https://registry.npmjs.org/pngjs 105ms (cache revalidated)
2063 silly packumentCache full:https://registry.npmjs.org/pngjs set size:70154 disposed:false
2064 silly placeDep ROOT metro@0.83.3 OK for: @expo/metro@54.2.0 want: 0.83.3
2065 silly placeDep ROOT metro-babel-transformer@0.83.3 OK for: @expo/metro@54.2.0 want: 0.83.3
2066 silly placeDep ROOT metro-cache@0.83.3 OK for: @expo/metro@54.2.0 want: 0.83.3
2067 silly placeDep ROOT metro-cache-key@0.83.3 OK for: @expo/metro@54.2.0 want: 0.83.3
2068 silly placeDep ROOT metro-config@0.83.3 OK for: @expo/metro@54.2.0 want: 0.83.3
2069 silly placeDep ROOT metro-core@0.83.3 OK for: @expo/metro@54.2.0 want: 0.83.3
2070 silly placeDep ROOT metro-file-map@0.83.3 OK for: @expo/metro@54.2.0 want: 0.83.3
2071 silly placeDep ROOT metro-minify-terser@0.83.3 OK for: @expo/metro@54.2.0 want: 0.83.3
2072 silly placeDep ROOT metro-resolver@0.83.3 OK for: @expo/metro@54.2.0 want: 0.83.3
2073 silly placeDep ROOT metro-runtime@0.83.3 OK for: @expo/metro@54.2.0 want: 0.83.3
2074 silly placeDep ROOT metro-source-map@0.83.3 OK for: @expo/metro@54.2.0 want: 0.83.3
2075 silly placeDep ROOT metro-symbolicate@0.83.3 OK for: @expo/metro@54.2.0 want: 0.83.3
2076 silly placeDep ROOT metro-transform-plugins@0.83.3 OK for: @expo/metro@54.2.0 want: 0.83.3
2077 silly placeDep ROOT metro-transform-worker@0.83.3 OK for: @expo/metro@54.2.0 want: 0.83.3
2078 silly fetch manifest ws@^7.5.10
2079 silly packumentCache full:https://registry.npmjs.org/ws cache-hit
2080 silly fetch manifest throat@^5.0.0
2081 silly packumentCache full:https://registry.npmjs.org/throat cache-miss
2082 silly fetch manifest ci-info@^2.0.0
2083 silly packumentCache full:https://registry.npmjs.org/ci-info cache-hit
2084 silly fetch manifest image-size@^1.0.2
2085 silly packumentCache full:https://registry.npmjs.org/image-size cache-miss
2086 silly fetch manifest mime-types@^2.1.27
2087 silly packumentCache full:https://registry.npmjs.org/mime-types cache-hit
2088 silly fetch manifest source-map@^0.5.6
2089 silly packumentCache full:https://registry.npmjs.org/source-map cache-hit
2090 silly fetch manifest graceful-fs@^4.2.4
2091 silly packumentCache full:https://registry.npmjs.org/graceful-fs cache-miss
2092 silly fetch manifest jest-worker@^29.7.0
2093 silly packumentCache full:https://registry.npmjs.org/jest-worker cache-miss
2094 silly fetch manifest jsc-safe-url@^0.2.2
2095 silly packumentCache full:https://registry.npmjs.org/jsc-safe-url cache-hit
2096 silly fetch manifest hermes-parser@0.32.0
2097 silly packumentCache full:https://registry.npmjs.org/hermes-parser cache-hit
2098 silly fetch manifest lodash.throttle@^4.1.1
2099 silly packumentCache full:https://registry.npmjs.org/lodash.throttle cache-miss
2100 silly fetch manifest serialize-error@^2.1.0
2101 silly packumentCache full:https://registry.npmjs.org/serialize-error cache-miss
2102 silly fetch manifest error-stack-parser@^2.0.6
2103 silly packumentCache full:https://registry.npmjs.org/error-stack-parser cache-miss
2104 http fetch GET 200 https://registry.npmjs.org/throat 157ms (cache revalidated)
2105 silly packumentCache full:https://registry.npmjs.org/throat set size:31052 disposed:false
2106 silly fetch manifest https-proxy-agent@^7.0.5
2107 silly packumentCache full:https://registry.npmjs.org/https-proxy-agent cache-miss
2108 http fetch GET 200 https://registry.npmjs.org/serialize-error 145ms (cache revalidated)
2109 silly packumentCache full:https://registry.npmjs.org/serialize-error set size:64056 disposed:false
2110 silly fetch manifest exponential-backoff@^3.1.1
2111 silly packumentCache full:https://registry.npmjs.org/exponential-backoff cache-miss
2112 http fetch GET 200 https://registry.npmjs.org/lodash.throttle 149ms (cache revalidated)
2113 silly packumentCache full:https://registry.npmjs.org/lodash.throttle set size:32799 disposed:false
2114 silly fetch manifest yaml@^2.6.1
2115 silly packumentCache full:https://registry.npmjs.org/yaml cache-miss
2116 http fetch GET 200 https://registry.npmjs.org/error-stack-parser 146ms (cache revalidated)
2117 silly packumentCache full:https://registry.npmjs.org/error-stack-parser set size:89379 disposed:false
2118 silly fetch manifest jest-validate@^29.7.0
2119 silly packumentCache full:https://registry.npmjs.org/jest-validate cache-miss
2120 http fetch GET 200 https://registry.npmjs.org/image-size 169ms (cache revalidated)
2121 silly packumentCache full:https://registry.npmjs.org/image-size set size:155542 disposed:false
2122 silly fetch manifest walker@^1.0.7
2123 silly packumentCache full:https://registry.npmjs.org/walker cache-miss
2124 http fetch GET 200 https://registry.npmjs.org/https-proxy-agent 136ms (cache revalidated)
2125 silly packumentCache full:https://registry.npmjs.org/https-proxy-agent set size:81258 disposed:false
2126 silly fetch manifest micromatch@^4.0.4
2127 silly packumentCache full:https://registry.npmjs.org/micromatch cache-miss
2128 http fetch GET 200 https://registry.npmjs.org/exponential-backoff 151ms (cache revalidated)
2129 silly packumentCache full:https://registry.npmjs.org/exponential-backoff set size:56105 disposed:false
2130 silly fetch manifest fb-watchman@^2.0.0
2131 silly packumentCache full:https://registry.npmjs.org/fb-watchman cache-miss
2132 http fetch GET 200 https://registry.npmjs.org/yaml 162ms (cache revalidated)
2133 silly packumentCache full:https://registry.npmjs.org/yaml set size:375230 disposed:false
2134 silly fetch manifest graceful-fs@^4.2.4
2135 silly packumentCache full:https://registry.npmjs.org/graceful-fs cache-miss
2136 http fetch GET 200 https://registry.npmjs.org/walker 169ms (cache miss)
2137 silly packumentCache full:https://registry.npmjs.org/walker set size:undefined disposed:false
2138 silly fetch manifest jest-worker@^29.7.0
2139 silly packumentCache full:https://registry.npmjs.org/jest-worker cache-miss
2140 http fetch GET 200 https://registry.npmjs.org/graceful-fs 437ms (cache miss)
2141 silly packumentCache full:https://registry.npmjs.org/graceful-fs set size:undefined disposed:false
2142 silly fetch manifest terser@^5.15.0
2143 silly packumentCache full:https://registry.npmjs.org/terser cache-miss
2144 http fetch GET 200 https://registry.npmjs.org/fb-watchman 253ms (cache miss)
2145 silly packumentCache full:https://registry.npmjs.org/fb-watchman set size:undefined disposed:false
2146 silly fetch manifest ob1@0.83.3
2147 silly packumentCache full:https://registry.npmjs.org/ob1 cache-miss
2148 http fetch GET 200 https://registry.npmjs.org/jest-worker 255ms (cache miss)
2149 silly packumentCache full:https://registry.npmjs.org/jest-worker set size:undefined disposed:false
2150 silly fetch manifest vlq@^1.0.0
2151 silly packumentCache full:https://registry.npmjs.org/vlq cache-miss
2152 http fetch GET 200 https://registry.npmjs.org/terser 237ms (cache revalidated)
2153 silly packumentCache full:https://registry.npmjs.org/terser set size:789927 disposed:false
2154 silly fetch manifest @babel/traverse--for-generate-function-map@npm:@babel/traverse@^7.25.3
2155 silly packumentCache full:https://registry.npmjs.org/@babel%2ftraverse cache-hit
2156 silly fetch manifest vlq@^1.0.0
2157 silly packumentCache full:https://registry.npmjs.org/vlq cache-miss
2158 http fetch GET 200 https://registry.npmjs.org/graceful-fs 374ms (cache miss)
2159 silly packumentCache full:https://registry.npmjs.org/graceful-fs set size:undefined disposed:false
2160 http fetch GET 200 https://registry.npmjs.org/jest-validate 543ms (cache revalidated)
2161 silly packumentCache full:https://registry.npmjs.org/jest-validate set size:564124 disposed:false
2162 http fetch GET 200 https://registry.npmjs.org/vlq 210ms (cache revalidated)
2163 silly packumentCache full:https://registry.npmjs.org/vlq set size:23110 disposed:false
2164 http fetch GET 200 https://registry.npmjs.org/vlq 230ms (cache revalidated)
2165 silly packumentCache full:https://registry.npmjs.org/vlq set size:23110 disposed:false
2166 silly packumentCache full:https://registry.npmjs.org/vlq dispose
2167 http fetch GET 200 https://registry.npmjs.org/micromatch 849ms (cache miss)
2168 silly packumentCache full:https://registry.npmjs.org/micromatch set size:undefined disposed:false
2169 http fetch GET 200 https://registry.npmjs.org/ob1 596ms (cache revalidated)
2170 silly packumentCache full:https://registry.npmjs.org/ob1 set size:213726 disposed:false
2171 http fetch GET 200 https://registry.npmjs.org/jest-worker 2053ms (cache miss)
2172 silly packumentCache full:https://registry.npmjs.org/jest-worker set size:undefined disposed:false
2173 silly placeDep node_modules/@expo/metro-config glob@13.0.6 OK for: @expo/metro-config@54.0.14 want: ^13.0.0
2174 silly placeDep ROOT jsc-safe-url@0.2.4 OK for: @expo/metro-config@54.0.14 want: ^0.2.4
2175 silly placeDep ROOT lightningcss@1.32.0 OK for: @expo/metro-config@54.0.14 want: ^1.30.1
2176 silly placeDep ROOT postcss@8.4.49 OK for: @expo/metro-config@54.0.14 want: ~8.4.32
2177 silly fetch manifest detect-libc@^2.0.3
2178 silly packumentCache full:https://registry.npmjs.org/detect-libc cache-miss
2179 silly fetch manifest lightningcss-darwin-x64@1.32.0
2180 silly packumentCache full:https://registry.npmjs.org/lightningcss-darwin-x64 cache-miss
2181 silly fetch manifest lightningcss-linux-x64-gnu@1.32.0
2182 silly packumentCache full:https://registry.npmjs.org/lightningcss-linux-x64-gnu cache-miss
2183 silly fetch manifest lightningcss-win32-x64-msvc@1.32.0
2184 silly packumentCache full:https://registry.npmjs.org/lightningcss-win32-x64-msvc cache-miss
2185 silly fetch manifest lightningcss-win32-arm64-msvc@1.32.0
2186 silly packumentCache full:https://registry.npmjs.org/lightningcss-win32-arm64-msvc cache-miss
2187 silly fetch manifest lightningcss-darwin-arm64@1.32.0
2188 silly packumentCache full:https://registry.npmjs.org/lightningcss-darwin-arm64 cache-miss
2189 silly fetch manifest lightningcss-linux-arm64-gnu@1.32.0
2190 silly packumentCache full:https://registry.npmjs.org/lightningcss-linux-arm64-gnu cache-miss
2191 http fetch GET 200 https://registry.npmjs.org/lightningcss-win32-x64-msvc 124ms (cache revalidated)
2192 silly packumentCache full:https://registry.npmjs.org/lightningcss-win32-x64-msvc set size:79645 disposed:false
2193 silly fetch manifest lightningcss-linux-arm-gnueabihf@1.32.0
2194 silly packumentCache full:https://registry.npmjs.org/lightningcss-linux-arm-gnueabihf cache-miss
2195 http fetch GET 200 https://registry.npmjs.org/lightningcss-linux-x64-gnu 180ms (cache revalidated)
2196 silly packumentCache full:https://registry.npmjs.org/lightningcss-linux-x64-gnu set size:80105 disposed:false
2197 silly fetch manifest lightningcss-linux-arm64-musl@1.32.0
2198 silly packumentCache full:https://registry.npmjs.org/lightningcss-linux-arm64-musl cache-miss
2199 http fetch GET 200 https://registry.npmjs.org/detect-libc 185ms (cache revalidated)
2200 silly packumentCache full:https://registry.npmjs.org/detect-libc set size:47861 disposed:false
2201 silly fetch manifest lightningcss-linux-x64-musl@1.32.0
2202 silly packumentCache full:https://registry.npmjs.org/lightningcss-linux-x64-musl cache-miss
2203 http fetch GET 200 https://registry.npmjs.org/lightningcss-darwin-arm64 183ms (cache revalidated)
2204 silly packumentCache full:https://registry.npmjs.org/lightningcss-darwin-arm64 set size:79276 disposed:false
2205 silly fetch manifest lightningcss-freebsd-x64@1.32.0
2206 silly packumentCache full:https://registry.npmjs.org/lightningcss-freebsd-x64 cache-miss
2207 http fetch GET 200 https://registry.npmjs.org/lightningcss-linux-arm64-gnu 190ms (cache revalidated)
2208 silly packumentCache full:https://registry.npmjs.org/lightningcss-linux-arm64-gnu set size:80669 disposed:false
2209 silly fetch manifest lightningcss-android-arm64@1.32.0
2210 silly packumentCache full:https://registry.npmjs.org/lightningcss-android-arm64 cache-miss
2211 http fetch GET 200 https://registry.npmjs.org/lightningcss-win32-arm64-msvc 195ms (cache revalidated)
2212 silly packumentCache full:https://registry.npmjs.org/lightningcss-win32-arm64-msvc set size:26629 disposed:false
2213 silly fetch manifest source-map-js@^1.2.1
2214 silly packumentCache full:https://registry.npmjs.org/source-map-js cache-miss
2215 http fetch GET 200 https://registry.npmjs.org/lightningcss-darwin-x64 200ms (cache revalidated)
2216 silly packumentCache full:https://registry.npmjs.org/lightningcss-darwin-x64 set size:78694 disposed:false
2217 http fetch GET 200 https://registry.npmjs.org/lightningcss-linux-arm-gnueabihf 114ms (cache revalidated)
2218 silly packumentCache full:https://registry.npmjs.org/lightningcss-linux-arm-gnueabihf set size:80903 disposed:false
2219 http fetch GET 200 https://registry.npmjs.org/lightningcss-linux-arm64-musl 134ms (cache revalidated)
2220 silly packumentCache full:https://registry.npmjs.org/lightningcss-linux-arm64-musl set size:80887 disposed:false
2221 http fetch GET 200 https://registry.npmjs.org/lightningcss-android-arm64 433ms (cache revalidated)
2222 silly packumentCache full:https://registry.npmjs.org/lightningcss-android-arm64 set size:7671 disposed:false
2223 http fetch GET 200 https://registry.npmjs.org/lightningcss-linux-x64-musl 445ms (cache revalidated)
2224 silly packumentCache full:https://registry.npmjs.org/lightningcss-linux-x64-musl set size:80313 disposed:false
2225 http fetch GET 200 https://registry.npmjs.org/lightningcss-freebsd-x64 472ms (cache revalidated)
2226 silly packumentCache full:https://registry.npmjs.org/lightningcss-freebsd-x64 set size:42877 disposed:false
2227 http fetch GET 200 https://registry.npmjs.org/source-map-js 1043ms (cache revalidated)
2228 silly packumentCache full:https://registry.npmjs.org/source-map-js set size:62640 disposed:false
2229 silly placeDep ROOT @xmldom/xmldom@0.8.12 OK for: @expo/plist@0.4.8 want: ^0.8.8
2230 silly placeDep ROOT base64-js@1.5.1 OK for: @expo/plist@0.4.8 want: ^1.2.3
2231 silly placeDep ROOT xmlbuilder@15.1.1 OK for: @expo/plist@0.4.8 want: ^15.1.1
2232 silly placeDep ROOT @react-native/normalize-colors@0.81.5 OK for: @expo/prebuild-config@54.0.8 want: 0.81.5
2233 silly placeDep node_modules/@expo/prebuild-config semver@7.7.4 OK for: @expo/prebuild-config@54.0.8 want: ^7.6.0
2234 silly placeDep ROOT cross-spawn@7.0.6 OK for: @expo/spawn-async@1.7.2 want: ^7.0.3
2235 silly fetch manifest which@^2.0.1
2236 silly packumentCache full:https://registry.npmjs.org/which cache-miss
2237 silly fetch manifest path-key@^3.1.0
2238 silly packumentCache full:https://registry.npmjs.org/path-key cache-miss
2239 silly fetch manifest shebang-command@^2.0.0
2240 silly packumentCache full:https://registry.npmjs.org/shebang-command cache-miss
2241 http fetch GET 200 https://registry.npmjs.org/which 103ms (cache revalidated)
2242 silly packumentCache full:https://registry.npmjs.org/which set size:67747 disposed:false
2243 http fetch GET 200 https://registry.npmjs.org/path-key 104ms (cache revalidated)
2244 silly packumentCache full:https://registry.npmjs.org/path-key set size:16975 disposed:false
2245 http fetch GET 200 https://registry.npmjs.org/shebang-command 159ms (cache revalidated)
2246 silly packumentCache full:https://registry.npmjs.org/shebang-command set size:8525 disposed:false
2247 silly placeDep ROOT js-yaml@4.1.1 OK for: @expo/xcpretty@4.4.3 want: ^4.1.0
2248 silly fetch manifest argparse@^2.0.1
2249 silly packumentCache full:https://registry.npmjs.org/argparse cache-miss
2250 http fetch GET 200 https://registry.npmjs.org/argparse 92ms (cache revalidated)
2251 silly packumentCache full:https://registry.npmjs.org/argparse set size:49266 disposed:false
2252 silly placeDep ROOT @isaacs/ttlcache@1.4.1 OK for: @react-native/dev-middleware@0.81.5 want: ^1.4.1
2253 silly placeDep ROOT @react-native/debugger-frontend@0.81.5 OK for: @react-native/dev-middleware@0.81.5 want: 0.81.5
2254 silly placeDep ROOT chrome-launcher@0.15.2 OK for: @react-native/dev-middleware@0.81.5 want: ^0.15.2
2255 silly placeDep ROOT chromium-edge-launcher@0.2.0 OK for: @react-native/dev-middleware@0.81.5 want: ^0.2.0
2256 silly placeDep ROOT open@7.4.2 OK for: @react-native/dev-middleware@0.81.5 want: ^7.0.3
2257 silly placeDep ROOT serve-static@1.16.3 OK for: @react-native/dev-middleware@0.81.5 want: ^1.16.2
2258 silly placeDep node_modules/@react-native/dev-middleware ws@6.2.3 OK for: @react-native/dev-middleware@0.81.5 want: ^6.2.3
2259 silly fetch manifest is-wsl@^2.2.0
2260 silly packumentCache full:https://registry.npmjs.org/is-wsl cache-miss
2261 silly fetch manifest @types/node@*
2262 silly packumentCache full:https://registry.npmjs.org/@types%2fnode cache-miss
2263 silly fetch manifest lighthouse-logger@^1.0.0
2264 silly packumentCache full:https://registry.npmjs.org/lighthouse-logger cache-miss
2265 silly fetch manifest @types/node@*
2266 silly packumentCache full:https://registry.npmjs.org/@types%2fnode cache-miss
2267 silly fetch manifest is-wsl@^2.2.0
2268 silly packumentCache full:https://registry.npmjs.org/is-wsl cache-miss
2269 silly fetch manifest lighthouse-logger@^1.0.0
2270 silly packumentCache full:https://registry.npmjs.org/lighthouse-logger cache-miss
2271 silly fetch manifest mkdirp@^1.0.4
2272 silly packumentCache full:https://registry.npmjs.org/mkdirp cache-miss
2273 http fetch GET 200 https://registry.npmjs.org/is-wsl 103ms (cache revalidated)
2274 silly packumentCache full:https://registry.npmjs.org/is-wsl set size:20683 disposed:false
2275 silly fetch manifest rimraf@^3.0.2
2276 silly packumentCache full:https://registry.npmjs.org/rimraf cache-miss
2277 http fetch GET 200 https://registry.npmjs.org/mkdirp 104ms (cache revalidated)
2278 silly packumentCache full:https://registry.npmjs.org/mkdirp set size:116455 disposed:false
2279 silly fetch manifest is-wsl@^2.1.1
2280 silly packumentCache full:https://registry.npmjs.org/is-wsl cache-hit
2281 silly fetch manifest is-docker@^2.0.0
2282 silly packumentCache full:https://registry.npmjs.org/is-docker cache-miss
2283 http fetch GET 200 https://registry.npmjs.org/is-wsl 112ms (cache revalidated)
2284 silly packumentCache full:https://registry.npmjs.org/is-wsl set size:20683 disposed:false
2285 silly packumentCache full:https://registry.npmjs.org/is-wsl dispose
2286 silly fetch manifest async-limiter@~1.0.0
2287 silly packumentCache full:https://registry.npmjs.org/async-limiter cache-miss
2288 http fetch GET 200 https://registry.npmjs.org/rimraf 139ms (cache revalidated)
2289 silly packumentCache full:https://registry.npmjs.org/rimraf set size:212626 disposed:false
2290 http fetch GET 200 https://registry.npmjs.org/is-docker 145ms (cache revalidated)
2291 silly packumentCache full:https://registry.npmjs.org/is-docker set size:23690 disposed:false
2292 http fetch GET 200 https://registry.npmjs.org/async-limiter 144ms (cache miss)
2293 silly packumentCache full:https://registry.npmjs.org/async-limiter set size:undefined disposed:false
2294 http fetch GET 200 https://registry.npmjs.org/lighthouse-logger 455ms (cache revalidated)
2295 silly packumentCache full:https://registry.npmjs.org/lighthouse-logger set size:19412 disposed:false
2296 http fetch GET 200 https://registry.npmjs.org/lighthouse-logger 474ms (cache revalidated)
2297 silly packumentCache full:https://registry.npmjs.org/lighthouse-logger set size:19412 disposed:false
2298 silly packumentCache full:https://registry.npmjs.org/lighthouse-logger dispose
2299 http fetch GET 200 https://registry.npmjs.org/@types%2fnode 6408ms (cache miss)
2300 silly packumentCache full:https://registry.npmjs.org/@types%2fnode set size:undefined disposed:false
2301 http fetch GET 200 https://registry.npmjs.org/@types%2fnode 6785ms (cache miss)
2302 silly packumentCache full:https://registry.npmjs.org/@types%2fnode set size:undefined disposed:false
2303 silly placeDep ROOT wonka@6.3.6 OK for: @urql/core@5.2.0 want: ^6.3.2
2304 silly placeDep ROOT mime-types@2.1.35 OK for: accepts@1.3.8 want: ~2.1.34
2305 silly placeDep ROOT negotiator@0.6.3 OK for: accepts@1.3.8 want: 0.6.3
2306 silly fetch manifest mime-db@1.52.0
2307 silly packumentCache full:https://registry.npmjs.org/mime-db cache-miss
2308 http fetch GET 200 https://registry.npmjs.org/mime-db 105ms (cache revalidated)
2309 silly packumentCache full:https://registry.npmjs.org/mime-db set size:164953 disposed:false
2310 silly placeDep node_modules/better-opn open@8.4.2 OK for: better-opn@3.0.2 want: ^8.0.4
2311 silly fetch manifest is-docker@^2.1.1
2312 silly packumentCache full:https://registry.npmjs.org/is-docker cache-hit
2313 silly fetch manifest define-lazy-prop@^2.0.0
2314 silly packumentCache full:https://registry.npmjs.org/define-lazy-prop cache-miss
2315 http fetch GET 200 https://registry.npmjs.org/define-lazy-prop 128ms (cache revalidated)
2316 silly packumentCache full:https://registry.npmjs.org/define-lazy-prop set size:9337 disposed:false
2317 silly placeDep ROOT stream-buffers@2.2.0 OK for: bplist-creator@0.1.0 want: 2.2.x
2318 silly placeDep ROOT big-integer@1.6.52 OK for: bplist-parser@0.3.2 want: 1.6.x
2319 silly placeDep ROOT ansi-styles@4.3.0 OK for: chalk@4.1.2 want: ^4.1.0
2320 silly placeDep ROOT supports-color@7.2.0 OK for: chalk@4.1.2 want: ^7.1.0
2321 silly fetch manifest has-flag@^4.0.0
2322 silly packumentCache full:https://registry.npmjs.org/has-flag cache-miss
2323 http fetch GET 200 https://registry.npmjs.org/has-flag 129ms (cache revalidated)
2324 silly packumentCache full:https://registry.npmjs.org/has-flag set size:15180 disposed:false
2325 silly placeDep ROOT @types/node@25.6.0 OK for: chrome-launcher@0.15.2 want: *
2326 silly placeDep ROOT is-wsl@2.2.0 OK for: chrome-launcher@0.15.2 want: ^2.2.0
2327 silly placeDep ROOT lighthouse-logger@1.4.2 OK for: chrome-launcher@0.15.2 want: ^1.0.0
2328 silly fetch manifest undici-types@~7.19.0
2329 silly packumentCache full:https://registry.npmjs.org/undici-types cache-miss
2330 silly fetch manifest debug@^2.6.9
2331 silly packumentCache full:https://registry.npmjs.org/debug cache-hit
2332 silly fetch manifest marky@^1.2.2
2333 silly packumentCache full:https://registry.npmjs.org/marky cache-miss
2334 http fetch GET 200 https://registry.npmjs.org/marky 211ms (cache revalidated)
2335 silly packumentCache full:https://registry.npmjs.org/marky set size:45300 disposed:false
2336 http fetch GET 200 https://registry.npmjs.org/undici-types 1137ms (cache miss)
2337 silly packumentCache full:https://registry.npmjs.org/undici-types set size:undefined disposed:false
2338 silly placeDep ROOT undici-types@7.19.2 OK for: @types/node@25.6.0 want: ~7.19.0
2339 silly placeDep ROOT mkdirp@1.0.4 OK for: chromium-edge-launcher@0.2.0 want: ^1.0.4
2340 silly placeDep ROOT rimraf@3.0.2 OK for: chromium-edge-launcher@0.2.0 want: ^3.0.2
2341 silly placeDep ROOT bytes@3.1.2 OK for: compression@1.8.1 want: 3.1.2
2342 silly placeDep ROOT compressible@2.0.18 OK for: compression@1.8.1 want: ~2.0.18
2343 silly placeDep node_modules/compression debug@2.6.9 OK for: compression@1.8.1 want: 2.6.9
2344 silly placeDep node_modules/compression negotiator@0.6.4 OK for: compression@1.8.1 want: ~0.6.4
2345 silly placeDep ROOT on-headers@1.1.0 OK for: compression@1.8.1 want: ~1.1.0
2346 silly placeDep ROOT safe-buffer@5.2.1 OK for: compression@1.8.1 want: 5.2.1
2347 silly placeDep ROOT vary@1.1.2 OK for: compression@1.8.1 want: ~1.1.2
2348 silly fetch manifest mime-db@>= 1.43.0 < 2
2349 silly packumentCache full:https://registry.npmjs.org/mime-db cache-hit
2350 silly fetch manifest ms@2.0.0
2351 silly packumentCache full:https://registry.npmjs.org/ms cache-hit
2352 silly placeDep ROOT mime-db@1.54.0 OK for: compressible@2.0.18 want: >= 1.43.0 < 2
2353 silly placeDep node_modules/connect debug@2.6.9 OK for: connect@3.7.0 want: 2.6.9
2354 silly placeDep ROOT finalhandler@1.1.2 OK for: connect@3.7.0 want: 1.1.2
2355 silly placeDep ROOT parseurl@1.3.3 OK for: connect@3.7.0 want: ~1.3.3
2356 silly placeDep ROOT utils-merge@1.0.1 OK for: connect@3.7.0 want: 1.0.1
2357 silly fetch manifest unpipe@~1.0.0
2358 silly packumentCache full:https://registry.npmjs.org/unpipe cache-miss
2359 silly fetch manifest statuses@~1.5.0
2360 silly packumentCache full:https://registry.npmjs.org/statuses cache-hit
2361 silly fetch manifest encodeurl@~1.0.2
2362 silly packumentCache full:https://registry.npmjs.org/encodeurl cache-hit
2363 silly fetch manifest on-finished@~2.3.0
2364 silly packumentCache full:https://registry.npmjs.org/on-finished cache-hit
2365 http fetch GET 200 https://registry.npmjs.org/unpipe 1448ms (cache revalidated)
2366 silly packumentCache full:https://registry.npmjs.org/unpipe set size:3609 disposed:false
2367 silly placeDep ROOT path-key@3.1.1 OK for: cross-spawn@7.0.6 want: ^3.1.0
2368 silly placeDep ROOT shebang-command@2.0.0 OK for: cross-spawn@7.0.6 want: ^2.0.0
2369 silly placeDep ROOT which@2.0.2 OK for: cross-spawn@7.0.6 want: ^2.0.1
2370 silly fetch manifest shebang-regex@^3.0.0
2371 silly packumentCache full:https://registry.npmjs.org/shebang-regex cache-miss
2372 silly fetch manifest isexe@^2.0.0
2373 silly packumentCache full:https://registry.npmjs.org/isexe cache-miss
2374 http fetch GET 200 https://registry.npmjs.org/shebang-regex 1150ms (cache revalidated)
2375 silly packumentCache full:https://registry.npmjs.org/shebang-regex set size:9763 disposed:false
2376 http fetch GET 200 https://registry.npmjs.org/isexe 1151ms (cache revalidated)
2377 silly packumentCache full:https://registry.npmjs.org/isexe set size:31756 disposed:false
2378 silly placeDep ROOT fontfaceobserver@2.3.0 OK for: expo-font@14.0.11 want: ^2.1.0
2379 silly placeDep ROOT commander@7.2.0 OK for: expo-modules-autolinking@3.0.24 want: ^7.2.0
2380 silly placeDep ROOT react-native-is-edge-to-edge@1.3.1 OK for: expo-status-bar@3.0.9 want: ^1.2.1
2381 silly placeDep node_modules/finalhandler debug@2.6.9 OK for: finalhandler@1.1.2 want: 2.6.9
2382 silly placeDep ROOT encodeurl@1.0.2 OK for: finalhandler@1.1.2 want: ~1.0.2
2383 silly placeDep ROOT escape-html@1.0.3 OK for: finalhandler@1.1.2 want: ~1.0.3
2384 silly placeDep ROOT on-finished@2.3.0 OK for: finalhandler@1.1.2 want: ~2.3.0
2385 silly placeDep ROOT statuses@1.5.0 OK for: finalhandler@1.1.2 want: ~1.5.0
2386 silly placeDep ROOT unpipe@1.0.0 OK for: finalhandler@1.1.2 want: ~1.0.0
2387 silly fetch manifest ee-first@1.1.1
2388 silly packumentCache full:https://registry.npmjs.org/ee-first cache-miss
2389 http fetch GET 200 https://registry.npmjs.org/ee-first 992ms (cache revalidated)
2390 silly packumentCache full:https://registry.npmjs.org/ee-first set size:15327 disposed:false
2391 silly placeDep ROOT fs.realpath@1.0.0 OK for: glob@7.2.3 want: ^1.0.0
2392 silly placeDep ROOT inflight@1.0.6 OK for: glob@7.2.3 want: ^1.0.4
2393 silly placeDep ROOT inherits@2.0.4 OK for: glob@7.2.3 want: 2
2394 silly placeDep node_modules/glob minimatch@3.1.5 OK for: glob@7.2.3 want: ^3.1.1
2395 silly placeDep ROOT once@1.4.0 OK for: glob@7.2.3 want: ^1.3.0
2396 silly placeDep ROOT path-is-absolute@1.0.1 OK for: glob@7.2.3 want: ^1.0.0
2397 silly fetch manifest wrappy@1
2398 silly packumentCache full:https://registry.npmjs.org/wrappy cache-miss
2399 silly fetch manifest brace-expansion@^1.1.7
2400 silly packumentCache full:https://registry.npmjs.org/brace-expansion cache-hit
2401 silly fetch manifest wrappy@1
2402 silly packumentCache full:https://registry.npmjs.org/wrappy cache-miss
2403 http fetch GET 200 https://registry.npmjs.org/wrappy 1300ms (cache miss)
2404 silly packumentCache full:https://registry.npmjs.org/wrappy set size:undefined disposed:false
2405 http fetch GET 200 https://registry.npmjs.org/wrappy 1305ms (cache miss)
2406 silly packumentCache full:https://registry.npmjs.org/wrappy set size:undefined disposed:false
2407 silly placeDep ROOT hermes-estree@0.29.1 OK for: hermes-parser@0.29.1 want: 0.29.1
2408 silly placeDep ROOT wrappy@1.0.2 OK for: inflight@1.0.6 want: 1
2409 silly placeDep ROOT loose-envify@1.4.0 OK for: invariant@2.2.4 want: ^1.0.0
2410 silly placeDep ROOT is-docker@2.2.1 OK for: is-wsl@2.2.0 want: ^2.0.0
2411 silly placeDep ROOT argparse@2.0.1 OK for: js-yaml@4.1.1 want: ^2.0.1
2412 silly placeDep node_modules/lighthouse-logger debug@2.6.9 OK for: lighthouse-logger@1.4.2 want: ^2.6.9
2413 silly placeDep ROOT marky@1.3.0 OK for: lighthouse-logger@1.4.2 want: ^1.2.2
2414 silly placeDep ROOT detect-libc@2.1.2 OK for: lightningcss@1.32.0 want: ^2.0.3
2415 silly placeDep ROOT lightningcss-android-arm64@1.32.0 OK for: lightningcss@1.32.0 want: 1.32.0
2416 silly placeDep ROOT lightningcss-darwin-arm64@1.32.0 OK for: lightningcss@1.32.0 want: 1.32.0
2417 silly placeDep ROOT lightningcss-darwin-x64@1.32.0 OK for: lightningcss@1.32.0 want: 1.32.0
2418 silly placeDep ROOT lightningcss-freebsd-x64@1.32.0 OK for: lightningcss@1.32.0 want: 1.32.0
2419 silly placeDep ROOT lightningcss-linux-arm-gnueabihf@1.32.0 OK for: lightningcss@1.32.0 want: 1.32.0
2420 silly placeDep ROOT lightningcss-linux-arm64-gnu@1.32.0 OK for: lightningcss@1.32.0 want: 1.32.0
2421 silly placeDep ROOT lightningcss-linux-arm64-musl@1.32.0 OK for: lightningcss@1.32.0 want: 1.32.0
2422 silly placeDep ROOT lightningcss-linux-x64-gnu@1.32.0 OK for: lightningcss@1.32.0 want: 1.32.0
2423 silly placeDep ROOT lightningcss-linux-x64-musl@1.32.0 OK for: lightningcss@1.32.0 want: 1.32.0
2424 silly placeDep ROOT lightningcss-win32-arm64-msvc@1.32.0 OK for: lightningcss@1.32.0 want: 1.32.0
2425 silly placeDep ROOT lightningcss-win32-x64-msvc@1.32.0 OK for: lightningcss@1.32.0 want: 1.32.0
2426 silly placeDep ROOT yallist@3.1.1 OK for: lru-cache@5.1.1 want: ^3.0.2
2427 silly placeDep node_modules/metro ci-info@2.0.0 OK for: metro@0.83.3 want: ^2.0.0
2428 silly placeDep ROOT error-stack-parser@2.1.4 OK for: metro@0.83.3 want: ^2.0.6
2429 silly placeDep ROOT flow-enums-runtime@0.0.6 OK for: metro@0.83.3 want: ^0.0.6
2430 silly placeDep ROOT graceful-fs@4.2.11 OK for: metro@0.83.3 want: ^4.2.4
2431 silly placeDep node_modules/metro hermes-parser@0.32.0 OK for: metro@0.83.3 want: 0.32.0
2432 silly placeDep ROOT image-size@1.2.1 OK for: metro@0.83.3 want: ^1.0.2
2433 silly placeDep ROOT jest-worker@29.7.0 OK for: metro@0.83.3 want: ^29.7.0
2434 silly placeDep ROOT lodash.throttle@4.1.1 OK for: metro@0.83.3 want: ^4.1.1
2435 silly placeDep ROOT serialize-error@2.1.0 OK for: metro@0.83.3 want: ^2.1.0
2436 silly placeDep ROOT source-map@0.5.7 OK for: metro@0.83.3 want: ^0.5.6
2437 silly placeDep ROOT throat@5.0.0 OK for: metro@0.83.3 want: ^5.0.0
2438 silly placeDep node_modules/metro ws@7.5.10 OK for: metro@0.83.3 want: ^7.5.10
2439 silly fetch manifest stackframe@^1.3.4
2440 silly packumentCache full:https://registry.npmjs.org/stackframe cache-miss
2441 silly fetch manifest hermes-estree@0.32.0
2442 silly packumentCache full:https://registry.npmjs.org/hermes-estree cache-hit
2443 silly fetch manifest queue@6.0.2
2444 silly packumentCache full:https://registry.npmjs.org/queue cache-miss
2445 silly fetch manifest jest-util@^29.7.0
2446 silly packumentCache full:https://registry.npmjs.org/jest-util cache-miss
2447 silly fetch manifest merge-stream@^2.0.0
2448 silly packumentCache full:https://registry.npmjs.org/merge-stream cache-miss
2449 silly fetch manifest supports-color@^8.0.0
2450 silly packumentCache full:https://registry.npmjs.org/supports-color cache-hit
2451 http fetch GET 200 https://registry.npmjs.org/queue 947ms (cache revalidated)
2452 silly packumentCache full:https://registry.npmjs.org/queue set size:76287 disposed:false
2453 http fetch GET 200 https://registry.npmjs.org/stackframe 951ms (cache revalidated)
2454 silly packumentCache full:https://registry.npmjs.org/stackframe set size:54134 disposed:false
2455 http fetch GET 200 https://registry.npmjs.org/merge-stream 952ms (cache miss)
2456 silly packumentCache full:https://registry.npmjs.org/merge-stream set size:undefined disposed:false
2457 http fetch GET 200 https://registry.npmjs.org/jest-util 5807ms (cache miss)
2458 silly packumentCache full:https://registry.npmjs.org/jest-util set size:undefined disposed:false
2459 silly placeDep ROOT stackframe@1.3.4 OK for: error-stack-parser@2.1.4 want: ^1.3.4
2460 silly placeDep ROOT queue@6.0.2 OK for: image-size@1.2.1 want: 6.0.2
2461 silly placeDep ROOT jest-util@29.7.0 OK for: jest-worker@29.7.0 want: ^29.7.0
2462 silly placeDep ROOT merge-stream@2.0.0 OK for: jest-worker@29.7.0 want: ^2.0.0
2463 silly placeDep node_modules/jest-worker supports-color@8.1.1 OK for: jest-worker@29.7.0 want: ^8.0.0
2464 silly fetch manifest picomatch@^2.2.3
2465 silly packumentCache full:https://registry.npmjs.org/picomatch cache-hit
2466 silly fetch manifest @jest/types@^29.6.3
2467 silly packumentCache full:https://registry.npmjs.org/@jest%2ftypes cache-miss
2468 http fetch GET 200 https://registry.npmjs.org/@jest%2ftypes 1731ms (cache miss)
2469 silly packumentCache full:https://registry.npmjs.org/@jest%2ftypes set size:undefined disposed:false
2470 silly placeDep ROOT @jest/types@29.6.3 OK for: jest-util@29.7.0 want: ^29.6.3
2471 silly placeDep node_modules/jest-util picomatch@2.3.2 OK for: jest-util@29.7.0 want: ^2.2.3
2472 silly fetch manifest @types/yargs@^17.0.8
2473 silly packumentCache full:https://registry.npmjs.org/@types%2fyargs cache-miss
2474 silly fetch manifest @types/istanbul-reports@^3.0.0
2475 silly packumentCache full:https://registry.npmjs.org/@types%2fistanbul-reports cache-miss
2476 silly fetch manifest @types/istanbul-lib-coverage@^2.0.0
2477 silly packumentCache full:https://registry.npmjs.org/@types%2fistanbul-lib-coverage cache-miss
2478 http fetch GET 200 https://registry.npmjs.org/@types%2fistanbul-reports 2070ms (cache miss)
2479 silly packumentCache full:https://registry.npmjs.org/@types%2fistanbul-reports set size:undefined disposed:false
2480 http fetch GET 200 https://registry.npmjs.org/@types%2fistanbul-lib-coverage 2079ms (cache miss)
2481 silly packumentCache full:https://registry.npmjs.org/@types%2fistanbul-lib-coverage set size:undefined disposed:false
2482 http fetch GET 200 https://registry.npmjs.org/@types%2fyargs 2228ms (cache miss)
2483 silly packumentCache full:https://registry.npmjs.org/@types%2fyargs set size:undefined disposed:false
2484 silly placeDep ROOT @jest/schemas@29.6.3 OK for: @jest/types@29.6.3 want: ^29.6.3
2485 silly placeDep ROOT @types/istanbul-lib-coverage@2.0.6 OK for: @jest/types@29.6.3 want: ^2.0.0
2486 silly placeDep ROOT @types/istanbul-reports@3.0.4 OK for: @jest/types@29.6.3 want: ^3.0.0
2487 silly placeDep ROOT @types/yargs@17.0.35 OK for: @jest/types@29.6.3 want: ^17.0.8
2488 silly fetch manifest @sinclair/typebox@^0.27.8
2489 silly packumentCache full:https://registry.npmjs.org/@sinclair%2ftypebox cache-miss
2490 silly fetch manifest @types/istanbul-lib-report@*
2491 silly packumentCache full:https://registry.npmjs.org/@types%2fistanbul-lib-report cache-miss
2492 silly fetch manifest @types/yargs-parser@*
2493 silly packumentCache full:https://registry.npmjs.org/@types%2fyargs-parser cache-miss
2494 http fetch GET 200 https://registry.npmjs.org/@types%2fyargs-parser 499ms (cache miss)
2495 silly packumentCache full:https://registry.npmjs.org/@types%2fyargs-parser set size:undefined disposed:false
2496 http fetch GET 200 https://registry.npmjs.org/@types%2fistanbul-lib-report 936ms (cache miss)
2497 silly packumentCache full:https://registry.npmjs.org/@types%2fistanbul-lib-report set size:undefined disposed:false
2498 http fetch GET 200 https://registry.npmjs.org/@sinclair%2ftypebox 1079ms (cache miss)
2499 silly packumentCache full:https://registry.npmjs.org/@sinclair%2ftypebox set size:undefined disposed:false
2500 silly placeDep ROOT @sinclair/typebox@0.27.10 OK for: @jest/schemas@29.6.3 want: ^0.27.8
2501 silly placeDep ROOT @types/istanbul-lib-report@3.0.3 OK for: @types/istanbul-reports@3.0.4 want: *
2502 silly placeDep ROOT @types/yargs-parser@21.0.3 OK for: @types/yargs@17.0.35 want: *
2503 silly placeDep node_modules/metro-babel-transformer hermes-parser@0.32.0 OK for: metro-babel-transformer@0.83.3 want: 0.32.0
2504 silly placeDep ROOT exponential-backoff@3.1.3 OK for: metro-cache@0.83.3 want: ^3.1.1
2505 silly placeDep ROOT https-proxy-agent@7.0.6 OK for: metro-cache@0.83.3 want: ^7.0.5
2506 silly fetch manifest agent-base@^7.1.2
2507 silly packumentCache full:https://registry.npmjs.org/agent-base cache-miss
2508 http fetch GET 200 https://registry.npmjs.org/agent-base 125ms (cache revalidated)
2509 silly packumentCache full:https://registry.npmjs.org/agent-base set size:72085 disposed:false
2510 silly placeDep ROOT agent-base@7.1.4 OK for: https-proxy-agent@7.0.6 want: ^7.1.2
2511 silly placeDep ROOT jest-validate@29.7.0 OK for: metro-config@0.83.3 want: ^29.7.0
2512 silly placeDep ROOT yaml@2.8.3 OK for: metro-config@0.83.3 want: ^2.6.1
2513 silly fetch manifest leven@^3.1.0
2514 silly packumentCache full:https://registry.npmjs.org/leven cache-miss
2515 silly fetch manifest camelcase@^6.2.0
2516 silly packumentCache full:https://registry.npmjs.org/camelcase cache-miss
2517 silly fetch manifest jest-get-type@^29.6.3
2518 silly packumentCache full:https://registry.npmjs.org/jest-get-type cache-miss
2519 http fetch GET 200 https://registry.npmjs.org/camelcase 114ms (cache revalidated)
2520 silly packumentCache full:https://registry.npmjs.org/camelcase set size:60255 disposed:false
2521 http fetch GET 200 https://registry.npmjs.org/jest-get-type 117ms (cache revalidated)
2522 silly packumentCache full:https://registry.npmjs.org/jest-get-type set size:201170 disposed:false
2523 http fetch GET 200 https://registry.npmjs.org/leven 126ms (cache revalidated)
2524 silly packumentCache full:https://registry.npmjs.org/leven set size:23210 disposed:false
2525 silly placeDep ROOT camelcase@6.3.0 OK for: jest-validate@29.7.0 want: ^6.2.0
2526 silly placeDep ROOT jest-get-type@29.6.3 OK for: jest-validate@29.7.0 want: ^29.6.3
2527 silly placeDep ROOT leven@3.1.0 OK for: jest-validate@29.7.0 want: ^3.1.0
2528 silly placeDep ROOT fb-watchman@2.0.2 OK for: metro-file-map@0.83.3 want: ^2.0.0
2529 silly placeDep ROOT micromatch@4.0.8 OK for: metro-file-map@0.83.3 want: ^4.0.4
2530 silly placeDep ROOT walker@1.0.8 OK for: metro-file-map@0.83.3 want: ^1.0.7
2531 silly fetch manifest bser@2.1.1
2532 silly packumentCache full:https://registry.npmjs.org/bser cache-miss
2533 silly fetch manifest braces@^3.0.3
2534 silly packumentCache full:https://registry.npmjs.org/braces cache-miss
2535 silly fetch manifest picomatch@^2.3.1
2536 silly packumentCache full:https://registry.npmjs.org/picomatch cache-hit
2537 silly fetch manifest makeerror@1.0.12
2538 silly packumentCache full:https://registry.npmjs.org/makeerror cache-miss
2539 http fetch GET 200 https://registry.npmjs.org/makeerror 152ms (cache miss)
2540 silly packumentCache full:https://registry.npmjs.org/makeerror set size:undefined disposed:false
2541 http fetch GET 200 https://registry.npmjs.org/braces 180ms (cache miss)
2542 silly packumentCache full:https://registry.npmjs.org/braces set size:undefined disposed:false
2543 http fetch GET 200 https://registry.npmjs.org/bser 495ms (cache miss)
2544 silly packumentCache full:https://registry.npmjs.org/bser set size:undefined disposed:false
2545 silly placeDep ROOT bser@2.1.1 OK for: fb-watchman@2.0.2 want: 2.1.1
2546 silly fetch manifest node-int64@^0.4.0
2547 silly packumentCache full:https://registry.npmjs.org/node-int64 cache-miss
2548 http fetch GET 200 https://registry.npmjs.org/node-int64 444ms (cache miss)
2549 silly packumentCache full:https://registry.npmjs.org/node-int64 set size:undefined disposed:false
2550 silly placeDep ROOT node-int64@0.4.0 OK for: bser@2.1.1 want: ^0.4.0
2551 silly placeDep ROOT terser@5.46.1 OK for: metro-minify-terser@0.83.3 want: ^5.15.0
2552 silly fetch manifest @jridgewell/source-map@^0.3.3
2553 silly packumentCache full:https://registry.npmjs.org/@jridgewell%2fsource-map cache-miss
2554 silly fetch manifest acorn@^8.15.0
2555 silly packumentCache full:https://registry.npmjs.org/acorn cache-miss
2556 silly fetch manifest commander@^2.20.0
2557 silly packumentCache full:https://registry.npmjs.org/commander cache-hit
2558 http fetch GET 200 https://registry.npmjs.org/acorn 105ms (cache revalidated)
2559 silly packumentCache full:https://registry.npmjs.org/acorn set size:379626 disposed:false
2560 http fetch GET 200 https://registry.npmjs.org/@jridgewell%2fsource-map 795ms (cache revalidated)
2561 silly packumentCache full:https://registry.npmjs.org/@jridgewell%2fsource-map set size:45204 disposed:false
2562 silly placeDep ROOT @babel/traverse--for-generate-function-map@7.29.0 OK for: metro-source-map@0.83.3 want: npm:@babel/traverse@^7.25.3
2563 silly placeDep ROOT ob1@0.83.3 OK for: metro-source-map@0.83.3 want: 0.83.3
2564 silly placeDep ROOT vlq@1.0.1 OK for: metro-source-map@0.83.3 want: ^1.0.0
2565 silly placeDep ROOT braces@3.0.3 OK for: micromatch@4.0.8 want: ^3.0.3
2566 silly placeDep node_modules/micromatch picomatch@2.3.2 OK for: micromatch@4.0.8 want: ^2.3.1
2567 silly fetch manifest fill-range@^7.1.1
2568 silly packumentCache full:https://registry.npmjs.org/fill-range cache-miss
2569 http fetch GET 200 https://registry.npmjs.org/fill-range 432ms (cache miss)
2570 silly packumentCache full:https://registry.npmjs.org/fill-range set size:undefined disposed:false
2571 silly placeDep ROOT fill-range@7.1.1 OK for: braces@3.0.3 want: ^7.1.1
2572 silly fetch manifest to-regex-range@^5.0.1
2573 silly packumentCache full:https://registry.npmjs.org/to-regex-range cache-miss
2574 http fetch GET 200 https://registry.npmjs.org/to-regex-range 178ms (cache miss)
2575 silly packumentCache full:https://registry.npmjs.org/to-regex-range set size:undefined disposed:false
2576 silly placeDep ROOT to-regex-range@5.0.1 OK for: fill-range@7.1.1 want: ^5.0.1
2577 silly fetch manifest is-number@^7.0.0
2578 silly packumentCache full:https://registry.npmjs.org/is-number cache-miss
2579 http fetch GET 200 https://registry.npmjs.org/is-number 413ms (cache miss)
2580 silly packumentCache full:https://registry.npmjs.org/is-number set size:undefined disposed:false
2581 silly placeDep node_modules/mime-types mime-db@1.52.0 OK for: mime-types@2.1.35 want: 1.52.0
2582 silly placeDep ROOT brace-expansion@2.0.3 OK for: minimatch@9.0.9 want: ^2.0.2
2583 silly fetch manifest balanced-match@^1.0.0
2584 silly packumentCache full:https://registry.npmjs.org/balanced-match cache-miss
2585 http fetch GET 200 https://registry.npmjs.org/balanced-match 155ms (cache revalidated)
2586 silly packumentCache full:https://registry.npmjs.org/balanced-match set size:39082 disposed:false
2587 silly placeDep ROOT balanced-match@1.0.2 OK for: brace-expansion@2.0.3 want: ^1.0.0
2588 silly placeDep ROOT hosted-git-info@7.0.2 OK for: npm-package-arg@11.0.3 want: ^7.0.0
2589 silly placeDep ROOT proc-log@4.2.0 OK for: npm-package-arg@11.0.3 want: ^4.0.0
2590 silly placeDep node_modules/npm-package-arg semver@7.7.4 OK for: npm-package-arg@11.0.3 want: ^7.3.5
2591 silly placeDep ROOT validate-npm-package-name@5.0.1 OK for: npm-package-arg@11.0.3 want: ^5.0.0
2592 silly fetch manifest lru-cache@^10.0.1
2593 silly packumentCache full:https://registry.npmjs.org/lru-cache cache-hit
2594 silly placeDep node_modules/hosted-git-info lru-cache@10.4.3 OK for: hosted-git-info@7.0.2 want: ^10.0.1
2595 silly placeDep ROOT ee-first@1.1.1 OK for: on-finished@2.3.0 want: 1.1.1
2596 silly placeDep node_modules/ora chalk@2.4.2 OK for: ora@3.4.0 want: ^2.4.2
2597 silly placeDep ROOT cli-cursor@2.1.0 OK for: ora@3.4.0 want: ^2.1.0
2598 silly placeDep ROOT cli-spinners@2.9.2 OK for: ora@3.4.0 want: ^2.0.0
2599 silly placeDep ROOT log-symbols@2.2.0 OK for: ora@3.4.0 want: ^2.2.0
2600 silly placeDep ROOT strip-ansi@5.2.0 OK for: ora@3.4.0 want: ^5.2.0
2601 silly placeDep ROOT wcwidth@1.0.1 OK for: ora@3.4.0 want: ^1.0.1
2602 silly fetch manifest ansi-styles@^3.2.1
2603 silly packumentCache full:https://registry.npmjs.org/ansi-styles cache-hit
2604 silly fetch manifest supports-color@^5.3.0
2605 silly packumentCache full:https://registry.npmjs.org/supports-color cache-hit
2606 silly fetch manifest escape-string-regexp@^1.0.5
2607 silly packumentCache full:https://registry.npmjs.org/escape-string-regexp cache-hit
2608 silly fetch manifest restore-cursor@^2.0.0
2609 silly packumentCache full:https://registry.npmjs.org/restore-cursor cache-miss
2610 silly fetch manifest chalk@^2.0.1
2611 silly packumentCache full:https://registry.npmjs.org/chalk cache-hit
2612 silly fetch manifest ansi-regex@^4.1.0
2613 silly packumentCache full:https://registry.npmjs.org/ansi-regex cache-hit
2614 silly fetch manifest defaults@^1.0.3
2615 silly packumentCache full:https://registry.npmjs.org/defaults cache-miss
2616 http fetch GET 200 https://registry.npmjs.org/restore-cursor 103ms (cache revalidated)
2617 silly packumentCache full:https://registry.npmjs.org/restore-cursor set size:17895 disposed:false
2618 http fetch GET 200 https://registry.npmjs.org/defaults 453ms (cache revalidated)
2619 silly packumentCache full:https://registry.npmjs.org/defaults set size:18134 disposed:false
2620 silly placeDep ROOT restore-cursor@2.0.0 OK for: cli-cursor@2.1.0 want: ^2.0.0
2621 silly fetch manifest onetime@^2.0.0
2622 silly packumentCache full:https://registry.npmjs.org/onetime cache-miss
2623 silly fetch manifest signal-exit@^3.0.2
2624 silly packumentCache full:https://registry.npmjs.org/signal-exit cache-miss
2625 http fetch GET 200 https://registry.npmjs.org/onetime 108ms (cache revalidated)
2626 silly packumentCache full:https://registry.npmjs.org/onetime set size:32314 disposed:false
2627 http fetch GET 200 https://registry.npmjs.org/signal-exit 205ms (cache miss)
2628 silly packumentCache full:https://registry.npmjs.org/signal-exit set size:undefined disposed:false
2629 silly placeDep node_modules/log-symbols chalk@2.4.2 OK for: log-symbols@2.2.0 want: ^2.0.1
2630 silly placeDep ROOT yocto-queue@0.1.0 OK for: p-limit@3.1.0 want: ^0.1.0
2631 silly placeDep ROOT pngjs@3.4.0 OK for: parse-png@2.1.0 want: ^3.3.0
2632 silly placeDep ROOT source-map-js@1.2.1 OK for: postcss@8.4.49 want: ^1.2.1
2633 silly placeDep node_modules/pretty-format ansi-styles@5.2.0 OK for: pretty-format@29.7.0 want: ^5.0.0
2634 silly placeDep node_modules/pretty-format react-is@18.3.1 OK for: pretty-format@29.7.0 want: ^18.0.0
2635 silly placeDep ROOT kleur@3.0.3 OK for: prompts@2.4.2 want: ^3.0.3
2636 silly placeDep ROOT sisteransi@1.0.5 OK for: prompts@2.4.2 want: ^1.0.5
2637 silly placeDep ROOT decode-uri-component@0.2.2 OK for: query-string@7.1.3 want: ^0.2.2
2638 silly placeDep ROOT filter-obj@1.1.0 OK for: query-string@7.1.3 want: ^1.1.0
2639 silly placeDep ROOT split-on-first@1.1.0 OK for: query-string@7.1.3 want: ^1.0.0
2640 silly placeDep ROOT strict-uri-encode@2.0.0 OK for: query-string@7.1.3 want: ^2.0.0
2641 silly placeDep ROOT @jest/create-cache-key-function@29.7.0 OK for: react-native@0.81.0 want: ^29.7.0
2642 silly placeDep ROOT @react-native/assets-registry@0.81.0 OK for: react-native@0.81.0 want: 0.81.0
2643 silly placeDep node_modules/react-native @react-native/codegen@0.81.0 OK for: react-native@0.81.0 want: 0.81.0
2644 silly placeDep ROOT @react-native/community-cli-plugin@0.81.0 OK for: react-native@0.81.0 want: 0.81.0
2645 silly placeDep ROOT @react-native/gradle-plugin@0.81.0 OK for: react-native@0.81.0 want: 0.81.0
2646 silly placeDep ROOT @react-native/js-polyfills@0.81.0 OK for: react-native@0.81.0 want: 0.81.0
2647 silly placeDep node_modules/react-native @react-native/normalize-colors@0.81.0 OK for: react-native@0.81.0 want: 0.81.0
2648 silly placeDep ROOT @react-native/virtualized-lists@0.81.0 OK for: react-native@0.81.0 want: 0.81.0
2649 silly placeDep ROOT abort-controller@3.0.0 OK for: react-native@0.81.0 want: ^3.0.0
2650 silly placeDep ROOT anser@1.4.10 OK for: react-native@0.81.0 want: ^1.4.9
2651 silly placeDep ROOT ansi-regex@5.0.1 OK for: react-native@0.81.0 want: ^5.0.0
2652 silly placeDep ROOT babel-jest@29.7.0 OK for: react-native@0.81.0 want: ^29.7.0
2653 silly placeDep node_modules/react-native commander@12.1.0 OK for: react-native@0.81.0 want: ^12.0.0
2654 silly placeDep ROOT jest-environment-node@29.7.0 OK for: react-native@0.81.0 want: ^29.7.0
2655 silly placeDep ROOT memoize-one@5.2.1 OK for: react-native@0.81.0 want: ^5.0.0
2656 silly placeDep ROOT promise@8.3.0 OK for: react-native@0.81.0 want: ^8.3.0
2657 silly placeDep ROOT react-devtools-core@6.1.5 OK for: react-native@0.81.0 want: ^6.1.5
2658 silly placeDep ROOT regenerator-runtime@0.13.11 OK for: react-native@0.81.0 want: ^0.13.2
2659 silly placeDep ROOT scheduler@0.26.0 OK for: react-native@0.81.0 want: 0.26.0
2660 silly placeDep node_modules/react-native semver@7.7.4 OK for: react-native@0.81.0 want: ^7.1.3
2661 silly placeDep ROOT whatwg-fetch@3.6.20 OK for: react-native@0.81.0 want: ^3.0.0
2662 silly placeDep node_modules/react-native ws@6.2.3 OK for: react-native@0.81.0 want: ^6.2.3
2663 silly fetch manifest @react-native/dev-middleware@0.81.0
2664 silly packumentCache full:https://registry.npmjs.org/@react-native%2fdev-middleware cache-miss
2665 silly fetch manifest event-target-shim@^5.0.0
2666 silly packumentCache full:https://registry.npmjs.org/event-target-shim cache-miss
2667 silly fetch manifest @jest/transform@^29.7.0
2668 silly packumentCache full:https://registry.npmjs.org/@jest%2ftransform cache-miss
2669 silly fetch manifest babel-preset-jest@^29.6.3
2670 silly packumentCache full:https://registry.npmjs.org/babel-preset-jest cache-miss
2671 silly fetch manifest @types/babel__core@^7.1.14
2672 silly packumentCache full:https://registry.npmjs.org/@types%2fbabel__core cache-miss
2673 silly fetch manifest babel-plugin-istanbul@^6.1.1
2674 silly packumentCache full:https://registry.npmjs.org/babel-plugin-istanbul cache-miss
2675 silly fetch manifest jest-mock@^29.7.0
2676 silly packumentCache full:https://registry.npmjs.org/jest-mock cache-miss
2677 http fetch GET 200 https://registry.npmjs.org/@react-native%2fdev-middleware 28ms (cache hit)
2678 silly packumentCache full:https://registry.npmjs.org/@react-native%2fdev-middleware set size:2297474 disposed:false
2679 silly fetch manifest @jest/environment@^29.7.0
2680 silly packumentCache full:https://registry.npmjs.org/@jest%2fenvironment cache-miss
2681 http fetch GET 200 https://registry.npmjs.org/event-target-shim 196ms (cache miss)
2682 silly packumentCache full:https://registry.npmjs.org/event-target-shim set size:undefined disposed:false
2683 silly fetch manifest @jest/fake-timers@^29.7.0
2684 silly packumentCache full:https://registry.npmjs.org/@jest%2ffake-timers cache-miss
2685 http fetch GET 200 https://registry.npmjs.org/jest-mock 247ms (cache miss)
2686 silly packumentCache full:https://registry.npmjs.org/jest-mock set size:undefined disposed:false
2687 silly fetch manifest asap@~2.0.6
2688 silly packumentCache full:https://registry.npmjs.org/asap cache-miss
2689 http fetch GET 200 https://registry.npmjs.org/asap 197ms (cache miss)
2690 silly packumentCache full:https://registry.npmjs.org/asap set size:undefined disposed:false
2691 silly fetch manifest ws@^7
2692 silly packumentCache full:https://registry.npmjs.org/ws cache-hit
2693 silly fetch manifest shell-quote@^1.6.1
2694 silly packumentCache full:https://registry.npmjs.org/shell-quote cache-miss
2695 http fetch GET 200 https://registry.npmjs.org/@types%2fbabel__core 466ms (cache miss)
2696 silly packumentCache full:https://registry.npmjs.org/@types%2fbabel__core set size:undefined disposed:false
2697 http fetch GET 200 https://registry.npmjs.org/shell-quote 108ms (cache revalidated)
2698 silly packumentCache full:https://registry.npmjs.org/shell-quote set size:61937 disposed:false
2699 http fetch GET 200 https://registry.npmjs.org/babel-plugin-istanbul 651ms (cache miss)
2700 silly packumentCache full:https://registry.npmjs.org/babel-plugin-istanbul set size:undefined disposed:false
2701 http fetch GET 200 https://registry.npmjs.org/@jest%2fenvironment 937ms (cache miss)
2702 silly packumentCache full:https://registry.npmjs.org/@jest%2fenvironment set size:undefined disposed:false
2703 http fetch GET 200 https://registry.npmjs.org/@jest%2ftransform 1251ms (cache miss)
2704 silly packumentCache full:https://registry.npmjs.org/@jest%2ftransform set size:undefined disposed:false
2705 http fetch GET 200 https://registry.npmjs.org/@jest%2ffake-timers 1294ms (cache miss)
2706 silly packumentCache full:https://registry.npmjs.org/@jest%2ffake-timers set size:undefined disposed:false
2707 http fetch GET 200 https://registry.npmjs.org/babel-preset-jest 2153ms (cache miss)
2708 silly packumentCache full:https://registry.npmjs.org/babel-preset-jest set size:undefined disposed:false
2709 silly placeDep node_modules/@react-native/community-cli-plugin @react-native/dev-middleware@0.81.0 OK for: @react-native/community-cli-plugin@0.81.0 want: 0.81.0
2710 silly placeDep node_modules/@react-native/community-cli-plugin semver@7.7.4 OK for: @react-native/community-cli-plugin@0.81.0 want: ^7.1.3
2711 silly fetch manifest @react-native/debugger-frontend@0.81.0
2712 silly packumentCache full:https://registry.npmjs.org/@react-native%2fdebugger-frontend cache-miss
2713 http fetch GET 200 https://registry.npmjs.org/@react-native%2fdebugger-frontend 10ms (cache hit)
2714 silly packumentCache full:https://registry.npmjs.org/@react-native%2fdebugger-frontend set size:1832228 disposed:false
2715 silly placeDep ROOT event-target-shim@5.0.1 OK for: abort-controller@3.0.0 want: ^5.0.0
2716 silly placeDep ROOT @jest/transform@29.7.0 OK for: babel-jest@29.7.0 want: ^29.7.0
2717 silly placeDep ROOT @types/babel__core@7.20.5 OK for: babel-jest@29.7.0 want: ^7.1.14
2718 silly placeDep ROOT babel-plugin-istanbul@6.1.1 OK for: babel-jest@29.7.0 want: ^6.1.1
2719 silly placeDep ROOT babel-preset-jest@29.6.3 OK for: babel-jest@29.7.0 want: ^29.6.3
2720 silly fetch manifest pirates@^4.0.4
2721 silly packumentCache full:https://registry.npmjs.org/pirates cache-miss
2722 silly fetch manifest jest-haste-map@^29.7.0
2723 silly packumentCache full:https://registry.npmjs.org/jest-haste-map cache-miss
2724 silly fetch manifest jest-regex-util@^29.6.3
2725 silly packumentCache full:https://registry.npmjs.org/jest-regex-util cache-miss
2726 silly fetch manifest write-file-atomic@^4.0.2
2727 silly packumentCache full:https://registry.npmjs.org/write-file-atomic cache-miss
2728 silly fetch manifest fast-json-stable-stringify@^2.1.0
2729 silly packumentCache full:https://registry.npmjs.org/fast-json-stable-stringify cache-miss
2730 silly fetch manifest @types/babel__template@*
2731 silly packumentCache full:https://registry.npmjs.org/@types%2fbabel__template cache-miss
2732 silly fetch manifest @types/babel__traverse@*
2733 silly packumentCache full:https://registry.npmjs.org/@types%2fbabel__traverse cache-miss
2734 http fetch GET 200 https://registry.npmjs.org/pirates 21ms (cache hit)
2735 silly packumentCache full:https://registry.npmjs.org/pirates set size:51327 disposed:false
2736 silly fetch manifest @types/babel__generator@*
2737 silly packumentCache full:https://registry.npmjs.org/@types%2fbabel__generator cache-miss
2738 http fetch GET 200 https://registry.npmjs.org/@types%2fbabel__template 139ms (cache miss)
2739 silly packumentCache full:https://registry.npmjs.org/@types%2fbabel__template set size:undefined disposed:false
2740 silly fetch manifest test-exclude@^6.0.0
2741 silly packumentCache full:https://registry.npmjs.org/test-exclude cache-miss
2742 http fetch GET 200 https://registry.npmjs.org/fast-json-stable-stringify 177ms (cache miss)
2743 silly packumentCache full:https://registry.npmjs.org/fast-json-stable-stringify set size:undefined disposed:false
2744 silly fetch manifest @istanbuljs/schema@^0.1.2
2745 silly packumentCache full:https://registry.npmjs.org/@istanbuljs%2fschema cache-miss
2746 http fetch GET 200 https://registry.npmjs.org/@types%2fbabel__traverse 185ms (cache miss)
2747 silly packumentCache full:https://registry.npmjs.org/@types%2fbabel__traverse set size:undefined disposed:false
2748 silly fetch manifest istanbul-lib-instrument@^5.0.4
2749 silly packumentCache full:https://registry.npmjs.org/istanbul-lib-instrument cache-miss
2750 http fetch GET 200 https://registry.npmjs.org/@types%2fbabel__generator 204ms (cache miss)
2751 silly packumentCache full:https://registry.npmjs.org/@types%2fbabel__generator set size:undefined disposed:false
2752 silly fetch manifest @istanbuljs/load-nyc-config@^1.0.0
2753 silly packumentCache full:https://registry.npmjs.org/@istanbuljs%2fload-nyc-config cache-miss
2754 http fetch GET 200 https://registry.npmjs.org/write-file-atomic 275ms (cache miss)
2755 silly packumentCache full:https://registry.npmjs.org/write-file-atomic set size:undefined disposed:false
2756 silly fetch manifest babel-plugin-jest-hoist@^29.6.3
2757 silly packumentCache full:https://registry.npmjs.org/babel-plugin-jest-hoist cache-miss
2758 http fetch GET 200 https://registry.npmjs.org/@istanbuljs%2fschema 334ms (cache miss)
2759 silly packumentCache full:https://registry.npmjs.org/@istanbuljs%2fschema set size:undefined disposed:false
2760 silly fetch manifest babel-preset-current-node-syntax@^1.0.0
2761 silly packumentCache full:https://registry.npmjs.org/babel-preset-current-node-syntax cache-miss
2762 http fetch GET 200 https://registry.npmjs.org/jest-haste-map 529ms (cache miss)
2763 silly packumentCache full:https://registry.npmjs.org/jest-haste-map set size:undefined disposed:false
2764 http fetch GET 200 https://registry.npmjs.org/test-exclude 530ms (cache miss)
2765 silly packumentCache full:https://registry.npmjs.org/test-exclude set size:undefined disposed:false
2766 http fetch GET 200 https://registry.npmjs.org/istanbul-lib-instrument 533ms (cache miss)
2767 silly packumentCache full:https://registry.npmjs.org/istanbul-lib-instrument set size:undefined disposed:false
2768 http fetch GET 200 https://registry.npmjs.org/@istanbuljs%2fload-nyc-config 508ms (cache miss)
2769 silly packumentCache full:https://registry.npmjs.org/@istanbuljs%2fload-nyc-config set size:undefined disposed:false
2770 http fetch GET 200 https://registry.npmjs.org/jest-regex-util 1142ms (cache miss)
2771 silly packumentCache full:https://registry.npmjs.org/jest-regex-util set size:undefined disposed:false
2772 http fetch GET 200 https://registry.npmjs.org/babel-plugin-jest-hoist 1038ms (cache miss)
2773 silly packumentCache full:https://registry.npmjs.org/babel-plugin-jest-hoist set size:undefined disposed:false
2774 http fetch GET 200 https://registry.npmjs.org/babel-preset-current-node-syntax 1112ms (cache miss)
2775 silly packumentCache full:https://registry.npmjs.org/babel-preset-current-node-syntax set size:undefined disposed:false
2776 silly placeDep ROOT fast-json-stable-stringify@2.1.0 OK for: @jest/transform@29.7.0 want: ^2.1.0
2777 silly placeDep ROOT jest-haste-map@29.7.0 OK for: @jest/transform@29.7.0 want: ^29.7.0
2778 silly placeDep ROOT jest-regex-util@29.6.3 OK for: @jest/transform@29.7.0 want: ^29.6.3
2779 silly placeDep ROOT pirates@4.0.7 OK for: @jest/transform@29.7.0 want: ^4.0.4
2780 silly placeDep ROOT write-file-atomic@4.0.2 OK for: @jest/transform@29.7.0 want: ^4.0.2
2781 silly fetch manifest anymatch@^3.0.3
2782 silly packumentCache full:https://registry.npmjs.org/anymatch cache-miss
2783 silly fetch manifest @types/graceful-fs@^4.1.3
2784 silly packumentCache full:https://registry.npmjs.org/@types%2fgraceful-fs cache-miss
2785 silly fetch manifest fsevents@^2.3.2
2786 silly packumentCache full:https://registry.npmjs.org/fsevents cache-miss
2787 silly fetch manifest imurmurhash@^0.1.4
2788 silly packumentCache full:https://registry.npmjs.org/imurmurhash cache-miss
2789 silly fetch manifest signal-exit@^3.0.7
2790 silly packumentCache full:https://registry.npmjs.org/signal-exit cache-miss
2791 http fetch GET 200 https://registry.npmjs.org/signal-exit 13ms (cache hit)
2792 silly packumentCache full:https://registry.npmjs.org/signal-exit set size:53489 disposed:false
2793 http fetch GET 200 https://registry.npmjs.org/anymatch 155ms (cache miss)
2794 silly packumentCache full:https://registry.npmjs.org/anymatch set size:undefined disposed:false
2795 http fetch GET 200 https://registry.npmjs.org/@types%2fgraceful-fs 210ms (cache miss)
2796 silly packumentCache full:https://registry.npmjs.org/@types%2fgraceful-fs set size:undefined disposed:false
2797 http fetch GET 200 https://registry.npmjs.org/imurmurhash 209ms (cache miss)
2798 silly packumentCache full:https://registry.npmjs.org/imurmurhash set size:undefined disposed:false
2799 http fetch GET 200 https://registry.npmjs.org/fsevents 217ms (cache miss)
2800 silly packumentCache full:https://registry.npmjs.org/fsevents set size:undefined disposed:false
2801 silly placeDep ROOT @types/babel__generator@7.27.0 OK for: @types/babel__core@7.20.5 want: *
2802 silly placeDep ROOT @types/babel__template@7.4.4 OK for: @types/babel__core@7.20.5 want: *
2803 silly placeDep ROOT @types/babel__traverse@7.28.0 OK for: @types/babel__core@7.20.5 want: *
2804 silly placeDep ROOT @istanbuljs/load-nyc-config@1.1.0 OK for: babel-plugin-istanbul@6.1.1 want: ^1.0.0
2805 silly placeDep ROOT @istanbuljs/schema@0.1.3 OK for: babel-plugin-istanbul@6.1.1 want: ^0.1.2
2806 silly placeDep ROOT istanbul-lib-instrument@5.2.1 OK for: babel-plugin-istanbul@6.1.1 want: ^5.0.4
2807 silly placeDep ROOT test-exclude@6.0.0 OK for: babel-plugin-istanbul@6.1.1 want: ^6.0.0
2808 silly fetch manifest camelcase@^5.3.1
2809 silly packumentCache full:https://registry.npmjs.org/camelcase cache-hit
2810 silly fetch manifest find-up@^4.1.0
2811 silly packumentCache full:https://registry.npmjs.org/find-up cache-miss
2812 silly fetch manifest get-package-type@^0.1.0
2813 silly packumentCache full:https://registry.npmjs.org/get-package-type cache-miss
2814 silly fetch manifest js-yaml@^3.13.1
2815 silly packumentCache full:https://registry.npmjs.org/js-yaml cache-hit
2816 silly fetch manifest istanbul-lib-coverage@^3.2.0
2817 silly packumentCache full:https://registry.npmjs.org/istanbul-lib-coverage cache-miss
2818 silly fetch manifest minimatch@^3.0.4
2819 silly packumentCache full:https://registry.npmjs.org/minimatch cache-hit
2820 http fetch GET 200 https://registry.npmjs.org/find-up 147ms (cache miss)
2821 silly packumentCache full:https://registry.npmjs.org/find-up set size:undefined disposed:false
2822 http fetch GET 200 https://registry.npmjs.org/istanbul-lib-coverage 215ms (cache miss)
2823 silly packumentCache full:https://registry.npmjs.org/istanbul-lib-coverage set size:undefined disposed:false
2824 http fetch GET 200 https://registry.npmjs.org/get-package-type 474ms (cache miss)
2825 silly packumentCache full:https://registry.npmjs.org/get-package-type set size:undefined disposed:false
2826 silly placeDep node_modules/@istanbuljs/load-nyc-config camelcase@5.3.1 OK for: @istanbuljs/load-nyc-config@1.1.0 want: ^5.3.1
2827 silly placeDep ROOT find-up@4.1.0 OK for: @istanbuljs/load-nyc-config@1.1.0 want: ^4.1.0
2828 silly placeDep ROOT get-package-type@0.1.0 OK for: @istanbuljs/load-nyc-config@1.1.0 want: ^0.1.0
2829 silly placeDep node_modules/@istanbuljs/load-nyc-config js-yaml@3.14.2 OK for: @istanbuljs/load-nyc-config@1.1.0 want: ^3.13.1
2830 silly fetch manifest locate-path@^5.0.0
2831 silly packumentCache full:https://registry.npmjs.org/locate-path cache-miss
2832 silly fetch manifest path-exists@^4.0.0
2833 silly packumentCache full:https://registry.npmjs.org/path-exists cache-miss
2834 silly fetch manifest esprima@^4.0.0
2835 silly packumentCache full:https://registry.npmjs.org/esprima cache-miss
2836 silly fetch manifest argparse@^1.0.7
2837 silly packumentCache full:https://registry.npmjs.org/argparse cache-hit
2838 http fetch GET 200 https://registry.npmjs.org/locate-path 121ms (cache miss)
2839 silly packumentCache full:https://registry.npmjs.org/locate-path set size:undefined disposed:false
2840 http fetch GET 200 https://registry.npmjs.org/path-exists 123ms (cache miss)
2841 silly packumentCache full:https://registry.npmjs.org/path-exists set size:undefined disposed:false
2842 http fetch GET 200 https://registry.npmjs.org/esprima 259ms (cache miss)
2843 silly packumentCache full:https://registry.npmjs.org/esprima set size:undefined disposed:false
2844 silly placeDep ROOT babel-plugin-jest-hoist@29.6.3 OK for: babel-preset-jest@29.6.3 want: ^29.6.3
2845 silly placeDep ROOT babel-preset-current-node-syntax@1.2.0 OK for: babel-preset-jest@29.6.3 want: ^1.0.0
2846 silly fetch manifest @babel/plugin-syntax-async-generators@^7.8.4
2847 silly packumentCache full:https://registry.npmjs.org/@babel%2fplugin-syntax-async-generators cache-miss
2848 silly fetch manifest @babel/plugin-syntax-bigint@^7.8.3
2849 silly packumentCache full:https://registry.npmjs.org/@babel%2fplugin-syntax-bigint cache-miss
2850 silly fetch manifest @babel/plugin-syntax-class-properties@^7.12.13
2851 silly packumentCache full:https://registry.npmjs.org/@babel%2fplugin-syntax-class-properties cache-miss
2852 silly fetch manifest @babel/plugin-syntax-class-static-block@^7.14.5
2853 silly packumentCache full:https://registry.npmjs.org/@babel%2fplugin-syntax-class-static-block cache-miss
2854 silly fetch manifest @babel/plugin-syntax-import-attributes@^7.24.7
2855 silly packumentCache full:https://registry.npmjs.org/@babel%2fplugin-syntax-import-attributes cache-miss
2856 silly fetch manifest @babel/plugin-syntax-import-meta@^7.10.4
2857 silly packumentCache full:https://registry.npmjs.org/@babel%2fplugin-syntax-import-meta cache-miss
2858 silly fetch manifest @babel/plugin-syntax-json-strings@^7.8.3
2859 silly packumentCache full:https://registry.npmjs.org/@babel%2fplugin-syntax-json-strings cache-miss
2860 http fetch GET 200 https://registry.npmjs.org/@babel%2fplugin-syntax-import-attributes 128ms (cache miss)
2861 silly packumentCache full:https://registry.npmjs.org/@babel%2fplugin-syntax-import-attributes set size:undefined disposed:false
2862 silly fetch manifest @babel/plugin-syntax-logical-assignment-operators@^7.10.4
2863 silly packumentCache full:https://registry.npmjs.org/@babel%2fplugin-syntax-logical-assignment-operators cache-miss
2864 http fetch GET 200 https://registry.npmjs.org/@babel%2fplugin-syntax-import-meta 213ms (cache miss)
2865 silly packumentCache full:https://registry.npmjs.org/@babel%2fplugin-syntax-import-meta set size:undefined disposed:false
2866 silly fetch manifest @babel/plugin-syntax-numeric-separator@^7.10.4
2867 silly packumentCache full:https://registry.npmjs.org/@babel%2fplugin-syntax-numeric-separator cache-miss
2868 http fetch GET 200 https://registry.npmjs.org/@babel%2fplugin-syntax-class-static-block 445ms (cache miss)
2869 silly packumentCache full:https://registry.npmjs.org/@babel%2fplugin-syntax-class-static-block set size:undefined disposed:false
2870 silly fetch manifest @babel/plugin-syntax-object-rest-spread@^7.8.3
2871 silly packumentCache full:https://registry.npmjs.org/@babel%2fplugin-syntax-object-rest-spread cache-miss
2872 http fetch GET 200 https://registry.npmjs.org/@babel%2fplugin-syntax-async-generators 508ms (cache miss)
2873 silly packumentCache full:https://registry.npmjs.org/@babel%2fplugin-syntax-async-generators set size:undefined disposed:false
2874 silly fetch manifest @babel/plugin-syntax-optional-catch-binding@^7.8.3
2875 silly packumentCache full:https://registry.npmjs.org/@babel%2fplugin-syntax-optional-catch-binding cache-miss
2876 http fetch GET 200 https://registry.npmjs.org/@babel%2fplugin-syntax-class-properties 592ms (cache miss)
2877 silly packumentCache full:https://registry.npmjs.org/@babel%2fplugin-syntax-class-properties set size:undefined disposed:false
2878 silly fetch manifest @babel/plugin-syntax-private-property-in-object@^7.14.5
2879 silly packumentCache full:https://registry.npmjs.org/@babel%2fplugin-syntax-private-property-in-object cache-miss
2880 http fetch GET 200 https://registry.npmjs.org/@babel%2fplugin-syntax-json-strings 922ms (cache miss)
2881 silly packumentCache full:https://registry.npmjs.org/@babel%2fplugin-syntax-json-strings set size:undefined disposed:false
2882 silly fetch manifest @babel/plugin-syntax-top-level-await@^7.14.5
2883 silly packumentCache full:https://registry.npmjs.org/@babel%2fplugin-syntax-top-level-await cache-miss
2884 http fetch GET 200 https://registry.npmjs.org/@babel%2fplugin-syntax-logical-assignment-operators 1005ms (cache miss)
2885 silly packumentCache full:https://registry.npmjs.org/@babel%2fplugin-syntax-logical-assignment-operators set size:undefined disposed:false
2886 http fetch GET 200 https://registry.npmjs.org/@babel%2fplugin-syntax-private-property-in-object 770ms (cache miss)
2887 silly packumentCache full:https://registry.npmjs.org/@babel%2fplugin-syntax-private-property-in-object set size:undefined disposed:false
2888 http fetch GET 200 https://registry.npmjs.org/@babel%2fplugin-syntax-top-level-await 559ms (cache miss)
2889 silly packumentCache full:https://registry.npmjs.org/@babel%2fplugin-syntax-top-level-await set size:undefined disposed:false
2890 http fetch GET 200 https://registry.npmjs.org/@babel%2fplugin-syntax-bigint 1607ms (cache miss)
2891 silly packumentCache full:https://registry.npmjs.org/@babel%2fplugin-syntax-bigint set size:undefined disposed:false
2892 http fetch GET 200 https://registry.npmjs.org/@babel%2fplugin-syntax-numeric-separator 1478ms (cache miss)
2893 silly packumentCache full:https://registry.npmjs.org/@babel%2fplugin-syntax-numeric-separator set size:undefined disposed:false
2894 http fetch GET 200 https://registry.npmjs.org/@babel%2fplugin-syntax-optional-catch-binding 1464ms (cache miss)
2895 silly packumentCache full:https://registry.npmjs.org/@babel%2fplugin-syntax-optional-catch-binding set size:undefined disposed:false
2896 http fetch GET 200 https://registry.npmjs.org/@babel%2fplugin-syntax-object-rest-spread 1528ms (cache miss)
2897 silly packumentCache full:https://registry.npmjs.org/@babel%2fplugin-syntax-object-rest-spread set size:undefined disposed:false
2898 silly placeDep ROOT @babel/plugin-syntax-async-generators@7.8.4 OK for: babel-preset-current-node-syntax@1.2.0 want: ^7.8.4
2899 silly placeDep ROOT @babel/plugin-syntax-bigint@7.8.3 OK for: babel-preset-current-node-syntax@1.2.0 want: ^7.8.3
2900 silly placeDep ROOT @babel/plugin-syntax-class-properties@7.12.13 OK for: babel-preset-current-node-syntax@1.2.0 want: ^7.12.13
2901 silly placeDep ROOT @babel/plugin-syntax-class-static-block@7.14.5 OK for: babel-preset-current-node-syntax@1.2.0 want: ^7.14.5
2902 silly placeDep ROOT @babel/plugin-syntax-import-attributes@7.28.6 OK for: babel-preset-current-node-syntax@1.2.0 want: ^7.24.7
2903 silly placeDep ROOT @babel/plugin-syntax-import-meta@7.10.4 OK for: babel-preset-current-node-syntax@1.2.0 want: ^7.10.4
2904 silly placeDep ROOT @babel/plugin-syntax-json-strings@7.8.3 OK for: babel-preset-current-node-syntax@1.2.0 want: ^7.8.3
2905 silly placeDep ROOT @babel/plugin-syntax-logical-assignment-operators@7.10.4 OK for: babel-preset-current-node-syntax@1.2.0 want: ^7.10.4
2906 silly placeDep ROOT @babel/plugin-syntax-numeric-separator@7.10.4 OK for: babel-preset-current-node-syntax@1.2.0 want: ^7.10.4
2907 silly placeDep ROOT @babel/plugin-syntax-object-rest-spread@7.8.3 OK for: babel-preset-current-node-syntax@1.2.0 want: ^7.8.3
2908 silly placeDep ROOT @babel/plugin-syntax-optional-catch-binding@7.8.3 OK for: babel-preset-current-node-syntax@1.2.0 want: ^7.8.3
2909 silly placeDep ROOT @babel/plugin-syntax-private-property-in-object@7.14.5 OK for: babel-preset-current-node-syntax@1.2.0 want: ^7.14.5
2910 silly placeDep ROOT @babel/plugin-syntax-top-level-await@7.14.5 OK for: babel-preset-current-node-syntax@1.2.0 want: ^7.14.5
2911 silly placeDep ROOT locate-path@5.0.0 OK for: find-up@4.1.0 want: ^5.0.0
2912 silly placeDep ROOT path-exists@4.0.0 OK for: find-up@4.1.0 want: ^4.0.0
2913 silly fetch manifest p-locate@^4.1.0
2914 silly packumentCache full:https://registry.npmjs.org/p-locate cache-miss
2915 http fetch GET 200 https://registry.npmjs.org/p-locate 247ms (cache miss)
2916 silly packumentCache full:https://registry.npmjs.org/p-locate set size:undefined disposed:false
2917 silly placeDep ROOT istanbul-lib-coverage@3.2.2 OK for: istanbul-lib-instrument@5.2.1 want: ^3.2.0
2918 silly placeDep ROOT @jest/environment@29.7.0 OK for: jest-environment-node@29.7.0 want: ^29.7.0
2919 silly placeDep ROOT @jest/fake-timers@29.7.0 OK for: jest-environment-node@29.7.0 want: ^29.7.0
2920 silly placeDep ROOT jest-mock@29.7.0 OK for: jest-environment-node@29.7.0 want: ^29.7.0
2921 silly fetch manifest jest-message-util@^29.7.0
2922 silly packumentCache full:https://registry.npmjs.org/jest-message-util cache-miss
2923 silly fetch manifest @sinonjs/fake-timers@^10.0.2
2924 silly packumentCache full:https://registry.npmjs.org/@sinonjs%2ffake-timers cache-miss
2925 http fetch GET 200 https://registry.npmjs.org/jest-message-util 1092ms (cache miss)
2926 silly packumentCache full:https://registry.npmjs.org/jest-message-util set size:undefined disposed:false
2927 http fetch GET 200 https://registry.npmjs.org/@sinonjs%2ffake-timers 1639ms (cache miss)
2928 silly packumentCache full:https://registry.npmjs.org/@sinonjs%2ffake-timers set size:undefined disposed:false
2929 silly placeDep ROOT @sinonjs/fake-timers@10.3.0 OK for: @jest/fake-timers@29.7.0 want: ^10.0.2
2930 silly placeDep ROOT jest-message-util@29.7.0 OK for: @jest/fake-timers@29.7.0 want: ^29.7.0
2931 silly fetch manifest @sinonjs/commons@^3.0.0
2932 silly packumentCache full:https://registry.npmjs.org/@sinonjs%2fcommons cache-miss
2933 silly fetch manifest stack-utils@^2.0.3
2934 silly packumentCache full:https://registry.npmjs.org/stack-utils cache-miss
2935 silly fetch manifest @types/stack-utils@^2.0.0
2936 silly packumentCache full:https://registry.npmjs.org/@types%2fstack-utils cache-miss
2937 http fetch GET 200 https://registry.npmjs.org/@types%2fstack-utils 142ms (cache miss)
2938 silly packumentCache full:https://registry.npmjs.org/@types%2fstack-utils set size:undefined disposed:false
2939 http fetch GET 200 https://registry.npmjs.org/stack-utils 147ms (cache miss)
2940 silly packumentCache full:https://registry.npmjs.org/stack-utils set size:undefined disposed:false
2941 http fetch GET 200 https://registry.npmjs.org/@sinonjs%2fcommons 725ms (cache miss)
2942 silly packumentCache full:https://registry.npmjs.org/@sinonjs%2fcommons set size:undefined disposed:false
2943 silly placeDep ROOT @sinonjs/commons@3.0.1 OK for: @sinonjs/fake-timers@10.3.0 want: ^3.0.0
2944 silly fetch manifest type-detect@4.0.8
2945 silly packumentCache full:https://registry.npmjs.org/type-detect cache-miss
2946 http fetch GET 200 https://registry.npmjs.org/type-detect 166ms (cache miss)
2947 silly packumentCache full:https://registry.npmjs.org/type-detect set size:undefined disposed:false
2948 silly placeDep ROOT type-detect@4.0.8 OK for: @sinonjs/commons@3.0.1 want: 4.0.8
2949 silly placeDep ROOT @types/graceful-fs@4.1.9 OK for: jest-haste-map@29.7.0 want: ^4.1.3
2950 silly placeDep ROOT anymatch@3.1.3 OK for: jest-haste-map@29.7.0 want: ^3.0.3
2951 silly placeDep ROOT fsevents@2.3.3 OK for: jest-haste-map@29.7.0 want: ^2.3.2
2952 silly fetch manifest picomatch@^2.0.4
2953 silly packumentCache full:https://registry.npmjs.org/picomatch cache-hit
2954 silly fetch manifest normalize-path@^3.0.0
2955 silly packumentCache full:https://registry.npmjs.org/normalize-path cache-miss
2956 http fetch GET 200 https://registry.npmjs.org/normalize-path 96ms (cache miss)
2957 silly packumentCache full:https://registry.npmjs.org/normalize-path set size:undefined disposed:false
2958 silly placeDep ROOT normalize-path@3.0.0 OK for: anymatch@3.1.3 want: ^3.0.0
2959 silly placeDep node_modules/anymatch picomatch@2.3.2 OK for: anymatch@3.1.3 want: ^2.0.4
2960 silly placeDep ROOT @types/stack-utils@2.0.3 OK for: jest-message-util@29.7.0 want: ^2.0.0
2961 silly placeDep ROOT stack-utils@2.0.6 OK for: jest-message-util@29.7.0 want: ^2.0.3
2962 silly fetch manifest escape-string-regexp@^2.0.0
2963 silly packumentCache full:https://registry.npmjs.org/escape-string-regexp cache-hit
2964 silly placeDep ROOT p-locate@4.1.0 OK for: locate-path@5.0.0 want: ^4.1.0
2965 silly fetch manifest p-limit@^2.2.0
2966 silly packumentCache full:https://registry.npmjs.org/p-limit cache-hit
2967 silly placeDep node_modules/p-locate p-limit@2.3.0 OK for: p-locate@4.1.0 want: ^2.2.0
2968 silly fetch manifest p-try@^2.0.0
2969 silly packumentCache full:https://registry.npmjs.org/p-try cache-miss
2970 http fetch GET 200 https://registry.npmjs.org/p-try 101ms (cache miss)
2971 silly packumentCache full:https://registry.npmjs.org/p-try set size:undefined disposed:false
2972 silly placeDep ROOT asap@2.0.6 OK for: promise@8.3.0 want: ~2.0.6
2973 silly placeDep ROOT shell-quote@1.8.3 OK for: react-devtools-core@6.1.5 want: ^1.6.1
2974 silly placeDep node_modules/react-devtools-core ws@7.5.10 OK for: react-devtools-core@6.1.5 want: ^7
2975 silly placeDep ROOT @egjs/hammerjs@2.0.17 OK for: react-native-gesture-handler@2.28.0 want: ^2.0.17
2976 silly placeDep ROOT hoist-non-react-statics@3.3.2 OK for: react-native-gesture-handler@2.28.0 want: ^3.3.0
2977 silly fetch manifest @types/hammerjs@^2.0.36
2978 silly packumentCache full:https://registry.npmjs.org/@types%2fhammerjs cache-miss
2979 http fetch GET 200 https://registry.npmjs.org/@types%2fhammerjs 193ms (cache miss)
2980 silly packumentCache full:https://registry.npmjs.org/@types%2fhammerjs set size:undefined disposed:false
2981 silly placeDep ROOT @types/hammerjs@2.0.46 OK for: @egjs/hammerjs@2.0.17 want: ^2.0.36
2982 silly placeDep node_modules/react-native-reanimated semver@7.7.4 OK for: react-native-reanimated@4.1.7 want: ^7.7.2
2983 silly placeDep ROOT react-freeze@1.0.4 OK for: react-native-screens@4.16.0 want: ^1.0.0
2984 silly placeDep ROOT @babel/plugin-transform-template-literals@7.27.1 OK for: react-native-worklets@0.5.2 want: ^7.0.0-0
2985 silly placeDep node_modules/react-native-worklets semver@7.7.2 OK for: react-native-worklets@0.5.2 want: 7.7.2
2986 silly placeDep ROOT regenerate@1.4.2 OK for: regexpu-core@6.4.0 want: ^1.4.2
2987 silly placeDep ROOT regenerate-unicode-properties@10.2.2 OK for: regexpu-core@6.4.0 want: ^10.2.2
2988 silly placeDep ROOT regjsgen@0.8.0 OK for: regexpu-core@6.4.0 want: ^0.8.0
2989 silly placeDep ROOT regjsparser@0.13.1 OK for: regexpu-core@6.4.0 want: ^0.13.0
2990 silly placeDep ROOT unicode-match-property-ecmascript@2.0.0 OK for: regexpu-core@6.4.0 want: ^2.0.0
2991 silly placeDep ROOT unicode-match-property-value-ecmascript@2.2.1 OK for: regexpu-core@6.4.0 want: ^2.2.1
2992 silly fetch manifest unicode-canonical-property-names-ecmascript@^2.0.0
2993 silly packumentCache full:https://registry.npmjs.org/unicode-canonical-property-names-ecmascript cache-miss
2994 silly fetch manifest unicode-property-aliases-ecmascript@^2.0.0
2995 silly packumentCache full:https://registry.npmjs.org/unicode-property-aliases-ecmascript cache-miss
2996 http fetch GET 200 https://registry.npmjs.org/unicode-property-aliases-ecmascript 1076ms (cache miss)
2997 silly packumentCache full:https://registry.npmjs.org/unicode-property-aliases-ecmascript set size:undefined disposed:false
2998 http fetch GET 200 https://registry.npmjs.org/unicode-canonical-property-names-ecmascript 1111ms (cache miss)
2999 silly packumentCache full:https://registry.npmjs.org/unicode-canonical-property-names-ecmascript set size:undefined disposed:false
3000 silly placeDep ROOT nested-error-stacks@2.0.1 OK for: requireg@0.2.2 want: ~2.0.1
3001 silly placeDep ROOT rc@1.2.8 OK for: requireg@0.2.2 want: ~1.2.7
3002 silly placeDep node_modules/requireg resolve@1.7.1 OK for: requireg@0.2.2 want: ~1.7.1
3003 silly fetch manifest ini@~1.3.0
3004 silly packumentCache full:https://registry.npmjs.org/ini cache-miss
3005 silly fetch manifest minimist@^1.2.0
3006 silly packumentCache full:https://registry.npmjs.org/minimist cache-miss
3007 silly fetch manifest deep-extend@^0.6.0
3008 silly packumentCache full:https://registry.npmjs.org/deep-extend cache-miss
3009 silly fetch manifest strip-json-comments@~2.0.1
3010 silly packumentCache full:https://registry.npmjs.org/strip-json-comments cache-miss
3011 silly fetch manifest path-parse@^1.0.5
3012 silly packumentCache full:https://registry.npmjs.org/path-parse cache-miss
3013 http fetch GET 200 https://registry.npmjs.org/path-parse 19ms (cache hit)
3014 silly packumentCache full:https://registry.npmjs.org/path-parse set size:14523 disposed:false
3015 http fetch GET 200 https://registry.npmjs.org/strip-json-comments 106ms (cache revalidated)
3016 silly packumentCache full:https://registry.npmjs.org/strip-json-comments set size:43569 disposed:false
3017 http fetch GET 200 https://registry.npmjs.org/minimist 112ms (cache revalidated)
3018 silly packumentCache full:https://registry.npmjs.org/minimist set size:77063 disposed:false
3019 http fetch GET 200 https://registry.npmjs.org/ini 177ms (cache revalidated)
3020 silly packumentCache full:https://registry.npmjs.org/ini set size:56961 disposed:false
3021 http fetch GET 200 https://registry.npmjs.org/deep-extend 1094ms (cache revalidated)
3022 silly packumentCache full:https://registry.npmjs.org/deep-extend set size:34472 disposed:false
3023 silly placeDep ROOT deep-extend@0.6.0 OK for: rc@1.2.8 want: ^0.6.0
3024 silly placeDep ROOT ini@1.3.8 OK for: rc@1.2.8 want: ~1.3.0
3025 silly placeDep ROOT minimist@1.2.8 OK for: rc@1.2.8 want: ^1.2.0
3026 silly placeDep ROOT strip-json-comments@2.0.1 OK for: rc@1.2.8 want: ~2.0.1
3027 silly placeDep ROOT is-core-module@2.16.1 OK for: resolve@1.22.11 want: ^2.16.1
3028 silly placeDep ROOT path-parse@1.0.7 OK for: resolve@1.22.11 want: ^1.0.7
3029 silly placeDep ROOT supports-preserve-symlinks-flag@1.0.0 OK for: resolve@1.22.11 want: ^1.0.0
3030 silly fetch manifest hasown@^2.0.2
3031 silly packumentCache full:https://registry.npmjs.org/hasown cache-miss
3032 http fetch GET 200 https://registry.npmjs.org/hasown 103ms (cache miss)
3033 silly packumentCache full:https://registry.npmjs.org/hasown set size:undefined disposed:false
3034 silly placeDep ROOT hasown@2.0.2 OK for: is-core-module@2.16.1 want: ^2.0.2
3035 silly fetch manifest function-bind@^1.1.2
3036 silly packumentCache full:https://registry.npmjs.org/function-bind cache-miss
3037 http fetch GET 200 https://registry.npmjs.org/function-bind 100ms (cache miss)
3038 silly packumentCache full:https://registry.npmjs.org/function-bind set size:undefined disposed:false
3039 silly placeDep ROOT function-bind@1.1.2 OK for: hasown@2.0.2 want: ^1.1.2
3040 silly placeDep ROOT onetime@2.0.1 OK for: restore-cursor@2.0.0 want: ^2.0.0
3041 silly placeDep ROOT signal-exit@3.0.7 OK for: restore-cursor@2.0.0 want: ^3.0.2
3042 silly fetch manifest mimic-fn@^1.0.0
3043 silly packumentCache full:https://registry.npmjs.org/mimic-fn cache-miss
3044 http fetch GET 200 https://registry.npmjs.org/mimic-fn 105ms (cache revalidated)
3045 silly packumentCache full:https://registry.npmjs.org/mimic-fn set size:22257 disposed:false
3046 silly placeDep ROOT mimic-fn@1.2.0 OK for: onetime@2.0.1 want: ^1.0.0
3047 silly placeDep node_modules/send debug@2.6.9 OK for: send@0.19.2 want: 2.6.9
3048 silly placeDep ROOT depd@2.0.0 OK for: send@0.19.2 want: 2.0.0
3049 silly placeDep ROOT destroy@1.2.0 OK for: send@0.19.2 want: 1.2.0
3050 silly placeDep node_modules/send encodeurl@2.0.0 OK for: send@0.19.2 want: ~2.0.0
3051 silly placeDep ROOT etag@1.8.1 OK for: send@0.19.2 want: ~1.8.1
3052 silly placeDep ROOT fresh@0.5.2 OK for: send@0.19.2 want: ~0.5.2
3053 silly placeDep ROOT http-errors@2.0.1 OK for: send@0.19.2 want: ~2.0.1
3054 silly placeDep ROOT mime@1.6.0 OK for: send@0.19.2 want: 1.6.0
3055 silly placeDep node_modules/send on-finished@2.4.1 OK for: send@0.19.2 want: ~2.4.1
3056 silly placeDep ROOT range-parser@1.2.1 OK for: send@0.19.2 want: ~1.2.1
3057 silly placeDep node_modules/send statuses@2.0.2 OK for: send@0.19.2 want: ~2.0.2
3058 silly fetch manifest setprototypeof@~1.2.0
3059 silly packumentCache full:https://registry.npmjs.org/setprototypeof cache-miss
3060 silly fetch manifest toidentifier@~1.0.1
3061 silly packumentCache full:https://registry.npmjs.org/toidentifier cache-miss
3062 http fetch GET 200 https://registry.npmjs.org/setprototypeof 102ms (cache revalidated)
3063 silly packumentCache full:https://registry.npmjs.org/setprototypeof set size:14532 disposed:false
3064 http fetch GET 200 https://registry.npmjs.org/toidentifier 101ms (cache revalidated)
3065 silly packumentCache full:https://registry.npmjs.org/toidentifier set size:12006 disposed:false
3066 silly placeDep ROOT setprototypeof@1.2.0 OK for: http-errors@2.0.1 want: ~1.2.0
3067 silly placeDep node_modules/http-errors statuses@2.0.2 OK for: http-errors@2.0.1 want: ~2.0.2
3068 silly placeDep ROOT toidentifier@1.0.1 OK for: http-errors@2.0.1 want: ~1.0.1
3069 silly placeDep node_modules/serve-static encodeurl@2.0.0 OK for: serve-static@1.16.3 want: ~2.0.0
3070 silly placeDep ROOT shebang-regex@3.0.0 OK for: shebang-command@2.0.0 want: ^3.0.0
3071 silly placeDep ROOT is-arrayish@0.3.4 OK for: simple-swizzle@0.2.4 want: ^0.3.1
3072 silly placeDep ROOT buffer-from@1.1.2 OK for: source-map-support@0.5.21 want: ^1.0.0
3073 silly placeDep node_modules/source-map-support source-map@0.6.1 OK for: source-map-support@0.5.21 want: ^0.6.0
3074 silly placeDep node_modules/stack-utils escape-string-regexp@2.0.0 OK for: stack-utils@2.0.6 want: ^2.0.0
3075 silly placeDep ROOT type-fest@0.7.1 OK for: stacktrace-parser@0.1.11 want: ^0.7.1
3076 silly placeDep node_modules/strip-ansi ansi-regex@4.1.1 OK for: strip-ansi@5.2.0 want: ^4.1.0
3077 silly placeDep node_modules/sucrase commander@4.1.1 OK for: sucrase@3.35.1 want: ^4.0.0
3078 silly placeDep ROOT lines-and-columns@1.2.4 OK for: sucrase@3.35.1 want: ^1.1.6
3079 silly placeDep ROOT mz@2.7.0 OK for: sucrase@3.35.1 want: ^2.7.0
3080 silly placeDep ROOT tinyglobby@0.2.16 OK for: sucrase@3.35.1 want: ^0.2.11
3081 silly placeDep ROOT ts-interface-checker@0.1.13 OK for: sucrase@3.35.1 want: ^0.1.9
3082 silly fetch manifest any-promise@^1.0.0
3083 silly packumentCache full:https://registry.npmjs.org/any-promise cache-miss
3084 silly fetch manifest object-assign@^4.0.1
3085 silly packumentCache full:https://registry.npmjs.org/object-assign cache-miss
3086 silly fetch manifest thenify-all@^1.0.0
3087 silly packumentCache full:https://registry.npmjs.org/thenify-all cache-miss
3088 silly fetch manifest fdir@^6.5.0
3089 silly packumentCache full:https://registry.npmjs.org/fdir cache-miss
3090 silly fetch manifest picomatch@^4.0.4
3091 silly packumentCache full:https://registry.npmjs.org/picomatch cache-hit
3092 http fetch GET 200 https://registry.npmjs.org/object-assign 101ms (cache revalidated)
3093 silly packumentCache full:https://registry.npmjs.org/object-assign set size:28988 disposed:false
3094 http fetch GET 200 https://registry.npmjs.org/any-promise 103ms (cache revalidated)
3095 silly packumentCache full:https://registry.npmjs.org/any-promise set size:20233 disposed:false
3096 http fetch GET 200 https://registry.npmjs.org/thenify-all 104ms (cache revalidated)
3097 silly packumentCache full:https://registry.npmjs.org/thenify-all set size:18488 disposed:false
3098 http fetch GET 200 https://registry.npmjs.org/fdir 148ms (cache revalidated)
3099 silly packumentCache full:https://registry.npmjs.org/fdir set size:136182 disposed:false
3100 silly placeDep ROOT any-promise@1.3.0 OK for: mz@2.7.0 want: ^1.0.0
3101 silly placeDep ROOT object-assign@4.1.1 OK for: mz@2.7.0 want: ^4.0.1
3102 silly placeDep ROOT thenify-all@1.6.0 OK for: mz@2.7.0 want: ^1.0.0
3103 silly fetch manifest thenify@>= 3.1.0 < 4
3104 silly packumentCache full:https://registry.npmjs.org/thenify cache-miss
3105 http fetch GET 200 https://registry.npmjs.org/thenify 121ms (cache revalidated)
3106 silly packumentCache full:https://registry.npmjs.org/thenify set size:21379 disposed:false
3107 silly placeDep ROOT has-flag@4.0.0 OK for: supports-color@7.2.0 want: ^4.0.0
3108 silly placeDep ROOT @isaacs/fs-minipass@4.0.1 OK for: tar@7.5.13 want: ^4.0.0
3109 silly placeDep ROOT chownr@3.0.0 OK for: tar@7.5.13 want: ^3.0.0
3110 silly placeDep ROOT minipass@7.1.3 OK for: tar@7.5.13 want: ^7.1.2
3111 silly placeDep ROOT minizlib@3.1.0 OK for: tar@7.5.13 want: ^3.1.0
3112 silly placeDep node_modules/tar yallist@5.0.0 OK for: tar@7.5.13 want: ^5.0.0
3113 silly fetch manifest minipass@^7.0.4
3114 silly packumentCache full:https://registry.npmjs.org/minipass cache-hit
3115 silly placeDep ROOT ansi-escapes@4.3.2 OK for: terminal-link@2.1.1 want: ^4.2.1
3116 silly placeDep ROOT supports-hyperlinks@2.3.0 OK for: terminal-link@2.1.1 want: ^2.0.0
3117 silly fetch manifest type-fest@^0.21.3
3118 silly packumentCache full:https://registry.npmjs.org/type-fest cache-hit
3119 silly placeDep node_modules/ansi-escapes type-fest@0.21.3 OK for: ansi-escapes@4.3.2 want: ^0.21.3
3120 silly placeDep ROOT @jridgewell/source-map@0.3.11 OK for: terser@5.46.1 want: ^0.3.3
3121 silly placeDep ROOT acorn@8.16.0 OK for: terser@5.46.1 want: ^8.15.0
3122 silly placeDep node_modules/terser commander@2.20.3 OK for: terser@5.46.1 want: ^2.20.0
3123 silly placeDep node_modules/test-exclude minimatch@3.1.5 OK for: test-exclude@6.0.0 want: ^3.0.4
3124 silly placeDep ROOT thenify@3.3.1 OK for: thenify-all@1.6.0 want: >= 3.1.0 < 4
3125 silly placeDep ROOT fdir@6.5.0 OK for: tinyglobby@0.2.16 want: ^6.5.0
3126 silly placeDep node_modules/tinyglobby picomatch@4.0.4 OK for: tinyglobby@0.2.16 want: ^4.0.4
3127 silly placeDep ROOT is-number@7.0.0 OK for: to-regex-range@5.0.1 want: ^7.0.0
3128 silly placeDep ROOT unicode-canonical-property-names-ecmascript@2.0.1 OK for: unicode-match-property-ecmascript@2.0.0 want: ^2.0.0
3129 silly placeDep ROOT unicode-property-aliases-ecmascript@2.2.0 OK for: unicode-match-property-ecmascript@2.0.0 want: ^2.0.0
3130 silly placeDep ROOT escalade@3.2.0 OK for: update-browserslist-db@1.2.3 want: ^3.2.0
3131 silly placeDep ROOT makeerror@1.0.12 OK for: walker@1.0.8 want: 1.0.12
3132 silly fetch manifest tmpl@1.0.5
3133 silly packumentCache full:https://registry.npmjs.org/tmpl cache-miss
3134 http fetch GET 200 https://registry.npmjs.org/tmpl 434ms (cache miss)
3135 silly packumentCache full:https://registry.npmjs.org/tmpl set size:undefined disposed:false
3136 silly placeDep ROOT tmpl@1.0.5 OK for: makeerror@1.0.12 want: 1.0.5
3137 silly placeDep ROOT defaults@1.0.4 OK for: wcwidth@1.0.1 want: ^1.0.3
3138 silly fetch manifest clone@^1.0.2
3139 silly packumentCache full:https://registry.npmjs.org/clone cache-miss
3140 http fetch GET 200 https://registry.npmjs.org/clone 84ms (cache revalidated)
3141 silly packumentCache full:https://registry.npmjs.org/clone set size:82973 disposed:false
3142 silly placeDep ROOT clone@1.0.4 OK for: defaults@1.0.4 want: ^1.0.2
3143 silly placeDep ROOT buffer@5.7.1 OK for: whatwg-url-without-unicode@8.0.0-3 want: ^5.4.3
3144 silly placeDep ROOT punycode@2.3.1 OK for: whatwg-url-without-unicode@8.0.0-3 want: ^2.1.1
3145 silly placeDep ROOT webidl-conversions@5.0.0 OK for: whatwg-url-without-unicode@8.0.0-3 want: ^5.0.0
3146 silly fetch manifest ieee754@^1.1.13
3147 silly packumentCache full:https://registry.npmjs.org/ieee754 cache-miss
3148 http fetch GET 200 https://registry.npmjs.org/ieee754 171ms (cache miss)
3149 silly packumentCache full:https://registry.npmjs.org/ieee754 set size:undefined disposed:false
3150 silly placeDep ROOT ieee754@1.2.1 OK for: buffer@5.7.1 want: ^1.1.13
3151 silly placeDep ROOT isexe@2.0.0 OK for: which@2.0.2 want: ^2.0.0
3152 silly placeDep ROOT string-width@4.2.3 OK for: wrap-ansi@7.0.0 want: ^4.1.0
3153 silly placeDep node_modules/wrap-ansi strip-ansi@6.0.1 OK for: wrap-ansi@7.0.0 want: ^6.0.0
3154 silly fetch manifest strip-ansi@^6.0.1
3155 silly packumentCache full:https://registry.npmjs.org/strip-ansi cache-hit
3156 silly fetch manifest emoji-regex@^8.0.0
3157 silly packumentCache full:https://registry.npmjs.org/emoji-regex cache-miss
3158 silly fetch manifest is-fullwidth-code-point@^3.0.0
3159 silly packumentCache full:https://registry.npmjs.org/is-fullwidth-code-point cache-miss
3160 http fetch GET 200 https://registry.npmjs.org/is-fullwidth-code-point 136ms (cache miss)
3161 silly packumentCache full:https://registry.npmjs.org/is-fullwidth-code-point set size:undefined disposed:false
3162 http fetch GET 200 https://registry.npmjs.org/emoji-regex 164ms (cache miss)
3163 silly packumentCache full:https://registry.npmjs.org/emoji-regex set size:undefined disposed:false
3164 silly placeDep ROOT emoji-regex@8.0.0 OK for: string-width@4.2.3 want: ^8.0.0
3165 silly placeDep ROOT is-fullwidth-code-point@3.0.0 OK for: string-width@4.2.3 want: ^3.0.0
3166 silly placeDep node_modules/string-width strip-ansi@6.0.1 OK for: string-width@4.2.3 want: ^6.0.1
3167 silly placeDep ROOT imurmurhash@0.1.4 OK for: write-file-atomic@4.0.2 want: ^0.1.4
3168 silly placeDep ROOT simple-plist@1.3.1 OK for: xcode@3.0.1 want: ^1.1.0
3169 silly placeDep ROOT uuid@7.0.3 OK for: xcode@3.0.1 want: ^7.0.3
3170 silly fetch manifest bplist-parser@0.3.1
3171 silly packumentCache full:https://registry.npmjs.org/bplist-parser cache-hit
3172 silly fetch manifest plist@^3.0.5
3173 silly packumentCache full:https://registry.npmjs.org/plist cache-miss
3174 http fetch GET 200 https://registry.npmjs.org/plist 131ms (cache revalidated)
3175 silly packumentCache full:https://registry.npmjs.org/plist set size:52877 disposed:false
3176 silly placeDep node_modules/simple-plist bplist-parser@0.3.1 OK for: simple-plist@1.3.1 want: 0.3.1
3177 silly placeDep ROOT plist@3.1.0 OK for: simple-plist@1.3.1 want: ^3.0.5
3178 silly placeDep ROOT sax@1.6.0 OK for: xml2js@0.6.0 want: >=0.6.0
3179 silly placeDep node_modules/xml2js xmlbuilder@11.0.1 OK for: xml2js@0.6.0 want: ~11.0.0
3180 silly placeDep ROOT cliui@8.0.1 OK for: yargs@17.7.2 want: ^8.0.1
3181 silly placeDep ROOT get-caller-file@2.0.5 OK for: yargs@17.7.2 want: ^2.0.5
3182 silly placeDep ROOT require-directory@2.1.1 OK for: yargs@17.7.2 want: ^2.1.1
3183 silly placeDep ROOT y18n@5.0.8 OK for: yargs@17.7.2 want: ^5.0.5
3184 silly placeDep ROOT yargs-parser@21.1.1 OK for: yargs@17.7.2 want: ^21.1.1
3185 silly placeDep node_modules/cliui strip-ansi@6.0.1 OK for: cliui@8.0.1 want: ^6.0.1
3186 silly placeDep node_modules/@expo/cli/node_modules/glob minimatch@10.2.5 OK for: glob@13.0.6 want: ^10.2.2
3187 silly placeDep ROOT path-scurry@2.0.2 OK for: glob@13.0.6 want: ^2.0.2
3188 silly fetch manifest brace-expansion@^5.0.5
3189 silly packumentCache full:https://registry.npmjs.org/brace-expansion cache-hit
3190 silly fetch manifest lru-cache@^11.0.0
3191 silly packumentCache full:https://registry.npmjs.org/lru-cache cache-hit
3192 silly placeDep node_modules/path-scurry lru-cache@11.3.3 OK for: path-scurry@2.0.2 want: ^11.0.0
3193 silly placeDep node_modules/@expo/config-plugins minimatch@10.2.5 OK for: glob@13.0.6 want: ^10.2.2
3194 silly placeDep node_modules/@expo/config-plugins brace-expansion@5.0.5 OK for: minimatch@10.2.5 want: ^5.0.5
3195 silly fetch manifest balanced-match@^4.0.2
3196 silly packumentCache full:https://registry.npmjs.org/balanced-match cache-hit
3197 silly placeDep node_modules/@expo/config-plugins balanced-match@4.0.4 OK for: brace-expansion@5.0.5 want: ^4.0.2
3198 silly placeDep ROOT @babel/highlight@7.25.9 OK for: @babel/code-frame@7.10.4 want: ^7.10.4
3199 silly placeDep node_modules/@babel/highlight chalk@2.4.2 OK for: @babel/highlight@7.25.9 want: ^2.4.2
3200 silly placeDep node_modules/@babel/highlight ansi-styles@3.2.1 OK for: chalk@2.4.2 want: ^3.2.1
3201 silly placeDep node_modules/@babel/highlight escape-string-regexp@1.0.5 OK for: chalk@2.4.2 want: ^1.0.5
3202 silly placeDep node_modules/@babel/highlight supports-color@5.5.0 OK for: chalk@2.4.2 want: ^5.3.0
3203 silly fetch manifest color-convert@^1.9.0
3204 silly packumentCache full:https://registry.npmjs.org/color-convert cache-hit
3205 silly fetch manifest has-flag@^3.0.0
3206 silly packumentCache full:https://registry.npmjs.org/has-flag cache-hit
3207 silly placeDep node_modules/@babel/highlight color-convert@1.9.3 OK for: ansi-styles@3.2.1 want: ^1.9.0
3208 silly fetch manifest color-name@1.1.3
3209 silly packumentCache full:https://registry.npmjs.org/color-name cache-hit
3210 silly placeDep node_modules/@babel/highlight color-name@1.1.3 OK for: color-convert@1.9.3 want: 1.1.3
3211 silly placeDep node_modules/@babel/highlight has-flag@3.0.0 OK for: supports-color@5.5.0 want: ^3.0.0
3212 silly placeDep node_modules/@expo/config minimatch@10.2.5 OK for: glob@13.0.6 want: ^10.2.2
3213 silly placeDep node_modules/@expo/config brace-expansion@5.0.5 OK for: minimatch@10.2.5 want: ^5.0.5
3214 silly placeDep node_modules/@expo/config balanced-match@4.0.4 OK for: brace-expansion@5.0.5 want: ^4.0.2
3215 silly placeDep node_modules/@expo/fingerprint/node_modules/glob minimatch@10.2.5 OK for: glob@13.0.6 want: ^10.2.2
3216 silly placeDep node_modules/@expo/metro-config/node_modules/glob minimatch@10.2.5 OK for: glob@13.0.6 want: ^10.2.2
3217 silly placeDep node_modules/@istanbuljs/load-nyc-config argparse@1.0.10 OK for: js-yaml@3.14.2 want: ^1.0.7
3218 silly placeDep ROOT esprima@4.0.1 OK for: js-yaml@3.14.2 want: ^4.0.0
3219 silly fetch manifest sprintf-js@~1.0.2
3220 silly packumentCache full:https://registry.npmjs.org/sprintf-js cache-miss
3221 http fetch GET 200 https://registry.npmjs.org/sprintf-js 133ms (cache miss)
3222 silly packumentCache full:https://registry.npmjs.org/sprintf-js set size:undefined disposed:false
3223 silly placeDep ROOT sprintf-js@1.0.3 OK for: argparse@1.0.10 want: ~1.0.2
3224 silly placeDep node_modules/@react-native/community-cli-plugin @react-native/debugger-frontend@0.81.0 OK for: @react-native/dev-middleware@0.81.0 want: 0.81.0
3225 silly placeDep node_modules/@react-native/community-cli-plugin ws@6.2.3 OK for: @react-native/dev-middleware@0.81.0 want: ^6.2.3
3226 silly placeDep ROOT async-limiter@1.0.1 OK for: ws@6.2.3 want: ~1.0.0
3227 silly placeDep ROOT define-lazy-prop@2.0.0 OK for: open@8.4.2 want: ^2.0.0
3228 silly placeDep node_modules/compression ms@2.0.0 OK for: debug@2.6.9 want: 2.0.0
3229 silly placeDep node_modules/connect ms@2.0.0 OK for: debug@2.6.9 want: 2.0.0
3230 silly placeDep node_modules/finalhandler ms@2.0.0 OK for: debug@2.6.9 want: 2.0.0
3231 silly placeDep node_modules/glob brace-expansion@1.1.13 OK for: minimatch@3.1.5 want: ^1.1.7
3232 silly fetch manifest concat-map@0.0.1
3233 silly packumentCache full:https://registry.npmjs.org/concat-map cache-miss
3234 http fetch GET 200 https://registry.npmjs.org/concat-map 112ms (cache miss)
3235 silly packumentCache full:https://registry.npmjs.org/concat-map set size:undefined disposed:false
3236 silly placeDep ROOT concat-map@0.0.1 OK for: brace-expansion@1.1.13 want: 0.0.1
3237 silly placeDep node_modules/lighthouse-logger ms@2.0.0 OK for: debug@2.6.9 want: 2.0.0
3238 silly placeDep node_modules/log-symbols ansi-styles@3.2.1 OK for: chalk@2.4.2 want: ^3.2.1
3239 silly placeDep node_modules/log-symbols escape-string-regexp@1.0.5 OK for: chalk@2.4.2 want: ^1.0.5
3240 silly placeDep node_modules/log-symbols supports-color@5.5.0 OK for: chalk@2.4.2 want: ^5.3.0
3241 silly placeDep node_modules/log-symbols color-convert@1.9.3 OK for: ansi-styles@3.2.1 want: ^1.9.0
3242 silly placeDep node_modules/log-symbols color-name@1.1.3 OK for: color-convert@1.9.3 want: 1.1.3
3243 silly placeDep node_modules/log-symbols has-flag@3.0.0 OK for: supports-color@5.5.0 want: ^3.0.0
3244 silly placeDep node_modules/metro-babel-transformer hermes-estree@0.32.0 OK for: hermes-parser@0.32.0 want: 0.32.0
3245 silly placeDep node_modules/metro hermes-estree@0.32.0 OK for: hermes-parser@0.32.0 want: 0.32.0
3246 silly placeDep node_modules/ora ansi-styles@3.2.1 OK for: chalk@2.4.2 want: ^3.2.1
3247 silly placeDep node_modules/ora escape-string-regexp@1.0.5 OK for: chalk@2.4.2 want: ^1.0.5
3248 silly placeDep node_modules/ora supports-color@5.5.0 OK for: chalk@2.4.2 want: ^5.3.0
3249 silly placeDep node_modules/ora color-convert@1.9.3 OK for: ansi-styles@3.2.1 want: ^1.9.0
3250 silly placeDep node_modules/ora color-name@1.1.3 OK for: color-convert@1.9.3 want: 1.1.3
3251 silly placeDep node_modules/ora has-flag@3.0.0 OK for: supports-color@5.5.0 want: ^3.0.0
3252 silly placeDep ROOT p-try@2.2.0 OK for: p-limit@2.3.0 want: ^2.0.0
3253 silly placeDep node_modules/send/node_modules/debug ms@2.0.0 OK for: debug@2.6.9 want: 2.0.0
3254 silly placeDep node_modules/test-exclude brace-expansion@1.1.13 OK for: minimatch@3.1.5 want: ^1.1.7
3255 silly placeDep node_modules/@expo/cli brace-expansion@5.0.5 OK for: minimatch@10.2.5 want: ^5.0.5
3256 silly placeDep node_modules/@expo/cli balanced-match@4.0.4 OK for: brace-expansion@5.0.5 want: ^4.0.2
3257 silly placeDep node_modules/@expo/fingerprint brace-expansion@5.0.5 OK for: minimatch@10.2.5 want: ^5.0.5
3258 silly placeDep node_modules/@expo/fingerprint balanced-match@4.0.4 OK for: brace-expansion@5.0.5 want: ^4.0.2
3259 silly placeDep node_modules/@expo/metro-config brace-expansion@5.0.5 OK for: minimatch@10.2.5 want: ^5.0.5
3260 silly placeDep node_modules/@expo/metro-config balanced-match@4.0.4 OK for: brace-expansion@5.0.5 want: ^4.0.2
3261 silly reify moves {}
3262 silly audit bulk request {
3262 silly audit   '@babel/core': [ '7.29.0' ],
3262 silly audit   '@expo/vector-icons': [ '15.1.1' ],
3262 silly audit   '@react-navigation/bottom-tabs': [ '6.6.1' ],
3262 silly audit   '@react-navigation/native': [ '6.1.18' ],
3262 silly audit   '@react-navigation/native-stack': [ '6.11.0' ],
3262 silly audit   '@types/react': [ '19.2.14' ],
3262 silly audit   'babel-preset-expo': [ '54.0.10' ],
3262 silly audit   expo: [ '54.0.33' ],
3262 silly audit   'expo-constants': [ '18.0.13' ],
3262 silly audit   'expo-linear-gradient': [ '15.0.8' ],
3262 silly audit   'expo-location': [ '19.0.8' ],
3262 silly audit   'expo-status-bar': [ '3.0.9' ],
3262 silly audit   react: [ '19.1.0' ],
3262 silly audit   'react-native': [ '0.81.0' ],
3262 silly audit   'react-native-gesture-handler': [ '2.28.0' ],
3262 silly audit   'react-native-reanimated': [ '4.1.7' ],
3262 silly audit   'react-native-safe-area-context': [ '5.6.2' ],
3262 silly audit   'react-native-screens': [ '4.16.0' ],
3262 silly audit   'react-native-worklets': [ '0.5.2' ],
3262 silly audit   typescript: [ '5.9.3' ],
3262 silly audit   '@babel/code-frame': [ '7.29.0', '7.10.4' ],
3262 silly audit   '@babel/generator': [ '7.29.1' ],
3262 silly audit   '@babel/helper-compilation-targets': [ '7.28.6' ],
3262 silly audit   '@babel/helper-module-transforms': [ '7.28.6' ],
3262 silly audit   '@babel/helpers': [ '7.29.2' ],
3262 silly audit   '@babel/parser': [ '7.29.2' ],
3262 silly audit   '@babel/template': [ '7.28.6' ],
3262 silly audit   '@babel/traverse': [ '7.29.0' ],
3262 silly audit   '@babel/types': [ '7.29.0' ],
3262 silly audit   '@jridgewell/remapping': [ '2.3.5' ],
3262 silly audit   'convert-source-map': [ '2.0.0' ],
3262 silly audit   debug: [ '4.4.3', '3.2.7', '2.6.9' ],
3262 silly audit   gensync: [ '1.0.0-beta.2' ],
3262 silly audit   json5: [ '2.2.3' ],
3262 silly audit   semver: [ '6.3.1', '7.7.4', '7.7.2' ],
3262 silly audit   '@babel/helper-validator-identifier': [ '7.28.5' ],
3262 silly audit   'js-tokens': [ '4.0.0' ],
3262 silly audit   picocolors: [ '1.1.1' ],
3262 silly audit   '@jridgewell/gen-mapping': [ '0.3.13' ],
3262 silly audit   '@jridgewell/trace-mapping': [ '0.3.31' ],
3262 silly audit   jsesc: [ '3.1.0' ],
3262 silly audit   '@babel/compat-data': [ '7.29.0' ],
3262 silly audit   '@babel/helper-validator-option': [ '7.27.1' ],
3262 silly audit   browserslist: [ '4.28.2' ],
3262 silly audit   'lru-cache': [ '5.1.1', '10.4.3', '11.3.3' ],
3262 silly audit   '@babel/helper-module-imports': [ '7.28.6' ],
3262 silly audit   '@babel/helper-globals': [ '7.28.0' ],
3262 silly audit   '@babel/helper-string-parser': [ '7.27.1' ],
3262 silly audit   '@jridgewell/sourcemap-codec': [ '1.5.5' ],
3262 silly audit   '@jridgewell/resolve-uri': [ '3.1.2' ],
3262 silly audit   '@react-navigation/elements': [ '1.3.31' ],
3262 silly audit   color: [ '4.2.3' ],
3262 silly audit   'warn-once': [ '0.1.1' ],
3262 silly audit   '@react-navigation/core': [ '6.4.17' ],
3262 silly audit   'escape-string-regexp': [ '4.0.0', '2.0.0', '1.0.5' ],
3262 silly audit   'fast-deep-equal': [ '3.1.3' ],
3262 silly audit   nanoid: [ '3.3.11' ],
3262 silly audit   '@react-navigation/routers': [ '6.1.9' ],
3262 silly audit   'query-string': [ '7.1.3' ],
3262 silly audit   'react-is': [ '16.13.1', '18.3.1' ],
3262 silly audit   'use-latest-callback': [ '0.2.6' ],
3262 silly audit   csstype: [ '3.2.3' ],
3262 silly audit   '@babel/plugin-proposal-decorators': [ '7.29.0' ],
3262 silly audit   '@babel/plugin-proposal-export-default-from': [ '7.27.1' ],
3262 silly audit   '@babel/plugin-syntax-export-default-from': [ '7.28.6' ],
3262 silly audit   '@babel/plugin-transform-class-static-block': [ '7.28.6' ],
3262 silly audit   '@babel/plugin-transform-export-namespace-from': [ '7.27.1' ],
3262 silly audit   '@babel/plugin-transform-flow-strip-types': [ '7.27.1' ],
3262 silly audit   '@babel/plugin-transform-modules-commonjs': [ '7.28.6' ],
3262 silly audit   '@babel/plugin-transform-object-rest-spread': [ '7.28.6' ],
3262 silly audit   '@babel/plugin-transform-parameters': [ '7.27.7' ],
3262 silly audit   '@babel/plugin-transform-private-methods': [ '7.28.6' ],
3262 silly audit   '@babel/plugin-transform-private-property-in-object': [ '7.28.6' ],
3262 silly audit   '@babel/plugin-transform-runtime': [ '7.29.0' ],
3262 silly audit   '@babel/preset-react': [ '7.28.5' ],
3262 silly audit   '@babel/preset-typescript': [ '7.28.5' ],
3262 silly audit   '@react-native/babel-preset': [ '0.81.5' ],
3262 silly audit   'babel-plugin-react-compiler': [ '1.0.0' ],
3262 silly audit   'babel-plugin-react-native-web': [ '0.21.2' ],
3262 silly audit   'babel-plugin-syntax-hermes-parser': [ '0.29.1' ],
3262 silly audit   'babel-plugin-transform-flow-enums': [ '0.0.2' ],
3262 silly audit   'resolve-from': [ '5.0.0' ],
3262 silly audit   '@babel/helper-create-class-features-plugin': [ '7.28.6' ],
3262 silly audit   '@babel/helper-plugin-utils': [ '7.28.6' ],
3262 silly audit   '@babel/plugin-syntax-decorators': [ '7.28.6' ],
3262 silly audit   '@babel/helper-annotate-as-pure': [ '7.27.3' ],
3262 silly audit   '@babel/helper-member-expression-to-functions': [ '7.28.5' ],
3262 silly audit   '@babel/helper-optimise-call-expression': [ '7.27.1' ],
3262 silly audit   '@babel/helper-replace-supers': [ '7.28.6' ],
3262 silly audit   '@babel/helper-skip-transparent-expression-wrappers': [ '7.27.1' ],
3262 silly audit   '@babel/plugin-syntax-flow': [ '7.28.6' ],
3262 silly audit   '@babel/plugin-transform-destructuring': [ '7.28.5' ],
3262 silly audit   'babel-plugin-polyfill-corejs2': [ '0.4.17' ],
3262 silly audit   'babel-plugin-polyfill-corejs3': [ '0.13.0' ],
3262 silly audit   'babel-plugin-polyfill-regenerator': [ '0.6.8' ],
3262 silly audit   '@babel/plugin-transform-react-display-name': [ '7.28.0' ],
3262 silly audit   '@babel/plugin-transform-react-jsx': [ '7.28.6' ],
3262 silly audit   '@babel/plugin-transform-react-jsx-development': [ '7.27.1' ],
3262 silly audit   '@babel/plugin-transform-react-pure-annotations': [ '7.27.1' ],
3262 silly audit   '@babel/plugin-syntax-jsx': [ '7.28.6' ],
3262 silly audit   '@babel/plugin-transform-typescript': [ '7.28.6' ],
3262 silly audit   '@babel/plugin-syntax-typescript': [ '7.28.6' ],
3262 silly audit   '@babel/plugin-syntax-dynamic-import': [ '7.8.3' ],
3262 silly audit   '@babel/plugin-syntax-nullish-coalescing-operator': [ '7.8.3' ],
3262 silly audit   '@babel/plugin-syntax-optional-chaining': [ '7.8.3' ],
3262 silly audit   '@babel/plugin-transform-arrow-functions': [ '7.27.1' ],
3262 silly audit   '@babel/plugin-transform-async-generator-functions': [ '7.29.0' ],
3262 silly audit   '@babel/plugin-transform-async-to-generator': [ '7.28.6' ],
3262 silly audit   '@babel/plugin-transform-block-scoping': [ '7.28.6' ],
3262 silly audit   '@babel/plugin-transform-class-properties': [ '7.28.6' ],
3262 silly audit   '@babel/plugin-transform-classes': [ '7.28.6' ],
3262 silly audit   '@babel/plugin-transform-computed-properties': [ '7.28.6' ],
3262 silly audit   '@babel/plugin-transform-for-of': [ '7.27.1' ],
3262 silly audit   '@babel/plugin-transform-function-name': [ '7.27.1' ],
3262 silly audit   '@babel/plugin-transform-literals': [ '7.27.1' ],
3262 silly audit   '@babel/plugin-transform-logical-assignment-operators': [ '7.28.6' ],
3262 silly audit   '@babel/plugin-transform-named-capturing-groups-regex': [ '7.29.0' ],
3262 silly audit   '@babel/plugin-transform-nullish-coalescing-operator': [ '7.28.6' ],
3262 silly audit   '@babel/plugin-transform-numeric-separator': [ '7.28.6' ],
3262 silly audit   '@babel/plugin-transform-optional-catch-binding': [ '7.28.6' ],
3262 silly audit   '@babel/plugin-transform-optional-chaining': [ '7.28.6' ],
3262 silly audit   '@babel/plugin-transform-react-jsx-self': [ '7.27.1' ],
3262 silly audit   '@babel/plugin-transform-react-jsx-source': [ '7.27.1' ],
3262 silly audit   '@babel/plugin-transform-regenerator': [ '7.29.0' ],
3262 silly audit   '@babel/plugin-transform-shorthand-properties': [ '7.27.1' ],
3262 silly audit   '@babel/plugin-transform-spread': [ '7.28.6' ],
3262 silly audit   '@babel/plugin-transform-sticky-regex': [ '7.27.1' ],
3262 silly audit   '@babel/plugin-transform-unicode-regex': [ '7.27.1' ],
3262 silly audit   '@react-native/babel-plugin-codegen': [ '0.81.5' ],
3262 silly audit   'react-refresh': [ '0.14.2' ],
3262 silly audit   '@babel/helper-remap-async-to-generator': [ '7.27.1' ],
3262 silly audit   '@babel/helper-wrap-function': [ '7.28.6' ],
3262 silly audit   '@babel/helper-create-regexp-features-plugin': [ '7.28.5' ],
3262 silly audit   'regexpu-core': [ '6.4.0' ],
3262 silly audit   '@react-native/codegen': [ '0.81.5', '0.81.0' ],
3262 silly audit   glob: [ '7.2.3', '13.0.6' ],
3262 silly audit   'hermes-parser': [ '0.29.1', '0.32.0' ],
3262 silly audit   invariant: [ '2.2.4' ],
3262 silly audit   nullthrows: [ '1.1.1' ],
3262 silly audit   yargs: [ '17.7.2' ],
3262 silly audit   '@babel/helper-define-polyfill-provider': [ '0.6.8' ],
3262 silly audit   'lodash.debounce': [ '4.0.8' ],
3262 silly audit   resolve: [ '1.22.11', '1.7.1' ],
3262 silly audit   'core-js-compat': [ '3.49.0' ],
3262 silly audit   'baseline-browser-mapping': [ '2.10.17' ],
3262 silly audit   'caniuse-lite': [ '1.0.30001787' ],
3262 silly audit   'electron-to-chromium': [ '1.5.334' ],
3262 silly audit   'node-releases': [ '2.0.37' ],
3262 silly audit   'update-browserslist-db': [ '1.2.3' ],
3262 silly audit   'color-convert': [ '2.0.1', '1.9.3' ],
3262 silly audit   'color-string': [ '1.9.1' ],
3262 silly audit   'color-name': [ '1.1.4', '1.1.3' ],
3262 silly audit   'simple-swizzle': [ '0.2.4' ],
3262 silly audit   ms: [ '2.1.3', '2.0.0' ],
3262 silly audit   '@babel/runtime': [ '7.29.2' ],
3262 silly audit   '@expo/cli': [ '54.0.23' ],
3262 silly audit   '@expo/config': [ '12.0.13' ],
3262 silly audit   '@expo/config-plugins': [ '54.0.4' ],
3262 silly audit   '@expo/devtools': [ '0.1.8' ],
3262 silly audit   '@expo/fingerprint': [ '0.15.4' ],
3262 silly audit   '@expo/metro': [ '54.2.0' ],
3262 silly audit   '@expo/metro-config': [ '54.0.14' ],
3262 silly audit   '@ungap/structured-clone': [ '1.3.0' ],
3262 silly audit   'expo-asset': [ '12.0.12' ],
3262 silly audit   'expo-file-system': [ '19.0.21' ],
3262 silly audit   'expo-font': [ '14.0.11' ],
3262 silly audit   'expo-keep-awake': [ '15.0.8' ],
3262 silly audit   'expo-modules-autolinking': [ '3.0.24' ],
3262 silly audit   'expo-modules-core': [ '3.0.29' ],
3262 silly audit   'pretty-format': [ '29.7.0' ],
3262 silly audit   'whatwg-url-without-unicode': [ '8.0.0-3' ],
3262 silly audit   '@0no-co/graphql.web': [ '1.2.0' ],
3262 silly audit   '@expo/code-signing-certificates': [ '0.0.6' ],
3262 silly audit   '@expo/devcert': [ '1.2.1' ],
3262 silly audit   '@expo/env': [ '2.0.11' ],
3262 silly audit   '@expo/image-utils': [ '0.8.13' ],
3262 silly audit   '@expo/json-file': [ '10.0.13' ],
3262 silly audit   '@expo/osascript': [ '2.4.2' ],
3262 silly audit   '@expo/package-manager': [ '1.10.4' ],
3262 silly audit   '@expo/plist': [ '0.4.8' ],
3262 silly audit   '@expo/prebuild-config': [ '54.0.8' ],
3262 silly audit   '@expo/schema-utils': [ '0.1.8' ],
3262 silly audit   '@expo/spawn-async': [ '1.7.2' ],
3262 silly audit   '@expo/ws-tunnel': [ '1.0.6' ],
3262 silly audit   '@expo/xcpretty': [ '4.4.3' ],
3262 silly audit   '@react-native/dev-middleware': [ '0.81.5', '0.81.0' ],
3262 silly audit   '@urql/core': [ '5.2.0' ],
3262 silly audit   '@urql/exchange-retry': [ '1.3.2' ],
3262 silly audit   accepts: [ '1.3.8' ],
3262 silly audit   arg: [ '5.0.2' ],
3262 silly audit   'better-opn': [ '3.0.2' ],
3262 silly audit   'bplist-creator': [ '0.1.0' ],
3262 silly audit   'bplist-parser': [ '0.3.2', '0.3.1' ],
3262 silly audit   chalk: [ '4.1.2', '2.4.2' ],
3262 silly audit   'ci-info': [ '3.9.0', '2.0.0' ],
3262 silly audit   compression: [ '1.8.1' ],
3262 silly audit   connect: [ '3.7.0' ],
3262 silly audit   'env-editor': [ '0.4.2' ],
3262 silly audit   'expo-server': [ '1.0.5' ],
3262 silly audit   'freeport-async': [ '2.0.0' ],
3262 silly audit   getenv: [ '2.0.0' ],
3262 silly audit   'lan-network': [ '0.1.7' ],
3262 silly audit   minimatch: [ '9.0.9', '3.1.5', '10.2.5' ],
3262 silly audit   'node-forge': [ '1.4.0' ],
3262 silly audit   'npm-package-arg': [ '11.0.3' ],
3262 silly audit   ora: [ '3.4.0' ],
3262 silly audit   picomatch: [ '3.0.2', '2.3.2', '4.0.4' ],
3262 silly audit   'pretty-bytes': [ '5.6.0' ],
3262 silly audit   progress: [ '2.0.3' ],
3262 silly audit   prompts: [ '2.4.2' ],
3262 silly audit   'qrcode-terminal': [ '0.11.0' ],
3262 silly audit   'require-from-string': [ '2.0.2' ],
3262 silly audit   requireg: [ '0.2.2' ],
3262 silly audit   'resolve.exports': [ '2.0.3' ],
3262 silly audit   send: [ '0.19.2' ],
3262 silly audit   slugify: [ '1.6.9' ],
3262 silly audit   'source-map-support': [ '0.5.21' ],
3262 silly audit   'stacktrace-parser': [ '0.1.11' ],
3262 silly audit   'structured-headers': [ '0.4.1' ],
3262 silly audit   tar: [ '7.5.13' ],
3262 silly audit   'terminal-link': [ '2.1.1' ],
3262 silly audit   undici: [ '6.24.1' ],
3262 silly audit   'wrap-ansi': [ '7.0.0' ],
3262 silly audit   ws: [ '8.20.0', '6.2.3', '7.5.10' ],
3262 silly audit   '@expo/config-types': [ '54.0.10' ],
3262 silly audit   deepmerge: [ '4.3.1' ],
3262 silly audit   'resolve-workspace-root': [ '2.0.1' ],
3262 silly audit   sucrase: [ '3.35.1' ],
3262 silly audit   '@expo/sdk-runtime-versions': [ '1.0.0' ],
3262 silly audit   slash: [ '3.0.0' ],
3262 silly audit   xcode: [ '3.0.1' ],
3262 silly audit   xml2js: [ '0.6.0' ],
3262 silly audit   '@expo/sudo-prompt': [ '9.3.2' ],
3262 silly audit   dotenv: [ '16.4.7' ],
3262 silly audit   'dotenv-expand': [ '11.0.7' ],
3262 silly audit   ignore: [ '5.3.2' ],
3262 silly audit   'p-limit': [ '3.1.0', '2.3.0' ],
3262 silly audit   '@expo/require-utils': [ '55.0.4' ],
3262 silly audit   'jimp-compact': [ '0.16.1' ],
3262 silly audit   'parse-png': [ '2.1.0' ],
3262 silly audit   metro: [ '0.83.3' ],
3262 silly audit   'metro-babel-transformer': [ '0.83.3' ],
3262 silly audit   'metro-cache': [ '0.83.3' ],
3262 silly audit   'metro-cache-key': [ '0.83.3' ],
3262 silly audit   'metro-config': [ '0.83.3' ],
3262 silly audit   'metro-core': [ '0.83.3' ],
3262 silly audit   'metro-file-map': [ '0.83.3' ],
3262 silly audit   'metro-minify-terser': [ '0.83.3' ],
3262 silly audit   'metro-resolver': [ '0.83.3' ],
3262 silly audit   'metro-runtime': [ '0.83.3' ],
3262 silly audit   'metro-source-map': [ '0.83.3' ],
3262 silly audit   'metro-symbolicate': [ '0.83.3' ],
3262 silly audit   'metro-transform-plugins': [ '0.83.3' ],
3262 silly audit   'metro-transform-worker': [ '0.83.3' ],
3262 silly audit   'jsc-safe-url': [ '0.2.4' ],
3262 silly audit   lightningcss: [ '1.32.0' ],
3262 silly audit   postcss: [ '8.4.49' ],
3262 silly audit   '@xmldom/xmldom': [ '0.8.12' ],
3262 silly audit   'base64-js': [ '1.5.1' ],
3262 silly audit   xmlbuilder: [ '15.1.1', '11.0.1' ],
3262 silly audit   '@react-native/normalize-colors': [ '0.81.5', '0.81.0' ],
3262 silly audit   'cross-spawn': [ '7.0.6' ],
3262 silly audit   'js-yaml': [ '4.1.1', '3.14.2' ],
3262 silly audit   '@isaacs/ttlcache': [ '1.4.1' ],
3262 silly audit   '@react-native/debugger-frontend': [ '0.81.5', '0.81.0' ],
3262 silly audit   'chrome-launcher': [ '0.15.2' ],
3262 silly audit   'chromium-edge-launcher': [ '0.2.0' ],
3262 silly audit   open: [ '7.4.2', '8.4.2' ],
3262 silly audit   'serve-static': [ '1.16.3' ],
3262 silly audit   wonka: [ '6.3.6' ],
3262 silly audit   'mime-types': [ '2.1.35' ],
3262 silly audit   negotiator: [ '0.6.3', '0.6.4' ],
3262 silly audit   'stream-buffers': [ '2.2.0' ],
3262 silly audit   'big-integer': [ '1.6.52' ],
3262 silly audit   'ansi-styles': [ '4.3.0', '5.2.0', '3.2.1' ],
3262 silly audit   'supports-color': [ '7.2.0', '8.1.1', '5.5.0' ],
3262 silly audit   '@types/node': [ '25.6.0' ],
3262 silly audit   'is-wsl': [ '2.2.0' ],
3262 silly audit   'lighthouse-logger': [ '1.4.2' ],
3262 silly audit   'undici-types': [ '7.19.2' ],
3262 silly audit   mkdirp: [ '1.0.4' ],
3262 silly audit   rimraf: [ '3.0.2' ],
3262 silly audit   bytes: [ '3.1.2' ],
3262 silly audit   compressible: [ '2.0.18' ],
3262 silly audit   'on-headers': [ '1.1.0' ],
3262 silly audit   'safe-buffer': [ '5.2.1' ],
3262 silly audit   vary: [ '1.1.2' ],
3262 silly audit   'mime-db': [ '1.54.0', '1.52.0' ],
3262 silly audit   finalhandler: [ '1.1.2' ],
3262 silly audit   parseurl: [ '1.3.3' ],
3262 silly audit   'utils-merge': [ '1.0.1' ],
3262 silly audit   'path-key': [ '3.1.1' ],
3262 silly audit   'shebang-command': [ '2.0.0' ],
3262 silly audit   which: [ '2.0.2' ],
3262 silly audit   fontfaceobserver: [ '2.3.0' ],
3262 silly audit   commander: [ '7.2.0', '12.1.0', '4.1.1', '2.20.3' ],
3262 silly audit   'react-native-is-edge-to-edge': [ '1.3.1' ],
3262 silly audit   encodeurl: [ '1.0.2', '2.0.0' ],
3262 silly audit   'escape-html': [ '1.0.3' ],
3262 silly audit   'on-finished': [ '2.3.0', '2.4.1' ],
3262 silly audit   statuses: [ '1.5.0', '2.0.2' ],
3262 silly audit   unpipe: [ '1.0.0' ],
3262 silly audit   'fs.realpath': [ '1.0.0' ],
3262 silly audit   inflight: [ '1.0.6' ],
3262 silly audit   inherits: [ '2.0.4' ],
3262 silly audit   once: [ '1.4.0' ],
3262 silly audit   'path-is-absolute': [ '1.0.1' ],
3262 silly audit   'hermes-estree': [ '0.29.1', '0.32.0' ],
3262 silly audit   wrappy: [ '1.0.2' ],
3262 silly audit   'loose-envify': [ '1.4.0' ],
3262 silly audit   'is-docker': [ '2.2.1' ],
3262 silly audit   argparse: [ '2.0.1', '1.0.10' ],
3262 silly audit   marky: [ '1.3.0' ],
3262 silly audit   'detect-libc': [ '2.1.2' ],
3262 silly audit   'lightningcss-android-arm64': [ '1.32.0' ],
3262 silly audit   'lightningcss-darwin-arm64': [ '1.32.0' ],
3262 silly audit   'lightningcss-darwin-x64': [ '1.32.0' ],
3262 silly audit   'lightningcss-freebsd-x64': [ '1.32.0' ],
3262 silly audit   'lightningcss-linux-arm-gnueabihf': [ '1.32.0' ],
3262 silly audit   'lightningcss-linux-arm64-gnu': [ '1.32.0' ],
3262 silly audit   'lightningcss-linux-arm64-musl': [ '1.32.0' ],
3262 silly audit   'lightningcss-linux-x64-gnu': [ '1.32.0' ],
3262 silly audit   'lightningcss-linux-x64-musl': [ '1.32.0' ],
3262 silly audit   'lightningcss-win32-arm64-msvc': [ '1.32.0' ],
3262 silly audit   'lightningcss-win32-x64-msvc': [ '1.32.0' ],
3262 silly audit   yallist: [ '3.1.1', '5.0.0' ],
3262 silly audit   'error-stack-parser': [ '2.1.4' ],
3262 silly audit   'flow-enums-runtime': [ '0.0.6' ],
3262 silly audit   'graceful-fs': [ '4.2.11' ],
3262 silly audit   'image-size': [ '1.2.1' ],
3262 silly audit   'jest-worker': [ '29.7.0' ],
3262 silly audit   'lodash.throttle': [ '4.1.1' ],
3262 silly audit   'serialize-error': [ '2.1.0' ],
3262 silly audit   'source-map': [ '0.5.7', '0.6.1' ],
3262 silly audit   throat: [ '5.0.0' ],
3262 silly audit   stackframe: [ '1.3.4' ],
3262 silly audit   queue: [ '6.0.2' ],
3262 silly audit   'jest-util': [ '29.7.0' ],
3262 silly audit   'merge-stream': [ '2.0.0' ],
3262 silly audit   '@jest/types': [ '29.6.3' ],
3262 silly audit   '@jest/schemas': [ '29.6.3' ],
3262 silly audit   '@types/istanbul-lib-coverage': [ '2.0.6' ],
3262 silly audit   '@types/istanbul-reports': [ '3.0.4' ],
3262 silly audit   '@types/yargs': [ '17.0.35' ],
3262 silly audit   '@sinclair/typebox': [ '0.27.10' ],
3262 silly audit   '@types/istanbul-lib-report': [ '3.0.3' ],
3262 silly audit   '@types/yargs-parser': [ '21.0.3' ],
3262 silly audit   'exponential-backoff': [ '3.1.3' ],
3262 silly audit   'https-proxy-agent': [ '7.0.6' ],
3262 silly audit   'agent-base': [ '7.1.4' ],
3262 silly audit   'jest-validate': [ '29.7.0' ],
3262 silly audit   yaml: [ '2.8.3' ],
3262 silly audit   camelcase: [ '6.3.0', '5.3.1' ],
3262 silly audit   'jest-get-type': [ '29.6.3' ],
3262 silly audit   leven: [ '3.1.0' ],
3262 silly audit   'fb-watchman': [ '2.0.2' ],
3262 silly audit   micromatch: [ '4.0.8' ],
3262 silly audit   walker: [ '1.0.8' ],
3262 silly audit   bser: [ '2.1.1' ],
3262 silly audit   'node-int64': [ '0.4.0' ],
3262 silly audit   terser: [ '5.46.1' ],
3262 silly audit   ob1: [ '0.83.3' ],
3262 silly audit   vlq: [ '1.0.1' ],
3262 silly audit   braces: [ '3.0.3' ],
3262 silly audit   'fill-range': [ '7.1.1' ],
3262 silly audit   'to-regex-range': [ '5.0.1' ],
3262 silly audit   'brace-expansion': [ '2.0.3', '5.0.5', '1.1.13' ],
3262 silly audit   'balanced-match': [ '1.0.2', '4.0.4' ],
3262 silly audit   'hosted-git-info': [ '7.0.2' ],
3262 silly audit   'proc-log': [ '4.2.0' ],
3262 silly audit   'validate-npm-package-name': [ '5.0.1' ],
3262 silly audit   'ee-first': [ '1.1.1' ],
3262 silly audit   'cli-cursor': [ '2.1.0' ],
3262 silly audit   'cli-spinners': [ '2.9.2' ],
3262 silly audit   'log-symbols': [ '2.2.0' ],
3262 silly audit   'strip-ansi': [ '5.2.0', '6.0.1' ],
3262 silly audit   wcwidth: [ '1.0.1' ],
3262 silly audit   'restore-cursor': [ '2.0.0' ],
3262 silly audit   'yocto-queue': [ '0.1.0' ],
3262 silly audit   pngjs: [ '3.4.0' ],
3262 silly audit   'source-map-js': [ '1.2.1' ],
3262 silly audit   kleur: [ '3.0.3' ],
3262 silly audit   sisteransi: [ '1.0.5' ],
3262 silly audit   'decode-uri-component': [ '0.2.2' ],
3262 silly audit   'filter-obj': [ '1.1.0' ],
3262 silly audit   'split-on-first': [ '1.1.0' ],
3262 silly audit   'strict-uri-encode': [ '2.0.0' ],
3262 silly audit   '@jest/create-cache-key-function': [ '29.7.0' ],
3262 silly audit   '@react-native/assets-registry': [ '0.81.0' ],
3262 silly audit   '@react-native/community-cli-plugin': [ '0.81.0' ],
3262 silly audit   '@react-native/gradle-plugin': [ '0.81.0' ],
3262 silly audit   '@react-native/js-polyfills': [ '0.81.0' ],
3262 silly audit   '@react-native/virtualized-lists': [ '0.81.0' ],
3262 silly audit   'abort-controller': [ '3.0.0' ],
3262 silly audit   anser: [ '1.4.10' ],
3262 silly audit   'ansi-regex': [ '5.0.1', '4.1.1' ],
3262 silly audit   'babel-jest': [ '29.7.0' ],
3262 silly audit   'jest-environment-node': [ '29.7.0' ],
3262 silly audit   'memoize-one': [ '5.2.1' ],
3262 silly audit   promise: [ '8.3.0' ],
3262 silly audit   'react-devtools-core': [ '6.1.5' ],
3262 silly audit   'regenerator-runtime': [ '0.13.11' ],
3262 silly audit   scheduler: [ '0.26.0' ],
3262 silly audit   'whatwg-fetch': [ '3.6.20' ],
3262 silly audit   'event-target-shim': [ '5.0.1' ],
3262 silly audit   '@jest/transform': [ '29.7.0' ],
3262 silly audit   '@types/babel__core': [ '7.20.5' ],
3262 silly audit   'babel-plugin-istanbul': [ '6.1.1' ],
3262 silly audit   'babel-preset-jest': [ '29.6.3' ],
3262 silly audit   'fast-json-stable-stringify': [ '2.1.0' ],
3262 silly audit   'jest-haste-map': [ '29.7.0' ],
3262 silly audit   'jest-regex-util': [ '29.6.3' ],
3262 silly audit   pirates: [ '4.0.7' ],
3262 silly audit   'write-file-atomic': [ '4.0.2' ],
3262 silly audit   '@types/babel__generator': [ '7.27.0' ],
3262 silly audit   '@types/babel__template': [ '7.4.4' ],
3262 silly audit   '@types/babel__traverse': [ '7.28.0' ],
3262 silly audit   '@istanbuljs/load-nyc-config': [ '1.1.0' ],
3262 silly audit   '@istanbuljs/schema': [ '0.1.3' ],
3262 silly audit   'istanbul-lib-instrument': [ '5.2.1' ],
3262 silly audit   'test-exclude': [ '6.0.0' ],
3262 silly audit   'find-up': [ '4.1.0' ],
3262 silly audit   'get-package-type': [ '0.1.0' ],
3262 silly audit   'babel-plugin-jest-hoist': [ '29.6.3' ],
3262 silly audit   'babel-preset-current-node-syntax': [ '1.2.0' ],
3262 silly audit   '@babel/plugin-syntax-async-generators': [ '7.8.4' ],
3262 silly audit   '@babel/plugin-syntax-bigint': [ '7.8.3' ],
3262 silly audit   '@babel/plugin-syntax-class-properties': [ '7.12.13' ],
3262 silly audit   '@babel/plugin-syntax-class-static-block': [ '7.14.5' ],
3262 silly audit   '@babel/plugin-syntax-import-attributes': [ '7.28.6' ],
3262 silly audit   '@babel/plugin-syntax-import-meta': [ '7.10.4' ],
3262 silly audit   '@babel/plugin-syntax-json-strings': [ '7.8.3' ],
3262 silly audit   '@babel/plugin-syntax-logical-assignment-operators': [ '7.10.4' ],
3262 silly audit   '@babel/plugin-syntax-numeric-separator': [ '7.10.4' ],
3262 silly audit   '@babel/plugin-syntax-object-rest-spread': [ '7.8.3' ],
3262 silly audit   '@babel/plugin-syntax-optional-catch-binding': [ '7.8.3' ],
3262 silly audit   '@babel/plugin-syntax-private-property-in-object': [ '7.14.5' ],
3262 silly audit   '@babel/plugin-syntax-top-level-await': [ '7.14.5' ],
3262 silly audit   'locate-path': [ '5.0.0' ],
3262 silly audit   'path-exists': [ '4.0.0' ],
3262 silly audit   'istanbul-lib-coverage': [ '3.2.2' ],
3262 silly audit   '@jest/environment': [ '29.7.0' ],
3262 silly audit   '@jest/fake-timers': [ '29.7.0' ],
3262 silly audit   'jest-mock': [ '29.7.0' ],
3262 silly audit   '@sinonjs/fake-timers': [ '10.3.0' ],
3262 silly audit   'jest-message-util': [ '29.7.0' ],
3262 silly audit   '@sinonjs/commons': [ '3.0.1' ],
3262 silly audit   'type-detect': [ '4.0.8' ],
3262 silly audit   '@types/graceful-fs': [ '4.1.9' ],
3262 silly audit   anymatch: [ '3.1.3' ],
3262 silly audit   fsevents: [ '2.3.3' ],
3262 silly audit   'normalize-path': [ '3.0.0' ],
3262 silly audit   '@types/stack-utils': [ '2.0.3' ],
3262 silly audit   'stack-utils': [ '2.0.6' ],
3262 silly audit   'p-locate': [ '4.1.0' ],
3262 silly audit   asap: [ '2.0.6' ],
3262 silly audit   'shell-quote': [ '1.8.3' ],
3262 silly audit   '@egjs/hammerjs': [ '2.0.17' ],
3262 silly audit   'hoist-non-react-statics': [ '3.3.2' ],
3262 silly audit   '@types/hammerjs': [ '2.0.46' ],
3262 silly audit   'react-freeze': [ '1.0.4' ],
3262 silly audit   '@babel/plugin-transform-template-literals': [ '7.27.1' ],
3262 silly audit   regenerate: [ '1.4.2' ],
3262 silly audit   'regenerate-unicode-properties': [ '10.2.2' ],
3262 silly audit   regjsgen: [ '0.8.0' ],
3262 silly audit   regjsparser: [ '0.13.1' ],
3262 silly audit   'unicode-match-property-ecmascript': [ '2.0.0' ],
3262 silly audit   'unicode-match-property-value-ecmascript': [ '2.2.1' ],
3262 silly audit   'nested-error-stacks': [ '2.0.1' ],
3262 silly audit   rc: [ '1.2.8' ],
3262 silly audit   'deep-extend': [ '0.6.0' ],
3262 silly audit   ini: [ '1.3.8' ],
3262 silly audit   minimist: [ '1.2.8' ],
3262 silly audit   'strip-json-comments': [ '2.0.1' ],
3262 silly audit   'is-core-module': [ '2.16.1' ],
3262 silly audit   'path-parse': [ '1.0.7' ],
3262 silly audit   'supports-preserve-symlinks-flag': [ '1.0.0' ],
3262 silly audit   hasown: [ '2.0.2' ],
3262 silly audit   'function-bind': [ '1.1.2' ],
3262 silly audit   onetime: [ '2.0.1' ],
3262 silly audit   'signal-exit': [ '3.0.7' ],
3262 silly audit   'mimic-fn': [ '1.2.0' ],
3262 silly audit   depd: [ '2.0.0' ],
3262 silly audit   destroy: [ '1.2.0' ],
3262 silly audit   etag: [ '1.8.1' ],
3262 silly audit   fresh: [ '0.5.2' ],
3262 silly audit   'http-errors': [ '2.0.1' ],
3262 silly audit   mime: [ '1.6.0' ],
3262 silly audit   'range-parser': [ '1.2.1' ],
3262 silly audit   setprototypeof: [ '1.2.0' ],
3262 silly audit   toidentifier: [ '1.0.1' ],
3262 silly audit   'shebang-regex': [ '3.0.0' ],
3262 silly audit   'is-arrayish': [ '0.3.4' ],
3262 silly audit   'buffer-from': [ '1.1.2' ],
3262 silly audit   'type-fest': [ '0.7.1', '0.21.3' ],
3262 silly audit   'lines-and-columns': [ '1.2.4' ],
3262 silly audit   mz: [ '2.7.0' ],
3262 silly audit   tinyglobby: [ '0.2.16' ],
3262 silly audit   'ts-interface-checker': [ '0.1.13' ],
3262 silly audit   'any-promise': [ '1.3.0' ],
3262 silly audit   'object-assign': [ '4.1.1' ],
3262 silly audit   'thenify-all': [ '1.6.0' ],
3262 silly audit   'has-flag': [ '4.0.0', '3.0.0' ],
3262 silly audit   '@isaacs/fs-minipass': [ '4.0.1' ],
3262 silly audit   chownr: [ '3.0.0' ],
3262 silly audit   minipass: [ '7.1.3' ],
3262 silly audit   minizlib: [ '3.1.0' ],
3262 silly audit   'ansi-escapes': [ '4.3.2' ],
3262 silly audit   'supports-hyperlinks': [ '2.3.0' ],
3262 silly audit   '@jridgewell/source-map': [ '0.3.11' ],
3262 silly audit   acorn: [ '8.16.0' ],
3262 silly audit   thenify: [ '3.3.1' ],
3262 silly audit   fdir: [ '6.5.0' ],
3262 silly audit   'is-number': [ '7.0.0' ],
3262 silly audit   'unicode-canonical-property-names-ecmascript': [ '2.0.1' ],
3262 silly audit   'unicode-property-aliases-ecmascript': [ '2.2.0' ],
3262 silly audit   escalade: [ '3.2.0' ],
3262 silly audit   makeerror: [ '1.0.12' ],
3262 silly audit   tmpl: [ '1.0.5' ],
3262 silly audit   defaults: [ '1.0.4' ],
3262 silly audit   clone: [ '1.0.4' ],
3262 silly audit   buffer: [ '5.7.1' ],
3262 silly audit   punycode: [ '2.3.1' ],
3262 silly audit   'webidl-conversions': [ '5.0.0' ],
3262 silly audit   ieee754: [ '1.2.1' ],
3262 silly audit   isexe: [ '2.0.0' ],
3262 silly audit   'string-width': [ '4.2.3' ],
3262 silly audit   'emoji-regex': [ '8.0.0' ],
3262 silly audit   'is-fullwidth-code-point': [ '3.0.0' ],
3262 silly audit   imurmurhash: [ '0.1.4' ],
3262 silly audit   'simple-plist': [ '1.3.1' ],
3262 silly audit   uuid: [ '7.0.3' ],
3262 silly audit   plist: [ '3.1.0' ],
3262 silly audit   sax: [ '1.6.0' ],
3262 silly audit   cliui: [ '8.0.1' ],
3262 silly audit   'get-caller-file': [ '2.0.5' ],
3262 silly audit   'require-directory': [ '2.1.1' ],
3262 silly audit   y18n: [ '5.0.8' ],
3262 silly audit   'yargs-parser': [ '21.1.1' ],
3262 silly audit   'path-scurry': [ '2.0.2' ],
3262 silly audit   '@babel/highlight': [ '7.25.9' ],
3262 silly audit   esprima: [ '4.0.1' ],
3262 silly audit   'sprintf-js': [ '1.0.3' ],
3262 silly audit   'async-limiter': [ '1.0.1' ],
3262 silly audit   'define-lazy-prop': [ '2.0.0' ],
3262 silly audit   'concat-map': [ '0.0.1' ],
3262 silly audit   'p-try': [ '2.2.0' ]
3262 silly audit }
3263 verbose reify failed optional dependency C:\Users\Ansi\Desktop\FixNow\node_modules\fsevents
3264 silly reify mark deleted [ 'C:\\Users\\Ansi\\Desktop\\FixNow\\node_modules\\fsevents' ]
3265 verbose reify failed optional dependency C:\Users\Ansi\Desktop\FixNow\node_modules\lightningcss-win32-arm64-msvc
3266 silly reify mark deleted [
3266 silly reify   'C:\\Users\\Ansi\\Desktop\\FixNow\\node_modules\\lightningcss-win32-arm64-msvc'
3266 silly reify ]
3267 verbose reify failed optional dependency C:\Users\Ansi\Desktop\FixNow\node_modules\lightningcss-linux-x64-musl
3268 silly reify mark deleted [
3268 silly reify   'C:\\Users\\Ansi\\Desktop\\FixNow\\node_modules\\lightningcss-linux-x64-musl'
3268 silly reify ]
3269 verbose reify failed optional dependency C:\Users\Ansi\Desktop\FixNow\node_modules\lightningcss-linux-x64-gnu
3270 silly reify mark deleted [
3270 silly reify   'C:\\Users\\Ansi\\Desktop\\FixNow\\node_modules\\lightningcss-linux-x64-gnu'
3270 silly reify ]
3271 verbose reify failed optional dependency C:\Users\Ansi\Desktop\FixNow\node_modules\lightningcss-linux-arm64-musl
3272 silly reify mark deleted [
3272 silly reify   'C:\\Users\\Ansi\\Desktop\\FixNow\\node_modules\\lightningcss-linux-arm64-musl'
3272 silly reify ]
3273 verbose reify failed optional dependency C:\Users\Ansi\Desktop\FixNow\node_modules\lightningcss-linux-arm64-gnu
3274 silly reify mark deleted [
3274 silly reify   'C:\\Users\\Ansi\\Desktop\\FixNow\\node_modules\\lightningcss-linux-arm64-gnu'
3274 silly reify ]
3275 verbose reify failed optional dependency C:\Users\Ansi\Desktop\FixNow\node_modules\lightningcss-linux-arm-gnueabihf
3276 silly reify mark deleted [
3276 silly reify   'C:\\Users\\Ansi\\Desktop\\FixNow\\node_modules\\lightningcss-linux-arm-gnueabihf'
3276 silly reify ]
3277 verbose reify failed optional dependency C:\Users\Ansi\Desktop\FixNow\node_modules\lightningcss-freebsd-x64
3278 silly reify mark deleted [
3278 silly reify   'C:\\Users\\Ansi\\Desktop\\FixNow\\node_modules\\lightningcss-freebsd-x64'
3278 silly reify ]
3279 verbose reify failed optional dependency C:\Users\Ansi\Desktop\FixNow\node_modules\lightningcss-darwin-x64
3280 silly reify mark deleted [
3280 silly reify   'C:\\Users\\Ansi\\Desktop\\FixNow\\node_modules\\lightningcss-darwin-x64'
3280 silly reify ]
3281 verbose reify failed optional dependency C:\Users\Ansi\Desktop\FixNow\node_modules\lightningcss-darwin-arm64
3282 silly reify mark deleted [
3282 silly reify   'C:\\Users\\Ansi\\Desktop\\FixNow\\node_modules\\lightningcss-darwin-arm64'
3282 silly reify ]
3283 verbose reify failed optional dependency C:\Users\Ansi\Desktop\FixNow\node_modules\lightningcss-android-arm64
3284 silly reify mark deleted [
3284 silly reify   'C:\\Users\\Ansi\\Desktop\\FixNow\\node_modules\\lightningcss-android-arm64'
3284 silly reify ]
3285 silly tarball no local data for p-try@https://registry.npmjs.org/p-try/-/p-try-2.2.0.tgz. Extracting by manifest.
3286 silly tarball no local data for concat-map@https://registry.npmjs.org/concat-map/-/concat-map-0.0.1.tgz. Extracting by manifest.
3287 silly tarball no local data for define-lazy-prop@https://registry.npmjs.org/define-lazy-prop/-/define-lazy-prop-2.0.0.tgz. Extracting by manifest.
3288 silly tarball no local data for async-limiter@https://registry.npmjs.org/async-limiter/-/async-limiter-1.0.1.tgz. Extracting by manifest.
3289 silly tarball no local data for sprintf-js@https://registry.npmjs.org/sprintf-js/-/sprintf-js-1.0.3.tgz. Extracting by manifest.
3290 silly tarball no local data for esprima@https://registry.npmjs.org/esprima/-/esprima-4.0.1.tgz. Extracting by manifest.
3291 silly tarball no local data for @babel/highlight@https://registry.npmjs.org/@babel/highlight/-/highlight-7.25.9.tgz. Extracting by manifest.
3292 silly tarball no local data for yargs-parser@https://registry.npmjs.org/yargs-parser/-/yargs-parser-21.1.1.tgz. Extracting by manifest.
3293 silly tarball no local data for y18n@https://registry.npmjs.org/y18n/-/y18n-5.0.8.tgz. Extracting by manifest.
3294 silly tarball no local data for require-directory@https://registry.npmjs.org/require-directory/-/require-directory-2.1.1.tgz. Extracting by manifest.
3295 silly tarball no local data for get-caller-file@https://registry.npmjs.org/get-caller-file/-/get-caller-file-2.0.5.tgz. Extracting by manifest.
3296 silly tarball no local data for cliui@https://registry.npmjs.org/cliui/-/cliui-8.0.1.tgz. Extracting by manifest.
3297 silly tarball no local data for sax@https://registry.npmjs.org/sax/-/sax-1.6.0.tgz. Extracting by manifest.
3298 silly tarball no local data for uuid@https://registry.npmjs.org/uuid/-/uuid-7.0.3.tgz. Extracting by manifest.
3299 silly tarball no local data for plist@https://registry.npmjs.org/plist/-/plist-3.1.0.tgz. Extracting by manifest.
3300 silly tarball no local data for simple-plist@https://registry.npmjs.org/simple-plist/-/simple-plist-1.3.1.tgz. Extracting by manifest.
3301 silly tarball no local data for imurmurhash@https://registry.npmjs.org/imurmurhash/-/imurmurhash-0.1.4.tgz. Extracting by manifest.
3302 silly tarball no local data for is-fullwidth-code-point@https://registry.npmjs.org/is-fullwidth-code-point/-/is-fullwidth-code-point-3.0.0.tgz. Extracting by manifest.
3303 silly tarball no local data for emoji-regex@https://registry.npmjs.org/emoji-regex/-/emoji-regex-8.0.0.tgz. Extracting by manifest.
3304 silly tarball no local data for string-width@https://registry.npmjs.org/string-width/-/string-width-4.2.3.tgz. Extracting by manifest.
3305 silly tarball no local data for isexe@https://registry.npmjs.org/isexe/-/isexe-2.0.0.tgz. Extracting by manifest.
3306 silly tarball no local data for webidl-conversions@https://registry.npmjs.org/webidl-conversions/-/webidl-conversions-5.0.0.tgz. Extracting by manifest.
3307 silly tarball no local data for ieee754@https://registry.npmjs.org/ieee754/-/ieee754-1.2.1.tgz. Extracting by manifest.
3308 silly tarball no local data for buffer@https://registry.npmjs.org/buffer/-/buffer-5.7.1.tgz. Extracting by manifest.
3309 silly tarball no local data for punycode@https://registry.npmjs.org/punycode/-/punycode-2.3.1.tgz. Extracting by manifest.
3310 silly tarball no local data for clone@https://registry.npmjs.org/clone/-/clone-1.0.4.tgz. Extracting by manifest.
3311 silly tarball no local data for tmpl@https://registry.npmjs.org/tmpl/-/tmpl-1.0.5.tgz. Extracting by manifest.
3312 silly tarball no local data for defaults@https://registry.npmjs.org/defaults/-/defaults-1.0.4.tgz. Extracting by manifest.
3313 silly tarball no local data for makeerror@https://registry.npmjs.org/makeerror/-/makeerror-1.0.12.tgz. Extracting by manifest.
3314 silly tarball no local data for escalade@https://registry.npmjs.org/escalade/-/escalade-3.2.0.tgz. Extracting by manifest.
3315 silly tarball no local data for unicode-property-aliases-ecmascript@https://registry.npmjs.org/unicode-property-aliases-ecmascript/-/unicode-property-aliases-ecmascript-2.2.0.tgz. Extracting by manifest.
3316 silly tarball no local data for is-number@https://registry.npmjs.org/is-number/-/is-number-7.0.0.tgz. Extracting by manifest.
3317 silly tarball no local data for unicode-canonical-property-names-ecmascript@https://registry.npmjs.org/unicode-canonical-property-names-ecmascript/-/unicode-canonical-property-names-ecmascript-2.0.1.tgz. Extracting by manifest.
3318 silly tarball no local data for thenify@https://registry.npmjs.org/thenify/-/thenify-3.3.1.tgz. Extracting by manifest.
3319 silly tarball no local data for @jridgewell/source-map@https://registry.npmjs.org/@jridgewell/source-map/-/source-map-0.3.11.tgz. Extracting by manifest.
3320 silly tarball no local data for acorn@https://registry.npmjs.org/acorn/-/acorn-8.16.0.tgz. Extracting by manifest.
3321 silly tarball no local data for ansi-escapes@https://registry.npmjs.org/ansi-escapes/-/ansi-escapes-4.3.2.tgz. Extracting by manifest.
3322 silly tarball no local data for supports-hyperlinks@https://registry.npmjs.org/supports-hyperlinks/-/supports-hyperlinks-2.3.0.tgz. Extracting by manifest.
3323 silly tarball no local data for minipass@https://registry.npmjs.org/minipass/-/minipass-7.1.3.tgz. Extracting by manifest.
3324 silly tarball no local data for minizlib@https://registry.npmjs.org/minizlib/-/minizlib-3.1.0.tgz. Extracting by manifest.
3325 silly tarball no local data for @isaacs/fs-minipass@https://registry.npmjs.org/@isaacs/fs-minipass/-/fs-minipass-4.0.1.tgz. Extracting by manifest.
3326 silly tarball no local data for chownr@https://registry.npmjs.org/chownr/-/chownr-3.0.0.tgz. Extracting by manifest.
3327 silly tarball no local data for has-flag@https://registry.npmjs.org/has-flag/-/has-flag-4.0.0.tgz. Extracting by manifest.
3328 silly tarball no local data for thenify-all@https://registry.npmjs.org/thenify-all/-/thenify-all-1.6.0.tgz. Extracting by manifest.
3329 silly tarball no local data for any-promise@https://registry.npmjs.org/any-promise/-/any-promise-1.3.0.tgz. Extracting by manifest.
3330 silly tarball no local data for object-assign@https://registry.npmjs.org/object-assign/-/object-assign-4.1.1.tgz. Extracting by manifest.
3331 silly tarball no local data for ts-interface-checker@https://registry.npmjs.org/ts-interface-checker/-/ts-interface-checker-0.1.13.tgz. Extracting by manifest.
3332 silly tarball no local data for mz@https://registry.npmjs.org/mz/-/mz-2.7.0.tgz. Extracting by manifest.
3333 silly tarball no local data for type-fest@https://registry.npmjs.org/type-fest/-/type-fest-0.7.1.tgz. Extracting by manifest.
3334 silly tarball no local data for buffer-from@https://registry.npmjs.org/buffer-from/-/buffer-from-1.1.2.tgz. Extracting by manifest.
3335 silly tarball no local data for lines-and-columns@https://registry.npmjs.org/lines-and-columns/-/lines-and-columns-1.2.4.tgz. Extracting by manifest.
3336 silly tarball no local data for is-arrayish@https://registry.npmjs.org/is-arrayish/-/is-arrayish-0.3.4.tgz. Extracting by manifest.
3337 silly tarball no local data for shebang-regex@https://registry.npmjs.org/shebang-regex/-/shebang-regex-3.0.0.tgz. Extracting by manifest.
3338 silly tarball no local data for setprototypeof@https://registry.npmjs.org/setprototypeof/-/setprototypeof-1.2.0.tgz. Extracting by manifest.
3339 silly tarball no local data for toidentifier@https://registry.npmjs.org/toidentifier/-/toidentifier-1.0.1.tgz. Extracting by manifest.
3340 silly tarball no local data for range-parser@https://registry.npmjs.org/range-parser/-/range-parser-1.2.1.tgz. Extracting by manifest.
3341 silly tarball no local data for mime@https://registry.npmjs.org/mime/-/mime-1.6.0.tgz. Extracting by manifest.
3342 silly tarball no local data for http-errors@https://registry.npmjs.org/http-errors/-/http-errors-2.0.1.tgz. Extracting by manifest.
3343 silly tarball no local data for fresh@https://registry.npmjs.org/fresh/-/fresh-0.5.2.tgz. Extracting by manifest.
3344 silly tarball no local data for etag@https://registry.npmjs.org/etag/-/etag-1.8.1.tgz. Extracting by manifest.
3345 silly tarball no local data for depd@https://registry.npmjs.org/depd/-/depd-2.0.0.tgz. Extracting by manifest.
3346 silly tarball no local data for destroy@https://registry.npmjs.org/destroy/-/destroy-1.2.0.tgz. Extracting by manifest.
3347 silly tarball no local data for signal-exit@https://registry.npmjs.org/signal-exit/-/signal-exit-3.0.7.tgz. Extracting by manifest.
3348 silly tarball no local data for function-bind@https://registry.npmjs.org/function-bind/-/function-bind-1.1.2.tgz. Extracting by manifest.
3349 silly tarball no local data for hasown@https://registry.npmjs.org/hasown/-/hasown-2.0.2.tgz. Extracting by manifest.
3350 silly tarball no local data for supports-preserve-symlinks-flag@https://registry.npmjs.org/supports-preserve-symlinks-flag/-/supports-preserve-symlinks-flag-1.0.0.tgz. Extracting by manifest.
3351 silly tarball no local data for is-core-module@https://registry.npmjs.org/is-core-module/-/is-core-module-2.16.1.tgz. Extracting by manifest.
3352 silly tarball no local data for path-parse@https://registry.npmjs.org/path-parse/-/path-parse-1.0.7.tgz. Extracting by manifest.
3353 silly tarball no local data for strip-json-comments@https://registry.npmjs.org/strip-json-comments/-/strip-json-comments-2.0.1.tgz. Extracting by manifest.
3354 silly tarball no local data for minimist@https://registry.npmjs.org/minimist/-/minimist-1.2.8.tgz. Extracting by manifest.
3355 silly tarball no local data for ini@https://registry.npmjs.org/ini/-/ini-1.3.8.tgz. Extracting by manifest.
3356 silly tarball no local data for rc@https://registry.npmjs.org/rc/-/rc-1.2.8.tgz. Extracting by manifest.
3357 silly tarball no local data for deep-extend@https://registry.npmjs.org/deep-extend/-/deep-extend-0.6.0.tgz. Extracting by manifest.
3358 silly tarball no local data for unicode-match-property-value-ecmascript@https://registry.npmjs.org/unicode-match-property-value-ecmascript/-/unicode-match-property-value-ecmascript-2.2.1.tgz. Extracting by manifest.
3359 silly tarball no local data for nested-error-stacks@https://registry.npmjs.org/nested-error-stacks/-/nested-error-stacks-2.0.1.tgz. Extracting by manifest.
3360 silly tarball no local data for unicode-match-property-ecmascript@https://registry.npmjs.org/unicode-match-property-ecmascript/-/unicode-match-property-ecmascript-2.0.0.tgz. Extracting by manifest.
3361 silly tarball no local data for regjsparser@https://registry.npmjs.org/regjsparser/-/regjsparser-0.13.1.tgz. Extracting by manifest.
3362 silly tarball no local data for @babel/plugin-transform-template-literals@https://registry.npmjs.org/@babel/plugin-transform-template-literals/-/plugin-transform-template-literals-7.27.1.tgz. Extracting by manifest.
3363 silly tarball no local data for regjsgen@https://registry.npmjs.org/regjsgen/-/regjsgen-0.8.0.tgz. Extracting by manifest.
3364 silly tarball no local data for regenerate-unicode-properties@https://registry.npmjs.org/regenerate-unicode-properties/-/regenerate-unicode-properties-10.2.2.tgz. Extracting by manifest.
3365 silly tarball no local data for regenerate@https://registry.npmjs.org/regenerate/-/regenerate-1.4.2.tgz. Extracting by manifest.
3366 silly tarball no local data for react-freeze@https://registry.npmjs.org/react-freeze/-/react-freeze-1.0.4.tgz. Extracting by manifest.
3367 silly tarball no local data for @types/hammerjs@https://registry.npmjs.org/@types/hammerjs/-/hammerjs-2.0.46.tgz. Extracting by manifest.
3368 silly tarball no local data for @egjs/hammerjs@https://registry.npmjs.org/@egjs/hammerjs/-/hammerjs-2.0.17.tgz. Extracting by manifest.
3369 silly tarball no local data for hoist-non-react-statics@https://registry.npmjs.org/hoist-non-react-statics/-/hoist-non-react-statics-3.3.2.tgz. Extracting by manifest.
3370 silly tarball no local data for asap@https://registry.npmjs.org/asap/-/asap-2.0.6.tgz. Extracting by manifest.
3371 silly tarball no local data for p-locate@https://registry.npmjs.org/p-locate/-/p-locate-4.1.0.tgz. Extracting by manifest.
3372 silly tarball no local data for shell-quote@https://registry.npmjs.org/shell-quote/-/shell-quote-1.8.3.tgz. Extracting by manifest.
3373 silly tarball no local data for @types/stack-utils@https://registry.npmjs.org/@types/stack-utils/-/stack-utils-2.0.3.tgz. Extracting by manifest.
3374 silly tarball no local data for stack-utils@https://registry.npmjs.org/stack-utils/-/stack-utils-2.0.6.tgz. Extracting by manifest.
3375 silly tarball no local data for @types/graceful-fs@https://registry.npmjs.org/@types/graceful-fs/-/graceful-fs-4.1.9.tgz. Extracting by manifest.
3376 silly tarball no local data for normalize-path@https://registry.npmjs.org/normalize-path/-/normalize-path-3.0.0.tgz. Extracting by manifest.
3377 silly tarball no local data for anymatch@https://registry.npmjs.org/anymatch/-/anymatch-3.1.3.tgz. Extracting by manifest.
3378 silly tarball no local data for type-detect@https://registry.npmjs.org/type-detect/-/type-detect-4.0.8.tgz. Extracting by manifest.
3379 silly tarball no local data for @sinonjs/commons@https://registry.npmjs.org/@sinonjs/commons/-/commons-3.0.1.tgz. Extracting by manifest.
3380 silly tarball no local data for @sinonjs/fake-timers@https://registry.npmjs.org/@sinonjs/fake-timers/-/fake-timers-10.3.0.tgz. Extracting by manifest.
3381 silly tarball no local data for jest-message-util@https://registry.npmjs.org/jest-message-util/-/jest-message-util-29.7.0.tgz. Extracting by manifest.
3382 silly tarball no local data for jest-mock@https://registry.npmjs.org/jest-mock/-/jest-mock-29.7.0.tgz. Extracting by manifest.
3383 silly tarball no local data for @jest/fake-timers@https://registry.npmjs.org/@jest/fake-timers/-/fake-timers-29.7.0.tgz. Extracting by manifest.
3384 silly tarball no local data for @jest/environment@https://registry.npmjs.org/@jest/environment/-/environment-29.7.0.tgz. Extracting by manifest.
3385 silly tarball no local data for istanbul-lib-coverage@https://registry.npmjs.org/istanbul-lib-coverage/-/istanbul-lib-coverage-3.2.2.tgz. Extracting by manifest.
3386 silly tarball no local data for path-exists@https://registry.npmjs.org/path-exists/-/path-exists-4.0.0.tgz. Extracting by manifest.
3387 silly tarball no local data for @babel/plugin-syntax-top-level-await@https://registry.npmjs.org/@babel/plugin-syntax-top-level-await/-/plugin-syntax-top-level-await-7.14.5.tgz. Extracting by manifest.
3388 silly tarball no local data for locate-path@https://registry.npmjs.org/locate-path/-/locate-path-5.0.0.tgz. Extracting by manifest.
3389 silly tarball no local data for @babel/plugin-syntax-optional-catch-binding@https://registry.npmjs.org/@babel/plugin-syntax-optional-catch-binding/-/plugin-syntax-optional-catch-binding-7.8.3.tgz. Extracting by manifest.
3390 silly tarball no local data for @babel/plugin-syntax-object-rest-spread@https://registry.npmjs.org/@babel/plugin-syntax-object-rest-spread/-/plugin-syntax-object-rest-spread-7.8.3.tgz. Extracting by manifest.
3391 silly tarball no local data for @babel/plugin-syntax-private-property-in-object@https://registry.npmjs.org/@babel/plugin-syntax-private-property-in-object/-/plugin-syntax-private-property-in-object-7.14.5.tgz. Extracting by manifest.
3392 silly tarball no local data for @babel/plugin-syntax-logical-assignment-operators@https://registry.npmjs.org/@babel/plugin-syntax-logical-assignment-operators/-/plugin-syntax-logical-assignment-operators-7.10.4.tgz. Extracting by manifest.
3393 silly tarball no local data for @babel/plugin-syntax-numeric-separator@https://registry.npmjs.org/@babel/plugin-syntax-numeric-separator/-/plugin-syntax-numeric-separator-7.10.4.tgz. Extracting by manifest.
3394 silly tarball no local data for @babel/plugin-syntax-import-attributes@https://registry.npmjs.org/@babel/plugin-syntax-import-attributes/-/plugin-syntax-import-attributes-7.28.6.tgz. Extracting by manifest.
3395 silly tarball no local data for @babel/plugin-syntax-import-meta@https://registry.npmjs.org/@babel/plugin-syntax-import-meta/-/plugin-syntax-import-meta-7.10.4.tgz. Extracting by manifest.
3396 silly tarball no local data for @babel/plugin-syntax-json-strings@https://registry.npmjs.org/@babel/plugin-syntax-json-strings/-/plugin-syntax-json-strings-7.8.3.tgz. Extracting by manifest.
3397 silly tarball no local data for @babel/plugin-syntax-class-static-block@https://registry.npmjs.org/@babel/plugin-syntax-class-static-block/-/plugin-syntax-class-static-block-7.14.5.tgz. Extracting by manifest.
3398 silly tarball no local data for @babel/plugin-syntax-class-properties@https://registry.npmjs.org/@babel/plugin-syntax-class-properties/-/plugin-syntax-class-properties-7.12.13.tgz. Extracting by manifest.
3399 silly tarball no local data for @babel/plugin-syntax-bigint@https://registry.npmjs.org/@babel/plugin-syntax-bigint/-/plugin-syntax-bigint-7.8.3.tgz. Extracting by manifest.
3400 silly tarball no local data for @babel/plugin-syntax-async-generators@https://registry.npmjs.org/@babel/plugin-syntax-async-generators/-/plugin-syntax-async-generators-7.8.4.tgz. Extracting by manifest.
3401 silly tarball no local data for babel-preset-current-node-syntax@https://registry.npmjs.org/babel-preset-current-node-syntax/-/babel-preset-current-node-syntax-1.2.0.tgz. Extracting by manifest.
3402 silly tarball no local data for babel-plugin-jest-hoist@https://registry.npmjs.org/babel-plugin-jest-hoist/-/babel-plugin-jest-hoist-29.6.3.tgz. Extracting by manifest.
3403 silly tarball no local data for find-up@https://registry.npmjs.org/find-up/-/find-up-4.1.0.tgz. Extracting by manifest.
3404 silly tarball no local data for get-package-type@https://registry.npmjs.org/get-package-type/-/get-package-type-0.1.0.tgz. Extracting by manifest.
3405 silly tarball no local data for istanbul-lib-instrument@https://registry.npmjs.org/istanbul-lib-instrument/-/istanbul-lib-instrument-5.2.1.tgz. Extracting by manifest.
3406 silly tarball no local data for @istanbuljs/schema@https://registry.npmjs.org/@istanbuljs/schema/-/schema-0.1.3.tgz. Extracting by manifest.
3407 silly tarball no local data for test-exclude@https://registry.npmjs.org/test-exclude/-/test-exclude-6.0.0.tgz. Extracting by manifest.
3408 silly tarball no local data for @istanbuljs/load-nyc-config@https://registry.npmjs.org/@istanbuljs/load-nyc-config/-/load-nyc-config-1.1.0.tgz. Extracting by manifest.
3409 silly tarball no local data for write-file-atomic@https://registry.npmjs.org/write-file-atomic/-/write-file-atomic-4.0.2.tgz. Extracting by manifest.
3410 silly tarball no local data for @types/babel__traverse@https://registry.npmjs.org/@types/babel__traverse/-/babel__traverse-7.28.0.tgz. Extracting by manifest.
3411 silly tarball no local data for @types/babel__template@https://registry.npmjs.org/@types/babel__template/-/babel__template-7.4.4.tgz. Extracting by manifest.
3412 silly tarball no local data for @types/babel__generator@https://registry.npmjs.org/@types/babel__generator/-/babel__generator-7.27.0.tgz. Extracting by manifest.
3413 silly tarball no local data for pirates@https://registry.npmjs.org/pirates/-/pirates-4.0.7.tgz. Extracting by manifest.
3414 silly tarball no local data for jest-regex-util@https://registry.npmjs.org/jest-regex-util/-/jest-regex-util-29.6.3.tgz. Extracting by manifest.
3415 silly tarball no local data for fast-json-stable-stringify@https://registry.npmjs.org/fast-json-stable-stringify/-/fast-json-stable-stringify-2.1.0.tgz. Extracting by manifest.
3416 silly tarball no local data for jest-haste-map@https://registry.npmjs.org/jest-haste-map/-/jest-haste-map-29.7.0.tgz. Extracting by manifest.
3417 silly tarball no local data for @types/babel__core@https://registry.npmjs.org/@types/babel__core/-/babel__core-7.20.5.tgz. Extracting by manifest.
3418 silly tarball no local data for babel-preset-jest@https://registry.npmjs.org/babel-preset-jest/-/babel-preset-jest-29.6.3.tgz. Extracting by manifest.
3419 silly tarball no local data for babel-plugin-istanbul@https://registry.npmjs.org/babel-plugin-istanbul/-/babel-plugin-istanbul-6.1.1.tgz. Extracting by manifest.
3420 silly tarball no local data for @jest/transform@https://registry.npmjs.org/@jest/transform/-/transform-29.7.0.tgz. Extracting by manifest.
3421 silly tarball no local data for whatwg-fetch@https://registry.npmjs.org/whatwg-fetch/-/whatwg-fetch-3.6.20.tgz. Extracting by manifest.
3422 silly tarball no local data for event-target-shim@https://registry.npmjs.org/event-target-shim/-/event-target-shim-5.0.1.tgz. Extracting by manifest.
3423 silly tarball no local data for regenerator-runtime@https://registry.npmjs.org/regenerator-runtime/-/regenerator-runtime-0.13.11.tgz. Extracting by manifest.
3424 silly tarball no local data for promise@https://registry.npmjs.org/promise/-/promise-8.3.0.tgz. Extracting by manifest.
3425 silly tarball no local data for memoize-one@https://registry.npmjs.org/memoize-one/-/memoize-one-5.2.1.tgz. Extracting by manifest.
3426 silly tarball no local data for jest-environment-node@https://registry.npmjs.org/jest-environment-node/-/jest-environment-node-29.7.0.tgz. Extracting by manifest.
3427 silly tarball no local data for babel-jest@https://registry.npmjs.org/babel-jest/-/babel-jest-29.7.0.tgz. Extracting by manifest.
3428 silly tarball no local data for ansi-regex@https://registry.npmjs.org/ansi-regex/-/ansi-regex-5.0.1.tgz. Extracting by manifest.
3429 silly tarball no local data for abort-controller@https://registry.npmjs.org/abort-controller/-/abort-controller-3.0.0.tgz. Extracting by manifest.
3430 silly tarball no local data for anser@https://registry.npmjs.org/anser/-/anser-1.4.10.tgz. Extracting by manifest.
3431 silly tarball no local data for @jest/create-cache-key-function@https://registry.npmjs.org/@jest/create-cache-key-function/-/create-cache-key-function-29.7.0.tgz. Extracting by manifest.
3432 silly tarball no local data for filter-obj@https://registry.npmjs.org/filter-obj/-/filter-obj-1.1.0.tgz. Extracting by manifest.
3433 silly tarball no local data for strict-uri-encode@https://registry.npmjs.org/strict-uri-encode/-/strict-uri-encode-2.0.0.tgz. Extracting by manifest.
3434 silly tarball no local data for split-on-first@https://registry.npmjs.org/split-on-first/-/split-on-first-1.1.0.tgz. Extracting by manifest.
3435 silly tarball no local data for sisteransi@https://registry.npmjs.org/sisteransi/-/sisteransi-1.0.5.tgz. Extracting by manifest.
3436 silly tarball no local data for kleur@https://registry.npmjs.org/kleur/-/kleur-3.0.3.tgz. Extracting by manifest.
3437 silly tarball no local data for decode-uri-component@https://registry.npmjs.org/decode-uri-component/-/decode-uri-component-0.2.2.tgz. Extracting by manifest.
3438 silly tarball no local data for source-map-js@https://registry.npmjs.org/source-map-js/-/source-map-js-1.2.1.tgz. Extracting by manifest.
3439 silly tarball no local data for yocto-queue@https://registry.npmjs.org/yocto-queue/-/yocto-queue-0.1.0.tgz. Extracting by manifest.
3440 silly tarball no local data for pngjs@https://registry.npmjs.org/pngjs/-/pngjs-3.4.0.tgz. Extracting by manifest.
3441 silly tarball no local data for wcwidth@https://registry.npmjs.org/wcwidth/-/wcwidth-1.0.1.tgz. Extracting by manifest.
3442 silly tarball no local data for strip-ansi@https://registry.npmjs.org/strip-ansi/-/strip-ansi-5.2.0.tgz. Extracting by manifest.
3443 silly tarball no local data for restore-cursor@https://registry.npmjs.org/restore-cursor/-/restore-cursor-2.0.0.tgz. Extracting by manifest.
3444 silly tarball no local data for log-symbols@https://registry.npmjs.org/log-symbols/-/log-symbols-2.2.0.tgz. Extracting by manifest.
3445 silly tarball no local data for cli-spinners@https://registry.npmjs.org/cli-spinners/-/cli-spinners-2.9.2.tgz. Extracting by manifest.
3446 silly tarball no local data for cli-cursor@https://registry.npmjs.org/cli-cursor/-/cli-cursor-2.1.0.tgz. Extracting by manifest.
3447 silly tarball no local data for ee-first@https://registry.npmjs.org/ee-first/-/ee-first-1.1.1.tgz. Extracting by manifest.
3448 silly tarball no local data for validate-npm-package-name@https://registry.npmjs.org/validate-npm-package-name/-/validate-npm-package-name-5.0.1.tgz. Extracting by manifest.
3449 silly tarball no local data for proc-log@https://registry.npmjs.org/proc-log/-/proc-log-4.2.0.tgz. Extracting by manifest.
3450 silly tarball no local data for hosted-git-info@https://registry.npmjs.org/hosted-git-info/-/hosted-git-info-7.0.2.tgz. Extracting by manifest.
3451 silly tarball no local data for brace-expansion@https://registry.npmjs.org/brace-expansion/-/brace-expansion-2.0.3.tgz. Extracting by manifest.
3452 silly tarball no local data for balanced-match@https://registry.npmjs.org/balanced-match/-/balanced-match-1.0.2.tgz. Extracting by manifest.
3453 silly tarball no local data for to-regex-range@https://registry.npmjs.org/to-regex-range/-/to-regex-range-5.0.1.tgz. Extracting by manifest.
3454 silly tarball no local data for fill-range@https://registry.npmjs.org/fill-range/-/fill-range-7.1.1.tgz. Extracting by manifest.
3455 silly tarball no local data for braces@https://registry.npmjs.org/braces/-/braces-3.0.3.tgz. Extracting by manifest.
3456 silly tarball no local data for @babel/traverse--for-generate-function-map@https://registry.npmjs.org/@babel/traverse/-/traverse-7.29.0.tgz. Extracting by manifest.
3457 silly tarball no local data for vlq@https://registry.npmjs.org/vlq/-/vlq-1.0.1.tgz. Extracting by manifest.
3458 silly tarball no local data for terser@https://registry.npmjs.org/terser/-/terser-5.46.1.tgz. Extracting by manifest.
3459 silly tarball no local data for node-int64@https://registry.npmjs.org/node-int64/-/node-int64-0.4.0.tgz. Extracting by manifest.
3460 silly tarball no local data for bser@https://registry.npmjs.org/bser/-/bser-2.1.1.tgz. Extracting by manifest.
3461 silly tarball no local data for walker@https://registry.npmjs.org/walker/-/walker-1.0.8.tgz. Extracting by manifest.
3462 silly tarball no local data for micromatch@https://registry.npmjs.org/micromatch/-/micromatch-4.0.8.tgz. Extracting by manifest.
3463 silly tarball no local data for leven@https://registry.npmjs.org/leven/-/leven-3.1.0.tgz. Extracting by manifest.
3464 silly tarball no local data for fb-watchman@https://registry.npmjs.org/fb-watchman/-/fb-watchman-2.0.2.tgz. Extracting by manifest.
3465 silly tarball no local data for jest-get-type@https://registry.npmjs.org/jest-get-type/-/jest-get-type-29.6.3.tgz. Extracting by manifest.
3466 silly tarball no local data for camelcase@https://registry.npmjs.org/camelcase/-/camelcase-6.3.0.tgz. Extracting by manifest.
3467 silly tarball no local data for jest-validate@https://registry.npmjs.org/jest-validate/-/jest-validate-29.7.0.tgz. Extracting by manifest.
3468 silly tarball no local data for exponential-backoff@https://registry.npmjs.org/exponential-backoff/-/exponential-backoff-3.1.3.tgz. Extracting by manifest.
3469 silly tarball no local data for @types/yargs-parser@https://registry.npmjs.org/@types/yargs-parser/-/yargs-parser-21.0.3.tgz. Extracting by manifest.
3470 silly tarball no local data for @sinclair/typebox@https://registry.npmjs.org/@sinclair/typebox/-/typebox-0.27.10.tgz. Extracting by manifest.
3471 silly tarball no local data for @types/istanbul-lib-report@https://registry.npmjs.org/@types/istanbul-lib-report/-/istanbul-lib-report-3.0.3.tgz. Extracting by manifest.
3472 silly tarball no local data for @types/yargs@https://registry.npmjs.org/@types/yargs/-/yargs-17.0.35.tgz. Extracting by manifest.
3473 silly tarball no local data for @jest/schemas@https://registry.npmjs.org/@jest/schemas/-/schemas-29.6.3.tgz. Extracting by manifest.
3474 silly tarball no local data for @types/istanbul-lib-coverage@https://registry.npmjs.org/@types/istanbul-lib-coverage/-/istanbul-lib-coverage-2.0.6.tgz. Extracting by manifest.
3475 silly tarball no local data for @types/istanbul-reports@https://registry.npmjs.org/@types/istanbul-reports/-/istanbul-reports-3.0.4.tgz. Extracting by manifest.
3476 silly tarball no local data for @jest/types@https://registry.npmjs.org/@jest/types/-/types-29.6.3.tgz. Extracting by manifest.
3477 silly tarball no local data for merge-stream@https://registry.npmjs.org/merge-stream/-/merge-stream-2.0.0.tgz. Extracting by manifest.
3478 silly tarball no local data for jest-util@https://registry.npmjs.org/jest-util/-/jest-util-29.7.0.tgz. Extracting by manifest.
3479 silly tarball no local data for queue@https://registry.npmjs.org/queue/-/queue-6.0.2.tgz. Extracting by manifest.
3480 silly tarball no local data for stackframe@https://registry.npmjs.org/stackframe/-/stackframe-1.3.4.tgz. Extracting by manifest.
3481 silly tarball no local data for throat@https://registry.npmjs.org/throat/-/throat-5.0.0.tgz. Extracting by manifest.
3482 silly tarball no local data for source-map@https://registry.npmjs.org/source-map/-/source-map-0.5.7.tgz. Extracting by manifest.
3483 silly tarball no local data for serialize-error@https://registry.npmjs.org/serialize-error/-/serialize-error-2.1.0.tgz. Extracting by manifest.
3484 silly tarball no local data for lodash.throttle@https://registry.npmjs.org/lodash.throttle/-/lodash.throttle-4.1.1.tgz. Extracting by manifest.
3485 silly tarball no local data for jest-worker@https://registry.npmjs.org/jest-worker/-/jest-worker-29.7.0.tgz. Extracting by manifest.
3486 silly tarball no local data for graceful-fs@https://registry.npmjs.org/graceful-fs/-/graceful-fs-4.2.11.tgz. Extracting by manifest.
3487 silly tarball no local data for image-size@https://registry.npmjs.org/image-size/-/image-size-1.2.1.tgz. Extracting by manifest.
3488 silly tarball no local data for flow-enums-runtime@https://registry.npmjs.org/flow-enums-runtime/-/flow-enums-runtime-0.0.6.tgz. Extracting by manifest.
3489 silly tarball no local data for error-stack-parser@https://registry.npmjs.org/error-stack-parser/-/error-stack-parser-2.1.4.tgz. Extracting by manifest.
3490 silly tarball no local data for yallist@https://registry.npmjs.org/yallist/-/yallist-3.1.1.tgz. Extracting by manifest.
3491 silly tarball no local data for marky@https://registry.npmjs.org/marky/-/marky-1.3.0.tgz. Extracting by manifest.
3492 silly tarball no local data for argparse@https://registry.npmjs.org/argparse/-/argparse-2.0.1.tgz. Extracting by manifest.
3493 silly tarball no local data for is-docker@https://registry.npmjs.org/is-docker/-/is-docker-2.2.1.tgz. Extracting by manifest.
3494 silly tarball no local data for loose-envify@https://registry.npmjs.org/loose-envify/-/loose-envify-1.4.0.tgz. Extracting by manifest.
3495 silly tarball no local data for wrappy@https://registry.npmjs.org/wrappy/-/wrappy-1.0.2.tgz. Extracting by manifest.
3496 silly tarball no local data for path-is-absolute@https://registry.npmjs.org/path-is-absolute/-/path-is-absolute-1.0.1.tgz. Extracting by manifest.
3497 silly tarball no local data for once@https://registry.npmjs.org/once/-/once-1.4.0.tgz. Extracting by manifest.
3498 silly tarball no local data for inherits@https://registry.npmjs.org/inherits/-/inherits-2.0.4.tgz. Extracting by manifest.
3499 silly tarball no local data for fs.realpath@https://registry.npmjs.org/fs.realpath/-/fs.realpath-1.0.0.tgz. Extracting by manifest.
3500 silly tarball no local data for inflight@https://registry.npmjs.org/inflight/-/inflight-1.0.6.tgz. Extracting by manifest.
3501 silly tarball no local data for unpipe@https://registry.npmjs.org/unpipe/-/unpipe-1.0.0.tgz. Extracting by manifest.
3502 silly tarball no local data for on-finished@https://registry.npmjs.org/on-finished/-/on-finished-2.3.0.tgz. Extracting by manifest.
3503 silly tarball no local data for statuses@https://registry.npmjs.org/statuses/-/statuses-1.5.0.tgz. Extracting by manifest.
3504 silly tarball no local data for encodeurl@https://registry.npmjs.org/encodeurl/-/encodeurl-1.0.2.tgz. Extracting by manifest.
3505 silly tarball no local data for escape-html@https://registry.npmjs.org/escape-html/-/escape-html-1.0.3.tgz. Extracting by manifest.
3506 silly tarball no local data for react-native-is-edge-to-edge@https://registry.npmjs.org/react-native-is-edge-to-edge/-/react-native-is-edge-to-edge-1.3.1.tgz. Extracting by manifest.
3507 silly tarball no local data for commander@https://registry.npmjs.org/commander/-/commander-7.2.0.tgz. Extracting by manifest.
3508 silly tarball no local data for fontfaceobserver@https://registry.npmjs.org/fontfaceobserver/-/fontfaceobserver-2.3.0.tgz. Extracting by manifest.
3509 silly tarball no local data for which@https://registry.npmjs.org/which/-/which-2.0.2.tgz. Extracting by manifest.
3510 silly tarball no local data for shebang-command@https://registry.npmjs.org/shebang-command/-/shebang-command-2.0.0.tgz. Extracting by manifest.
3511 silly tarball no local data for path-key@https://registry.npmjs.org/path-key/-/path-key-3.1.1.tgz. Extracting by manifest.
3512 silly tarball no local data for utils-merge@https://registry.npmjs.org/utils-merge/-/utils-merge-1.0.1.tgz. Extracting by manifest.
3513 silly tarball no local data for finalhandler@https://registry.npmjs.org/finalhandler/-/finalhandler-1.1.2.tgz. Extracting by manifest.
3514 silly tarball no local data for parseurl@https://registry.npmjs.org/parseurl/-/parseurl-1.3.3.tgz. Extracting by manifest.
3515 silly tarball no local data for mime-db@https://registry.npmjs.org/mime-db/-/mime-db-1.54.0.tgz. Extracting by manifest.
3516 silly tarball no local data for safe-buffer@https://registry.npmjs.org/safe-buffer/-/safe-buffer-5.2.1.tgz. Extracting by manifest.
3517 silly tarball no local data for vary@https://registry.npmjs.org/vary/-/vary-1.1.2.tgz. Extracting by manifest.
3518 silly tarball no local data for on-headers@https://registry.npmjs.org/on-headers/-/on-headers-1.1.0.tgz. Extracting by manifest.
3519 silly tarball no local data for bytes@https://registry.npmjs.org/bytes/-/bytes-3.1.2.tgz. Extracting by manifest.
3520 silly tarball no local data for compressible@https://registry.npmjs.org/compressible/-/compressible-2.0.18.tgz. Extracting by manifest.
3521 silly tarball no local data for rimraf@https://registry.npmjs.org/rimraf/-/rimraf-3.0.2.tgz. Extracting by manifest.
3522 silly tarball no local data for mkdirp@https://registry.npmjs.org/mkdirp/-/mkdirp-1.0.4.tgz. Extracting by manifest.
3523 silly tarball no local data for @types/node@https://registry.npmjs.org/@types/node/-/node-25.6.0.tgz. Extracting by manifest.
3524 silly tarball no local data for undici-types@https://registry.npmjs.org/undici-types/-/undici-types-7.19.2.tgz. Extracting by manifest.
3525 silly tarball no local data for lighthouse-logger@https://registry.npmjs.org/lighthouse-logger/-/lighthouse-logger-1.4.2.tgz. Extracting by manifest.
3526 silly tarball no local data for is-wsl@https://registry.npmjs.org/is-wsl/-/is-wsl-2.2.0.tgz. Extracting by manifest.
3527 silly tarball no local data for supports-color@https://registry.npmjs.org/supports-color/-/supports-color-7.2.0.tgz. Extracting by manifest.
3528 silly tarball no local data for ansi-styles@https://registry.npmjs.org/ansi-styles/-/ansi-styles-4.3.0.tgz. Extracting by manifest.
3529 silly tarball no local data for stream-buffers@https://registry.npmjs.org/stream-buffers/-/stream-buffers-2.2.0.tgz. Extracting by manifest.
3530 silly tarball no local data for big-integer@https://registry.npmjs.org/big-integer/-/big-integer-1.6.52.tgz. Extracting by manifest.
3531 silly tarball no local data for negotiator@https://registry.npmjs.org/negotiator/-/negotiator-0.6.3.tgz. Extracting by manifest.
3532 silly tarball no local data for mime-types@https://registry.npmjs.org/mime-types/-/mime-types-2.1.35.tgz. Extracting by manifest.
3533 silly tarball no local data for serve-static@https://registry.npmjs.org/serve-static/-/serve-static-1.16.3.tgz. Extracting by manifest.
3534 silly tarball no local data for wonka@https://registry.npmjs.org/wonka/-/wonka-6.3.6.tgz. Extracting by manifest.
3535 silly tarball no local data for open@https://registry.npmjs.org/open/-/open-7.4.2.tgz. Extracting by manifest.
3536 silly tarball no local data for chromium-edge-launcher@https://registry.npmjs.org/chromium-edge-launcher/-/chromium-edge-launcher-0.2.0.tgz. Extracting by manifest.
3537 silly tarball no local data for chrome-launcher@https://registry.npmjs.org/chrome-launcher/-/chrome-launcher-0.15.2.tgz. Extracting by manifest.
3538 silly tarball no local data for @isaacs/ttlcache@https://registry.npmjs.org/@isaacs/ttlcache/-/ttlcache-1.4.1.tgz. Extracting by manifest.
3539 silly tarball no local data for cross-spawn@https://registry.npmjs.org/cross-spawn/-/cross-spawn-7.0.6.tgz. Extracting by manifest.
3540 silly tarball no local data for js-yaml@https://registry.npmjs.org/js-yaml/-/js-yaml-4.1.1.tgz. Extracting by manifest.
3541 silly tarball no local data for xmlbuilder@https://registry.npmjs.org/xmlbuilder/-/xmlbuilder-15.1.1.tgz. Extracting by manifest.
3542 silly tarball no local data for @xmldom/xmldom@https://registry.npmjs.org/@xmldom/xmldom/-/xmldom-0.8.12.tgz. Extracting by manifest.
3543 silly tarball no local data for base64-js@https://registry.npmjs.org/base64-js/-/base64-js-1.5.1.tgz. Extracting by manifest.
3544 silly tarball no local data for postcss@https://registry.npmjs.org/postcss/-/postcss-8.4.49.tgz. Extracting by manifest.
3545 silly tarball no local data for jsc-safe-url@https://registry.npmjs.org/jsc-safe-url/-/jsc-safe-url-0.2.4.tgz. Extracting by manifest.
3546 silly tarball no local data for p-limit@https://registry.npmjs.org/p-limit/-/p-limit-3.1.0.tgz. Extracting by manifest.
3547 silly tarball no local data for parse-png@https://registry.npmjs.org/parse-png/-/parse-png-2.1.0.tgz. Extracting by manifest.
3548 silly tarball no local data for @expo/sudo-prompt@https://registry.npmjs.org/@expo/sudo-prompt/-/sudo-prompt-9.3.2.tgz. Extracting by manifest.
3549 silly tarball no local data for jimp-compact@https://registry.npmjs.org/jimp-compact/-/jimp-compact-0.16.1.tgz. Extracting by manifest.
3550 silly tarball no local data for ignore@https://registry.npmjs.org/ignore/-/ignore-5.3.2.tgz. Extracting by manifest.
3551 silly tarball no local data for dotenv@https://registry.npmjs.org/dotenv/-/dotenv-16.4.7.tgz. Extracting by manifest.
3552 silly tarball no local data for dotenv-expand@https://registry.npmjs.org/dotenv-expand/-/dotenv-expand-11.0.7.tgz. Extracting by manifest.
3553 silly tarball no local data for @expo/sdk-runtime-versions@https://registry.npmjs.org/@expo/sdk-runtime-versions/-/sdk-runtime-versions-1.0.0.tgz. Extracting by manifest.
3554 silly tarball no local data for xcode@https://registry.npmjs.org/xcode/-/xcode-3.0.1.tgz. Extracting by manifest.
3555 silly tarball no local data for slash@https://registry.npmjs.org/slash/-/slash-3.0.0.tgz. Extracting by manifest.
3556 silly tarball no local data for xml2js@https://registry.npmjs.org/xml2js/-/xml2js-0.6.0.tgz. Extracting by manifest.
3557 silly tarball no local data for resolve-workspace-root@https://registry.npmjs.org/resolve-workspace-root/-/resolve-workspace-root-2.0.1.tgz. Extracting by manifest.
3558 silly tarball no local data for deepmerge@https://registry.npmjs.org/deepmerge/-/deepmerge-4.3.1.tgz. Extracting by manifest.
3559 silly tarball no local data for ws@https://registry.npmjs.org/ws/-/ws-8.20.0.tgz. Extracting by manifest.
3560 silly tarball no local data for wrap-ansi@https://registry.npmjs.org/wrap-ansi/-/wrap-ansi-7.0.0.tgz. Extracting by manifest.
3561 silly tarball no local data for undici@https://registry.npmjs.org/undici/-/undici-6.24.1.tgz. Extracting by manifest.
3562 silly tarball no local data for terminal-link@https://registry.npmjs.org/terminal-link/-/terminal-link-2.1.1.tgz. Extracting by manifest.
3563 silly tarball no local data for structured-headers@https://registry.npmjs.org/structured-headers/-/structured-headers-0.4.1.tgz. Extracting by manifest.
3564 silly tarball no local data for tar@https://registry.npmjs.org/tar/-/tar-7.5.13.tgz. Extracting by manifest.
3565 silly tarball no local data for stacktrace-parser@https://registry.npmjs.org/stacktrace-parser/-/stacktrace-parser-0.1.11.tgz. Extracting by manifest.
3566 silly tarball no local data for source-map-support@https://registry.npmjs.org/source-map-support/-/source-map-support-0.5.21.tgz. Extracting by manifest.
3567 silly tarball no local data for slugify@https://registry.npmjs.org/slugify/-/slugify-1.6.9.tgz. Extracting by manifest.
3568 silly tarball no local data for send@https://registry.npmjs.org/send/-/send-0.19.2.tgz. Extracting by manifest.
3569 silly tarball no local data for resolve.exports@https://registry.npmjs.org/resolve.exports/-/resolve.exports-2.0.3.tgz. Extracting by manifest.
3570 silly tarball no local data for requireg@https://registry.npmjs.org/requireg/-/requireg-0.2.2.tgz. Extracting by manifest.
3571 silly tarball no local data for require-from-string@https://registry.npmjs.org/require-from-string/-/require-from-string-2.0.2.tgz. Extracting by manifest.
3572 silly tarball no local data for qrcode-terminal@https://registry.npmjs.org/qrcode-terminal/-/qrcode-terminal-0.11.0.tgz. Extracting by manifest.
3573 silly tarball no local data for progress@https://registry.npmjs.org/progress/-/progress-2.0.3.tgz. Extracting by manifest.
3574 silly tarball no local data for pretty-bytes@https://registry.npmjs.org/pretty-bytes/-/pretty-bytes-5.6.0.tgz. Extracting by manifest.
3575 silly tarball no local data for picomatch@https://registry.npmjs.org/picomatch/-/picomatch-3.0.2.tgz. Extracting by manifest.
3576 silly tarball no local data for npm-package-arg@https://registry.npmjs.org/npm-package-arg/-/npm-package-arg-11.0.3.tgz. Extracting by manifest.
3577 silly tarball no local data for ora@https://registry.npmjs.org/ora/-/ora-3.4.0.tgz. Extracting by manifest.
3578 silly tarball no local data for node-forge@https://registry.npmjs.org/node-forge/-/node-forge-1.4.0.tgz. Extracting by manifest.
3579 silly tarball no local data for minimatch@https://registry.npmjs.org/minimatch/-/minimatch-9.0.9.tgz. Extracting by manifest.
3580 silly tarball no local data for getenv@https://registry.npmjs.org/getenv/-/getenv-2.0.0.tgz. Extracting by manifest.
3581 silly tarball no local data for lan-network@https://registry.npmjs.org/lan-network/-/lan-network-0.1.7.tgz. Extracting by manifest.
3582 silly tarball no local data for freeport-async@https://registry.npmjs.org/freeport-async/-/freeport-async-2.0.0.tgz. Extracting by manifest.
3583 silly tarball no local data for env-editor@https://registry.npmjs.org/env-editor/-/env-editor-0.4.2.tgz. Extracting by manifest.
3584 silly tarball no local data for ci-info@https://registry.npmjs.org/ci-info/-/ci-info-3.9.0.tgz. Extracting by manifest.
3585 silly tarball no local data for compression@https://registry.npmjs.org/compression/-/compression-1.8.1.tgz. Extracting by manifest.
3586 silly tarball no local data for chalk@https://registry.npmjs.org/chalk/-/chalk-4.1.2.tgz. Extracting by manifest.
3587 silly tarball no local data for connect@https://registry.npmjs.org/connect/-/connect-3.7.0.tgz. Extracting by manifest.
3588 silly tarball no local data for bplist-parser@https://registry.npmjs.org/bplist-parser/-/bplist-parser-0.3.2.tgz. Extracting by manifest.
3589 silly tarball no local data for prompts@https://registry.npmjs.org/prompts/-/prompts-2.4.2.tgz. Extracting by manifest.
3590 silly tarball no local data for better-opn@https://registry.npmjs.org/better-opn/-/better-opn-3.0.2.tgz. Extracting by manifest.
3591 silly tarball no local data for bplist-creator@https://registry.npmjs.org/bplist-creator/-/bplist-creator-0.1.0.tgz. Extracting by manifest.
3592 silly tarball no local data for @urql/exchange-retry@https://registry.npmjs.org/@urql/exchange-retry/-/exchange-retry-1.3.2.tgz. Extracting by manifest.
3593 silly tarball no local data for arg@https://registry.npmjs.org/arg/-/arg-5.0.2.tgz. Extracting by manifest.
3594 silly tarball no local data for accepts@https://registry.npmjs.org/accepts/-/accepts-1.3.8.tgz. Extracting by manifest.
3595 silly tarball no local data for @urql/core@https://registry.npmjs.org/@urql/core/-/core-5.2.0.tgz. Extracting by manifest.
3596 silly tarball no local data for @expo/xcpretty@https://registry.npmjs.org/@expo/xcpretty/-/xcpretty-4.4.3.tgz. Extracting by manifest.
3597 silly tarball no local data for @expo/ws-tunnel@https://registry.npmjs.org/@expo/ws-tunnel/-/ws-tunnel-1.0.6.tgz. Extracting by manifest.
3598 silly tarball no local data for @expo/spawn-async@https://registry.npmjs.org/@expo/spawn-async/-/spawn-async-1.7.2.tgz. Extracting by manifest.
3599 silly tarball no local data for @expo/schema-utils@https://registry.npmjs.org/@expo/schema-utils/-/schema-utils-0.1.8.tgz. Extracting by manifest.
3600 silly tarball no local data for @expo/package-manager@https://registry.npmjs.org/@expo/package-manager/-/package-manager-1.10.4.tgz. Extracting by manifest.
3601 silly tarball no local data for @expo/osascript@https://registry.npmjs.org/@expo/osascript/-/osascript-2.4.2.tgz. Extracting by manifest.
3602 silly tarball no local data for @0no-co/graphql.web@https://registry.npmjs.org/@0no-co/graphql.web/-/graphql.web-1.2.0.tgz. Extracting by manifest.
3603 silly tarball no local data for @expo/devcert@https://registry.npmjs.org/@expo/devcert/-/devcert-1.2.1.tgz. Extracting by manifest.
3604 silly tarball no local data for @expo/code-signing-certificates@https://registry.npmjs.org/@expo/code-signing-certificates/-/code-signing-certificates-0.0.6.tgz. Extracting by manifest.
3605 silly tarball no local data for whatwg-url-without-unicode@https://registry.npmjs.org/whatwg-url-without-unicode/-/whatwg-url-without-unicode-8.0.0-3.tgz. Extracting by manifest.
3606 silly tarball no local data for pretty-format@https://registry.npmjs.org/pretty-format/-/pretty-format-29.7.0.tgz. Extracting by manifest.
3607 silly tarball no local data for @babel/runtime@https://registry.npmjs.org/@babel/runtime/-/runtime-7.29.2.tgz. Extracting by manifest.
3608 silly tarball no local data for ms@https://registry.npmjs.org/ms/-/ms-2.1.3.tgz. Extracting by manifest.
3609 silly tarball no local data for simple-swizzle@https://registry.npmjs.org/simple-swizzle/-/simple-swizzle-0.2.4.tgz. Extracting by manifest.
3610 silly tarball no local data for color-name@https://registry.npmjs.org/color-name/-/color-name-1.1.4.tgz. Extracting by manifest.
3611 silly tarball no local data for node-releases@https://registry.npmjs.org/node-releases/-/node-releases-2.0.37.tgz. Extracting by manifest.
3612 silly tarball no local data for color-string@https://registry.npmjs.org/color-string/-/color-string-1.9.1.tgz. Extracting by manifest.
3613 silly tarball no local data for color-convert@https://registry.npmjs.org/color-convert/-/color-convert-2.0.1.tgz. Extracting by manifest.
3614 silly tarball no local data for update-browserslist-db@https://registry.npmjs.org/update-browserslist-db/-/update-browserslist-db-1.2.3.tgz. Extracting by manifest.
3615 silly tarball no local data for electron-to-chromium@https://registry.npmjs.org/electron-to-chromium/-/electron-to-chromium-1.5.334.tgz. Extracting by manifest.
3616 silly tarball no local data for baseline-browser-mapping@https://registry.npmjs.org/baseline-browser-mapping/-/baseline-browser-mapping-2.10.17.tgz. Extracting by manifest.
3617 silly tarball no local data for caniuse-lite@https://registry.npmjs.org/caniuse-lite/-/caniuse-lite-1.0.30001787.tgz. Extracting by manifest.
3618 silly tarball no local data for resolve@https://registry.npmjs.org/resolve/-/resolve-1.22.11.tgz. Extracting by manifest.
3619 silly tarball no local data for core-js-compat@https://registry.npmjs.org/core-js-compat/-/core-js-compat-3.49.0.tgz. Extracting by manifest.
3620 silly tarball no local data for @babel/helper-define-polyfill-provider@https://registry.npmjs.org/@babel/helper-define-polyfill-provider/-/helper-define-polyfill-provider-0.6.8.tgz. Extracting by manifest.
3621 silly tarball no local data for lodash.debounce@https://registry.npmjs.org/lodash.debounce/-/lodash.debounce-4.0.8.tgz. Extracting by manifest.
3622 silly tarball no local data for yargs@https://registry.npmjs.org/yargs/-/yargs-17.7.2.tgz. Extracting by manifest.
3623 silly tarball no local data for nullthrows@https://registry.npmjs.org/nullthrows/-/nullthrows-1.1.1.tgz. Extracting by manifest.
3624 silly tarball no local data for invariant@https://registry.npmjs.org/invariant/-/invariant-2.2.4.tgz. Extracting by manifest.
3625 silly tarball no local data for glob@https://registry.npmjs.org/glob/-/glob-7.2.3.tgz. Extracting by manifest.
3626 silly tarball no local data for @babel/helper-create-regexp-features-plugin@https://registry.npmjs.org/@babel/helper-create-regexp-features-plugin/-/helper-create-regexp-features-plugin-7.28.5.tgz. Extracting by manifest.
3627 silly tarball no local data for @babel/helper-wrap-function@https://registry.npmjs.org/@babel/helper-wrap-function/-/helper-wrap-function-7.28.6.tgz. Extracting by manifest.
3628 silly tarball no local data for regexpu-core@https://registry.npmjs.org/regexpu-core/-/regexpu-core-6.4.0.tgz. Extracting by manifest.
3629 silly tarball no local data for react-refresh@https://registry.npmjs.org/react-refresh/-/react-refresh-0.14.2.tgz. Extracting by manifest.
3630 silly tarball no local data for @babel/plugin-transform-unicode-regex@https://registry.npmjs.org/@babel/plugin-transform-unicode-regex/-/plugin-transform-unicode-regex-7.27.1.tgz. Extracting by manifest.
3631 silly tarball no local data for @babel/helper-remap-async-to-generator@https://registry.npmjs.org/@babel/helper-remap-async-to-generator/-/helper-remap-async-to-generator-7.27.1.tgz. Extracting by manifest.
3632 silly tarball no local data for @babel/plugin-transform-sticky-regex@https://registry.npmjs.org/@babel/plugin-transform-sticky-regex/-/plugin-transform-sticky-regex-7.27.1.tgz. Extracting by manifest.
3633 silly tarball no local data for @babel/plugin-transform-spread@https://registry.npmjs.org/@babel/plugin-transform-spread/-/plugin-transform-spread-7.28.6.tgz. Extracting by manifest.
3634 silly tarball no local data for @babel/plugin-transform-regenerator@https://registry.npmjs.org/@babel/plugin-transform-regenerator/-/plugin-transform-regenerator-7.29.0.tgz. Extracting by manifest.
3635 silly tarball no local data for @babel/plugin-transform-shorthand-properties@https://registry.npmjs.org/@babel/plugin-transform-shorthand-properties/-/plugin-transform-shorthand-properties-7.27.1.tgz. Extracting by manifest.
3636 silly tarball no local data for @babel/plugin-transform-react-jsx-source@https://registry.npmjs.org/@babel/plugin-transform-react-jsx-source/-/plugin-transform-react-jsx-source-7.27.1.tgz. Extracting by manifest.
3637 silly tarball no local data for @babel/plugin-transform-react-jsx-self@https://registry.npmjs.org/@babel/plugin-transform-react-jsx-self/-/plugin-transform-react-jsx-self-7.27.1.tgz. Extracting by manifest.
3638 silly tarball no local data for @babel/plugin-transform-optional-chaining@https://registry.npmjs.org/@babel/plugin-transform-optional-chaining/-/plugin-transform-optional-chaining-7.28.6.tgz. Extracting by manifest.
3639 silly tarball no local data for @babel/plugin-transform-nullish-coalescing-operator@https://registry.npmjs.org/@babel/plugin-transform-nullish-coalescing-operator/-/plugin-transform-nullish-coalescing-operator-7.28.6.tgz. Extracting by manifest.
3640 silly tarball no local data for @babel/plugin-transform-numeric-separator@https://registry.npmjs.org/@babel/plugin-transform-numeric-separator/-/plugin-transform-numeric-separator-7.28.6.tgz. Extracting by manifest.
3641 silly tarball no local data for @babel/plugin-transform-logical-assignment-operators@https://registry.npmjs.org/@babel/plugin-transform-logical-assignment-operators/-/plugin-transform-logical-assignment-operators-7.28.6.tgz. Extracting by manifest.
3642 silly tarball no local data for @babel/plugin-transform-named-capturing-groups-regex@https://registry.npmjs.org/@babel/plugin-transform-named-capturing-groups-regex/-/plugin-transform-named-capturing-groups-regex-7.29.0.tgz. Extracting by manifest.
3643 silly tarball no local data for @babel/plugin-transform-literals@https://registry.npmjs.org/@babel/plugin-transform-literals/-/plugin-transform-literals-7.27.1.tgz. Extracting by manifest.
3644 silly tarball no local data for @babel/plugin-transform-function-name@https://registry.npmjs.org/@babel/plugin-transform-function-name/-/plugin-transform-function-name-7.27.1.tgz. Extracting by manifest.
3645 silly tarball no local data for @babel/plugin-transform-optional-catch-binding@https://registry.npmjs.org/@babel/plugin-transform-optional-catch-binding/-/plugin-transform-optional-catch-binding-7.28.6.tgz. Extracting by manifest.
3646 silly tarball no local data for @babel/plugin-transform-classes@https://registry.npmjs.org/@babel/plugin-transform-classes/-/plugin-transform-classes-7.28.6.tgz. Extracting by manifest.
3647 silly tarball no local data for @babel/plugin-transform-for-of@https://registry.npmjs.org/@babel/plugin-transform-for-of/-/plugin-transform-for-of-7.27.1.tgz. Extracting by manifest.
3648 silly tarball no local data for @babel/plugin-transform-class-properties@https://registry.npmjs.org/@babel/plugin-transform-class-properties/-/plugin-transform-class-properties-7.28.6.tgz. Extracting by manifest.
3649 silly tarball no local data for @babel/plugin-transform-computed-properties@https://registry.npmjs.org/@babel/plugin-transform-computed-properties/-/plugin-transform-computed-properties-7.28.6.tgz. Extracting by manifest.
3650 silly tarball no local data for @babel/plugin-transform-async-generator-functions@https://registry.npmjs.org/@babel/plugin-transform-async-generator-functions/-/plugin-transform-async-generator-functions-7.29.0.tgz. Extracting by manifest.
3651 silly tarball no local data for @babel/plugin-transform-block-scoping@https://registry.npmjs.org/@babel/plugin-transform-block-scoping/-/plugin-transform-block-scoping-7.28.6.tgz. Extracting by manifest.
3652 silly tarball no local data for @babel/plugin-transform-async-to-generator@https://registry.npmjs.org/@babel/plugin-transform-async-to-generator/-/plugin-transform-async-to-generator-7.28.6.tgz. Extracting by manifest.
3653 silly tarball no local data for @babel/plugin-transform-arrow-functions@https://registry.npmjs.org/@babel/plugin-transform-arrow-functions/-/plugin-transform-arrow-functions-7.27.1.tgz. Extracting by manifest.
3654 silly tarball no local data for @babel/plugin-syntax-optional-chaining@https://registry.npmjs.org/@babel/plugin-syntax-optional-chaining/-/plugin-syntax-optional-chaining-7.8.3.tgz. Extracting by manifest.
3655 silly tarball no local data for @babel/plugin-syntax-typescript@https://registry.npmjs.org/@babel/plugin-syntax-typescript/-/plugin-syntax-typescript-7.28.6.tgz. Extracting by manifest.
3656 silly tarball no local data for @babel/plugin-syntax-dynamic-import@https://registry.npmjs.org/@babel/plugin-syntax-dynamic-import/-/plugin-syntax-dynamic-import-7.8.3.tgz. Extracting by manifest.
3657 silly tarball no local data for @babel/plugin-transform-typescript@https://registry.npmjs.org/@babel/plugin-transform-typescript/-/plugin-transform-typescript-7.28.6.tgz. Extracting by manifest.
3658 silly tarball no local data for @babel/plugin-syntax-nullish-coalescing-operator@https://registry.npmjs.org/@babel/plugin-syntax-nullish-coalescing-operator/-/plugin-syntax-nullish-coalescing-operator-7.8.3.tgz. Extracting by manifest.
3659 silly tarball no local data for @babel/plugin-transform-react-pure-annotations@https://registry.npmjs.org/@babel/plugin-transform-react-pure-annotations/-/plugin-transform-react-pure-annotations-7.27.1.tgz. Extracting by manifest.
3660 silly tarball no local data for @babel/plugin-syntax-jsx@https://registry.npmjs.org/@babel/plugin-syntax-jsx/-/plugin-syntax-jsx-7.28.6.tgz. Extracting by manifest.
3661 silly tarball no local data for @babel/plugin-transform-react-jsx-development@https://registry.npmjs.org/@babel/plugin-transform-react-jsx-development/-/plugin-transform-react-jsx-development-7.27.1.tgz. Extracting by manifest.
3662 silly tarball no local data for @babel/plugin-transform-react-jsx@https://registry.npmjs.org/@babel/plugin-transform-react-jsx/-/plugin-transform-react-jsx-7.28.6.tgz. Extracting by manifest.
3663 silly tarball no local data for @babel/plugin-transform-react-display-name@https://registry.npmjs.org/@babel/plugin-transform-react-display-name/-/plugin-transform-react-display-name-7.28.0.tgz. Extracting by manifest.
3664 silly tarball no local data for babel-plugin-polyfill-regenerator@https://registry.npmjs.org/babel-plugin-polyfill-regenerator/-/babel-plugin-polyfill-regenerator-0.6.8.tgz. Extracting by manifest.
3665 silly tarball no local data for babel-plugin-polyfill-corejs3@https://registry.npmjs.org/babel-plugin-polyfill-corejs3/-/babel-plugin-polyfill-corejs3-0.13.0.tgz. Extracting by manifest.
3666 silly tarball no local data for babel-plugin-polyfill-corejs2@https://registry.npmjs.org/babel-plugin-polyfill-corejs2/-/babel-plugin-polyfill-corejs2-0.4.17.tgz. Extracting by manifest.
3667 silly tarball no local data for @babel/plugin-transform-destructuring@https://registry.npmjs.org/@babel/plugin-transform-destructuring/-/plugin-transform-destructuring-7.28.5.tgz. Extracting by manifest.
3668 silly tarball no local data for @babel/plugin-syntax-flow@https://registry.npmjs.org/@babel/plugin-syntax-flow/-/plugin-syntax-flow-7.28.6.tgz. Extracting by manifest.
3669 silly tarball no local data for @babel/helper-replace-supers@https://registry.npmjs.org/@babel/helper-replace-supers/-/helper-replace-supers-7.28.6.tgz. Extracting by manifest.
3670 silly tarball no local data for @babel/helper-skip-transparent-expression-wrappers@https://registry.npmjs.org/@babel/helper-skip-transparent-expression-wrappers/-/helper-skip-transparent-expression-wrappers-7.27.1.tgz. Extracting by manifest.
3671 silly tarball no local data for @babel/helper-optimise-call-expression@https://registry.npmjs.org/@babel/helper-optimise-call-expression/-/helper-optimise-call-expression-7.27.1.tgz. Extracting by manifest.
3672 silly tarball no local data for @babel/helper-annotate-as-pure@https://registry.npmjs.org/@babel/helper-annotate-as-pure/-/helper-annotate-as-pure-7.27.3.tgz. Extracting by manifest.
3673 silly tarball no local data for @babel/helper-member-expression-to-functions@https://registry.npmjs.org/@babel/helper-member-expression-to-functions/-/helper-member-expression-to-functions-7.28.5.tgz. Extracting by manifest.
3674 silly tarball no local data for @babel/plugin-syntax-decorators@https://registry.npmjs.org/@babel/plugin-syntax-decorators/-/plugin-syntax-decorators-7.28.6.tgz. Extracting by manifest.
3675 silly tarball no local data for @babel/helper-plugin-utils@https://registry.npmjs.org/@babel/helper-plugin-utils/-/helper-plugin-utils-7.28.6.tgz. Extracting by manifest.
3676 silly tarball no local data for @babel/helper-create-class-features-plugin@https://registry.npmjs.org/@babel/helper-create-class-features-plugin/-/helper-create-class-features-plugin-7.28.6.tgz. Extracting by manifest.
3677 silly tarball no local data for resolve-from@https://registry.npmjs.org/resolve-from/-/resolve-from-5.0.0.tgz. Extracting by manifest.
3678 silly tarball no local data for babel-plugin-transform-flow-enums@https://registry.npmjs.org/babel-plugin-transform-flow-enums/-/babel-plugin-transform-flow-enums-0.0.2.tgz. Extracting by manifest.
3679 silly tarball no local data for @babel/preset-typescript@https://registry.npmjs.org/@babel/preset-typescript/-/preset-typescript-7.28.5.tgz. Extracting by manifest.
3680 silly tarball no local data for @babel/preset-react@https://registry.npmjs.org/@babel/preset-react/-/preset-react-7.28.5.tgz. Extracting by manifest.
3681 silly tarball no local data for @babel/plugin-transform-runtime@https://registry.npmjs.org/@babel/plugin-transform-runtime/-/plugin-transform-runtime-7.29.0.tgz. Extracting by manifest.
3682 silly tarball no local data for @babel/plugin-transform-private-property-in-object@https://registry.npmjs.org/@babel/plugin-transform-private-property-in-object/-/plugin-transform-private-property-in-object-7.28.6.tgz. Extracting by manifest.
3683 silly tarball no local data for @babel/plugin-transform-private-methods@https://registry.npmjs.org/@babel/plugin-transform-private-methods/-/plugin-transform-private-methods-7.28.6.tgz. Extracting by manifest.
3684 silly tarball no local data for @babel/plugin-transform-parameters@https://registry.npmjs.org/@babel/plugin-transform-parameters/-/plugin-transform-parameters-7.27.7.tgz. Extracting by manifest.
3685 silly tarball no local data for @babel/plugin-transform-object-rest-spread@https://registry.npmjs.org/@babel/plugin-transform-object-rest-spread/-/plugin-transform-object-rest-spread-7.28.6.tgz. Extracting by manifest.
3686 silly tarball no local data for @babel/plugin-transform-modules-commonjs@https://registry.npmjs.org/@babel/plugin-transform-modules-commonjs/-/plugin-transform-modules-commonjs-7.28.6.tgz. Extracting by manifest.
3687 silly tarball no local data for @babel/plugin-transform-flow-strip-types@https://registry.npmjs.org/@babel/plugin-transform-flow-strip-types/-/plugin-transform-flow-strip-types-7.27.1.tgz. Extracting by manifest.
3688 silly tarball no local data for @babel/plugin-transform-export-namespace-from@https://registry.npmjs.org/@babel/plugin-transform-export-namespace-from/-/plugin-transform-export-namespace-from-7.27.1.tgz. Extracting by manifest.
3689 silly tarball no local data for @babel/plugin-transform-class-static-block@https://registry.npmjs.org/@babel/plugin-transform-class-static-block/-/plugin-transform-class-static-block-7.28.6.tgz. Extracting by manifest.
3690 silly tarball no local data for @babel/plugin-proposal-export-default-from@https://registry.npmjs.org/@babel/plugin-proposal-export-default-from/-/plugin-proposal-export-default-from-7.27.1.tgz. Extracting by manifest.
3691 silly tarball no local data for @babel/plugin-syntax-export-default-from@https://registry.npmjs.org/@babel/plugin-syntax-export-default-from/-/plugin-syntax-export-default-from-7.28.6.tgz. Extracting by manifest.
3692 silly tarball no local data for @babel/plugin-proposal-decorators@https://registry.npmjs.org/@babel/plugin-proposal-decorators/-/plugin-proposal-decorators-7.29.0.tgz. Extracting by manifest.
3693 silly tarball no local data for csstype@https://registry.npmjs.org/csstype/-/csstype-3.2.3.tgz. Extracting by manifest.
3694 silly tarball no local data for use-latest-callback@https://registry.npmjs.org/use-latest-callback/-/use-latest-callback-0.2.6.tgz. Extracting by manifest.
3695 silly tarball no local data for @react-navigation/routers@https://registry.npmjs.org/@react-navigation/routers/-/routers-6.1.9.tgz. Extracting by manifest.
3696 silly tarball no local data for react-is@https://registry.npmjs.org/react-is/-/react-is-16.13.1.tgz. Extracting by manifest.
3697 silly tarball no local data for nanoid@https://registry.npmjs.org/nanoid/-/nanoid-3.3.11.tgz. Extracting by manifest.
3698 silly tarball no local data for query-string@https://registry.npmjs.org/query-string/-/query-string-7.1.3.tgz. Extracting by manifest.
3699 silly tarball no local data for @react-navigation/core@https://registry.npmjs.org/@react-navigation/core/-/core-6.4.17.tgz. Extracting by manifest.
3700 silly tarball no local data for escape-string-regexp@https://registry.npmjs.org/escape-string-regexp/-/escape-string-regexp-4.0.0.tgz. Extracting by manifest.
3701 silly tarball no local data for fast-deep-equal@https://registry.npmjs.org/fast-deep-equal/-/fast-deep-equal-3.1.3.tgz. Extracting by manifest.
3702 silly tarball no local data for warn-once@https://registry.npmjs.org/warn-once/-/warn-once-0.1.1.tgz. Extracting by manifest.
3703 silly tarball no local data for @react-navigation/elements@https://registry.npmjs.org/@react-navigation/elements/-/elements-1.3.31.tgz. Extracting by manifest.
3704 silly tarball no local data for color@https://registry.npmjs.org/color/-/color-4.2.3.tgz. Extracting by manifest.
3705 silly tarball no local data for @jridgewell/resolve-uri@https://registry.npmjs.org/@jridgewell/resolve-uri/-/resolve-uri-3.1.2.tgz. Extracting by manifest.
3706 silly tarball no local data for @jridgewell/sourcemap-codec@https://registry.npmjs.org/@jridgewell/sourcemap-codec/-/sourcemap-codec-1.5.5.tgz. Extracting by manifest.
3707 silly tarball no local data for @babel/helper-string-parser@https://registry.npmjs.org/@babel/helper-string-parser/-/helper-string-parser-7.27.1.tgz. Extracting by manifest.
3708 silly tarball no local data for lru-cache@https://registry.npmjs.org/lru-cache/-/lru-cache-5.1.1.tgz. Extracting by manifest.
3709 silly tarball no local data for @babel/helper-module-imports@https://registry.npmjs.org/@babel/helper-module-imports/-/helper-module-imports-7.28.6.tgz. Extracting by manifest.
3710 silly tarball no local data for @babel/helper-globals@https://registry.npmjs.org/@babel/helper-globals/-/helper-globals-7.28.0.tgz. Extracting by manifest.
3711 silly tarball no local data for browserslist@https://registry.npmjs.org/browserslist/-/browserslist-4.28.2.tgz. Extracting by manifest.
3712 silly tarball no local data for @babel/compat-data@https://registry.npmjs.org/@babel/compat-data/-/compat-data-7.29.0.tgz. Extracting by manifest.
3713 silly tarball no local data for @babel/helper-validator-option@https://registry.npmjs.org/@babel/helper-validator-option/-/helper-validator-option-7.27.1.tgz. Extracting by manifest.
3714 silly tarball no local data for jsesc@https://registry.npmjs.org/jsesc/-/jsesc-3.1.0.tgz. Extracting by manifest.
3715 silly tarball no local data for @jridgewell/trace-mapping@https://registry.npmjs.org/@jridgewell/trace-mapping/-/trace-mapping-0.3.31.tgz. Extracting by manifest.
3716 silly tarball no local data for @jridgewell/gen-mapping@https://registry.npmjs.org/@jridgewell/gen-mapping/-/gen-mapping-0.3.13.tgz. Extracting by manifest.
3717 silly tarball no local data for picocolors@https://registry.npmjs.org/picocolors/-/picocolors-1.1.1.tgz. Extracting by manifest.
3718 silly tarball no local data for js-tokens@https://registry.npmjs.org/js-tokens/-/js-tokens-4.0.0.tgz. Extracting by manifest.
3719 silly tarball no local data for @babel/helper-validator-identifier@https://registry.npmjs.org/@babel/helper-validator-identifier/-/helper-validator-identifier-7.28.5.tgz. Extracting by manifest.
3720 silly tarball no local data for semver@https://registry.npmjs.org/semver/-/semver-6.3.1.tgz. Extracting by manifest.
3721 silly tarball no local data for debug@https://registry.npmjs.org/debug/-/debug-4.4.3.tgz. Extracting by manifest.
3722 silly tarball no local data for gensync@https://registry.npmjs.org/gensync/-/gensync-1.0.0-beta.2.tgz. Extracting by manifest.
3723 silly tarball no local data for @jridgewell/remapping@https://registry.npmjs.org/@jridgewell/remapping/-/remapping-2.3.5.tgz. Extracting by manifest.
3724 silly tarball no local data for @babel/types@https://registry.npmjs.org/@babel/types/-/types-7.29.0.tgz. Extracting by manifest.
3725 silly tarball no local data for json5@https://registry.npmjs.org/json5/-/json5-2.2.3.tgz. Extracting by manifest.
3726 silly tarball no local data for @babel/traverse@https://registry.npmjs.org/@babel/traverse/-/traverse-7.29.0.tgz. Extracting by manifest.
3727 silly tarball no local data for convert-source-map@https://registry.npmjs.org/convert-source-map/-/convert-source-map-2.0.0.tgz. Extracting by manifest.
3728 silly tarball no local data for @babel/parser@https://registry.npmjs.org/@babel/parser/-/parser-7.29.2.tgz. Extracting by manifest.
3729 silly tarball no local data for @babel/helpers@https://registry.npmjs.org/@babel/helpers/-/helpers-7.29.2.tgz. Extracting by manifest.
3730 silly tarball no local data for @babel/helper-module-transforms@https://registry.npmjs.org/@babel/helper-module-transforms/-/helper-module-transforms-7.28.6.tgz. Extracting by manifest.
3731 silly tarball no local data for @babel/template@https://registry.npmjs.org/@babel/template/-/template-7.28.6.tgz. Extracting by manifest.
3732 silly tarball no local data for @babel/helper-compilation-targets@https://registry.npmjs.org/@babel/helper-compilation-targets/-/helper-compilation-targets-7.28.6.tgz. Extracting by manifest.
3733 silly tarball no local data for @babel/generator@https://registry.npmjs.org/@babel/generator/-/generator-7.29.1.tgz. Extracting by manifest.
3734 silly tarball no local data for @babel/code-frame@https://registry.npmjs.org/@babel/code-frame/-/code-frame-7.29.0.tgz. Extracting by manifest.
3735 silly tarball no local data for typescript@https://registry.npmjs.org/typescript/-/typescript-5.9.3.tgz. Extracting by manifest.
3736 silly tarball no local data for @react-navigation/native-stack@https://registry.npmjs.org/@react-navigation/native-stack/-/native-stack-6.11.0.tgz. Extracting by manifest.
3737 silly tarball no local data for @react-navigation/native@https://registry.npmjs.org/@react-navigation/native/-/native-6.1.18.tgz. Extracting by manifest.
3738 silly tarball no local data for @react-navigation/bottom-tabs@https://registry.npmjs.org/@react-navigation/bottom-tabs/-/bottom-tabs-6.6.1.tgz. Extracting by manifest.
3739 silly tarball no local data for @babel/core@https://registry.npmjs.org/@babel/core/-/core-7.29.0.tgz. Extracting by manifest.
3740 silly tarball no local data for has-flag@https://registry.npmjs.org/has-flag/-/has-flag-3.0.0.tgz. Extracting by manifest.
3741 silly tarball no local data for color-name@https://registry.npmjs.org/color-name/-/color-name-1.1.3.tgz. Extracting by manifest.
3742 silly tarball no local data for color-convert@https://registry.npmjs.org/color-convert/-/color-convert-1.9.3.tgz. Extracting by manifest.
3743 silly tarball no local data for escape-string-regexp@https://registry.npmjs.org/escape-string-regexp/-/escape-string-regexp-1.0.5.tgz. Extracting by manifest.
3744 silly tarball no local data for ansi-styles@https://registry.npmjs.org/ansi-styles/-/ansi-styles-3.2.1.tgz. Extracting by manifest.
3745 silly tarball no local data for chalk@https://registry.npmjs.org/chalk/-/chalk-2.4.2.tgz. Extracting by manifest.
3746 silly tarball no local data for strip-ansi@https://registry.npmjs.org/strip-ansi/-/strip-ansi-6.0.1.tgz. Extracting by manifest.
3747 silly tarball no local data for supports-color@https://registry.npmjs.org/supports-color/-/supports-color-5.5.0.tgz. Extracting by manifest.
3748 silly tarball no local data for bplist-parser@https://registry.npmjs.org/bplist-parser/-/bplist-parser-0.3.1.tgz. Extracting by manifest.
3749 silly tarball no local data for strip-ansi@https://registry.npmjs.org/strip-ansi/-/strip-ansi-6.0.1.tgz. Extracting by manifest.
3750 silly tarball no local data for type-fest@https://registry.npmjs.org/type-fest/-/type-fest-0.21.3.tgz. Extracting by manifest.
3751 silly tarball no local data for p-limit@https://registry.npmjs.org/p-limit/-/p-limit-2.3.0.tgz. Extracting by manifest.
3752 silly tarball no local data for statuses@https://registry.npmjs.org/statuses/-/statuses-2.0.2.tgz. Extracting by manifest.
3753 silly tarball no local data for escape-string-regexp@https://registry.npmjs.org/escape-string-regexp/-/escape-string-regexp-2.0.0.tgz. Extracting by manifest.
3754 silly tarball no local data for picomatch@https://registry.npmjs.org/picomatch/-/picomatch-2.3.2.tgz. Extracting by manifest.
3755 silly tarball no local data for brace-expansion@https://registry.npmjs.org/brace-expansion/-/brace-expansion-1.1.13.tgz. Extracting by manifest.
3756 silly tarball no local data for minimatch@https://registry.npmjs.org/minimatch/-/minimatch-3.1.5.tgz. Extracting by manifest.
3757 silly tarball no local data for argparse@https://registry.npmjs.org/argparse/-/argparse-1.0.10.tgz. Extracting by manifest.
3758 silly tarball no local data for camelcase@https://registry.npmjs.org/camelcase/-/camelcase-5.3.1.tgz. Extracting by manifest.
3759 silly tarball no local data for js-yaml@https://registry.npmjs.org/js-yaml/-/js-yaml-3.14.2.tgz. Extracting by manifest.
3760 silly tarball no local data for ws@https://registry.npmjs.org/ws/-/ws-7.5.10.tgz. Extracting by manifest.
3761 silly tarball no local data for ws@https://registry.npmjs.org/ws/-/ws-6.2.3.tgz. Extracting by manifest.
3762 silly tarball no local data for ansi-regex@https://registry.npmjs.org/ansi-regex/-/ansi-regex-4.1.1.tgz. Extracting by manifest.
3763 silly tarball no local data for color-convert@https://registry.npmjs.org/color-convert/-/color-convert-1.9.3.tgz. Extracting by manifest.
3764 silly tarball no local data for has-flag@https://registry.npmjs.org/has-flag/-/has-flag-3.0.0.tgz. Extracting by manifest.
3765 silly tarball no local data for color-name@https://registry.npmjs.org/color-name/-/color-name-1.1.3.tgz. Extracting by manifest.
3766 silly tarball no local data for supports-color@https://registry.npmjs.org/supports-color/-/supports-color-5.5.0.tgz. Extracting by manifest.
3767 silly tarball no local data for lru-cache@https://registry.npmjs.org/lru-cache/-/lru-cache-10.4.3.tgz. Extracting by manifest.
3768 silly tarball no local data for escape-string-regexp@https://registry.npmjs.org/escape-string-regexp/-/escape-string-regexp-1.0.5.tgz. Extracting by manifest.
3769 silly tarball no local data for commander@https://registry.npmjs.org/commander/-/commander-2.20.3.tgz. Extracting by manifest.
3770 silly tarball no local data for ansi-styles@https://registry.npmjs.org/ansi-styles/-/ansi-styles-3.2.1.tgz. Extracting by manifest.
3771 silly tarball no local data for chalk@https://registry.npmjs.org/chalk/-/chalk-2.4.2.tgz. Extracting by manifest.
3772 silly tarball no local data for picomatch@https://registry.npmjs.org/picomatch/-/picomatch-2.3.2.tgz. Extracting by manifest.
3773 silly tarball no local data for picomatch@https://registry.npmjs.org/picomatch/-/picomatch-2.3.2.tgz. Extracting by manifest.
3774 silly tarball no local data for supports-color@https://registry.npmjs.org/supports-color/-/supports-color-8.1.1.tgz. Extracting by manifest.
3775 silly tarball no local data for ms@https://registry.npmjs.org/ms/-/ms-2.0.0.tgz. Extracting by manifest.
3776 silly tarball no local data for debug@https://registry.npmjs.org/debug/-/debug-2.6.9.tgz. Extracting by manifest.
3777 silly tarball no local data for ms@https://registry.npmjs.org/ms/-/ms-2.0.0.tgz. Extracting by manifest.
3778 silly tarball no local data for mime-db@https://registry.npmjs.org/mime-db/-/mime-db-1.52.0.tgz. Extracting by manifest.
3779 silly tarball no local data for debug@https://registry.npmjs.org/debug/-/debug-2.6.9.tgz. Extracting by manifest.
3780 silly tarball no local data for encodeurl@https://registry.npmjs.org/encodeurl/-/encodeurl-2.0.0.tgz. Extracting by manifest.
3781 silly tarball no local data for ws@https://registry.npmjs.org/ws/-/ws-7.5.10.tgz. Extracting by manifest.
3782 silly tarball no local data for ci-info@https://registry.npmjs.org/ci-info/-/ci-info-2.0.0.tgz. Extracting by manifest.
3783 silly tarball no local data for xmlbuilder@https://registry.npmjs.org/xmlbuilder/-/xmlbuilder-11.0.1.tgz. Extracting by manifest.
3784 silly tarball no local data for commander@https://registry.npmjs.org/commander/-/commander-4.1.1.tgz. Extracting by manifest.
3785 silly tarball no local data for strip-ansi@https://registry.npmjs.org/strip-ansi/-/strip-ansi-6.0.1.tgz. Extracting by manifest.
3786 silly tarball no local data for yallist@https://registry.npmjs.org/yallist/-/yallist-5.0.0.tgz. Extracting by manifest.
3787 silly tarball no local data for source-map@https://registry.npmjs.org/source-map/-/source-map-0.6.1.tgz. Extracting by manifest.
3788 silly tarball no local data for on-finished@https://registry.npmjs.org/on-finished/-/on-finished-2.4.1.tgz. Extracting by manifest.
3789 silly tarball no local data for statuses@https://registry.npmjs.org/statuses/-/statuses-2.0.2.tgz. Extracting by manifest.
3790 silly tarball no local data for encodeurl@https://registry.npmjs.org/encodeurl/-/encodeurl-2.0.0.tgz. Extracting by manifest.
3791 silly tarball no local data for debug@https://registry.npmjs.org/debug/-/debug-2.6.9.tgz. Extracting by manifest.
3792 silly tarball no local data for resolve@https://registry.npmjs.org/resolve/-/resolve-1.7.1.tgz. Extracting by manifest.
3793 silly tarball no local data for ms@https://registry.npmjs.org/ms/-/ms-2.0.0.tgz. Extracting by manifest.
3794 silly tarball no local data for has-flag@https://registry.npmjs.org/has-flag/-/has-flag-3.0.0.tgz. Extracting by manifest.
3795 silly tarball no local data for color-name@https://registry.npmjs.org/color-name/-/color-name-1.1.3.tgz. Extracting by manifest.
3796 silly tarball no local data for escape-string-regexp@https://registry.npmjs.org/escape-string-regexp/-/escape-string-regexp-1.0.5.tgz. Extracting by manifest.
3797 silly tarball no local data for supports-color@https://registry.npmjs.org/supports-color/-/supports-color-5.5.0.tgz. Extracting by manifest.
3798 silly tarball no local data for color-convert@https://registry.npmjs.org/color-convert/-/color-convert-1.9.3.tgz. Extracting by manifest.
3799 silly tarball no local data for chalk@https://registry.npmjs.org/chalk/-/chalk-2.4.2.tgz. Extracting by manifest.
3800 silly tarball no local data for ms@https://registry.npmjs.org/ms/-/ms-2.0.0.tgz. Extracting by manifest.
3801 silly tarball no local data for ansi-styles@https://registry.npmjs.org/ansi-styles/-/ansi-styles-3.2.1.tgz. Extracting by manifest.
3802 silly tarball no local data for debug@https://registry.npmjs.org/debug/-/debug-2.6.9.tgz. Extracting by manifest.
3803 silly tarball no local data for ms@https://registry.npmjs.org/ms/-/ms-2.0.0.tgz. Extracting by manifest.
3804 silly tarball no local data for negotiator@https://registry.npmjs.org/negotiator/-/negotiator-0.6.4.tgz. Extracting by manifest.
3805 silly tarball no local data for open@https://registry.npmjs.org/open/-/open-8.4.2.tgz. Extracting by manifest.
3806 silly tarball no local data for debug@https://registry.npmjs.org/debug/-/debug-2.6.9.tgz. Extracting by manifest.
3807 silly tarball no local data for ws@https://registry.npmjs.org/ws/-/ws-6.2.3.tgz. Extracting by manifest.
3808 silly tarball no local data for debug@https://registry.npmjs.org/debug/-/debug-3.2.7.tgz. Extracting by manifest.
3809 silly tarball no local data for react-is@https://registry.npmjs.org/react-is/-/react-is-18.3.1.tgz. Extracting by manifest.
3810 silly tarball no local data for ansi-styles@https://registry.npmjs.org/ansi-styles/-/ansi-styles-5.2.0.tgz. Extracting by manifest.
3811 silly tarball no local data for balanced-match@https://registry.npmjs.org/balanced-match/-/balanced-match-4.0.4.tgz. Extracting by manifest.
3812 silly tarball no local data for brace-expansion@https://registry.npmjs.org/brace-expansion/-/brace-expansion-5.0.5.tgz. Extracting by manifest.
3813 silly tarball no local data for balanced-match@https://registry.npmjs.org/balanced-match/-/balanced-match-4.0.4.tgz. Extracting by manifest.
3814 silly tarball no local data for brace-expansion@https://registry.npmjs.org/brace-expansion/-/brace-expansion-5.0.5.tgz. Extracting by manifest.
3815 silly tarball no local data for balanced-match@https://registry.npmjs.org/balanced-match/-/balanced-match-4.0.4.tgz. Extracting by manifest.
3816 silly tarball no local data for brace-expansion@https://registry.npmjs.org/brace-expansion/-/brace-expansion-5.0.5.tgz. Extracting by manifest.
3817 silly tarball no local data for balanced-match@https://registry.npmjs.org/balanced-match/-/balanced-match-4.0.4.tgz. Extracting by manifest.
3818 silly tarball no local data for brace-expansion@https://registry.npmjs.org/brace-expansion/-/brace-expansion-5.0.5.tgz. Extracting by manifest.
3819 silly tarball no local data for @babel/code-frame@https://registry.npmjs.org/@babel/code-frame/-/code-frame-7.10.4.tgz. Extracting by manifest.
3820 silly tarball no local data for balanced-match@https://registry.npmjs.org/balanced-match/-/balanced-match-4.0.4.tgz. Extracting by manifest.
3821 silly tarball no local data for brace-expansion@https://registry.npmjs.org/brace-expansion/-/brace-expansion-5.0.5.tgz. Extracting by manifest.
3822 silly tarball no local data for minimatch@https://registry.npmjs.org/minimatch/-/minimatch-3.1.5.tgz. Extracting by manifest.
3823 silly tarball no local data for brace-expansion@https://registry.npmjs.org/brace-expansion/-/brace-expansion-1.1.13.tgz. Extracting by manifest.
3824 silly tarball no local data for ws@https://registry.npmjs.org/ws/-/ws-6.2.3.tgz. Extracting by manifest.
3825 silly tarball no local data for commander@https://registry.npmjs.org/commander/-/commander-12.1.0.tgz. Extracting by manifest.
3826 http fetch POST 200 https://registry.npmjs.org/-/npm/v1/security/advisories/bulk 4090ms
3827 silly audit report {}
3828 http fetch GET 200 https://registry.npmjs.org/p-try/-/p-try-2.2.0.tgz 4217ms (cache miss)
3829 http fetch GET 200 https://registry.npmjs.org/define-lazy-prop/-/define-lazy-prop-2.0.0.tgz 4216ms (cache miss)
3830 http fetch GET 200 https://registry.npmjs.org/concat-map/-/concat-map-0.0.1.tgz 4217ms (cache miss)
3831 http fetch GET 200 https://registry.npmjs.org/async-limiter/-/async-limiter-1.0.1.tgz 4217ms (cache miss)
3832 warn tarball tarball data for balanced-match@https://registry.npmjs.org/balanced-match/-/balanced-match-4.0.4.tgz (sha512-BLrgEcRTwX2o6gGxGOCNyMvGSp35YofuYzw9h1IMTRmKqttAZZVU67bdb9Pr2vUHA8+j3i2tJfjO6C6+4myGTA==) seems to be corrupted. Trying again.
3833 warn tarball tarball data for balanced-match@https://registry.npmjs.org/balanced-match/-/balanced-match-4.0.4.tgz (sha512-BLrgEcRTwX2o6gGxGOCNyMvGSp35YofuYzw9h1IMTRmKqttAZZVU67bdb9Pr2vUHA8+j3i2tJfjO6C6+4myGTA==) seems to be corrupted. Trying again.
3834 warn tarball tarball data for brace-expansion@https://registry.npmjs.org/brace-expansion/-/brace-expansion-5.0.5.tgz (sha512-VZznLgtwhn+Mact9tfiwx64fA9erHH/MCXEUfB/0bX/6Fz6ny5EGTXYltMocqg4xFAQZtnO3DHWWXi8RiuN7cQ==) seems to be corrupted. Trying again.
3835 warn tarball tarball data for balanced-match@https://registry.npmjs.org/balanced-match/-/balanced-match-4.0.4.tgz (sha512-BLrgEcRTwX2o6gGxGOCNyMvGSp35YofuYzw9h1IMTRmKqttAZZVU67bdb9Pr2vUHA8+j3i2tJfjO6C6+4myGTA==) seems to be corrupted. Trying again.
3836 warn tarball tarball data for brace-expansion@https://registry.npmjs.org/brace-expansion/-/brace-expansion-5.0.5.tgz (sha512-VZznLgtwhn+Mact9tfiwx64fA9erHH/MCXEUfB/0bX/6Fz6ny5EGTXYltMocqg4xFAQZtnO3DHWWXi8RiuN7cQ==) seems to be corrupted. Trying again.
3837 warn tarball tarball data for balanced-match@https://registry.npmjs.org/balanced-match/-/balanced-match-4.0.4.tgz (sha512-BLrgEcRTwX2o6gGxGOCNyMvGSp35YofuYzw9h1IMTRmKqttAZZVU67bdb9Pr2vUHA8+j3i2tJfjO6C6+4myGTA==) seems to be corrupted. Trying again.
3838 warn tarball tarball data for brace-expansion@https://registry.npmjs.org/brace-expansion/-/brace-expansion-5.0.5.tgz (sha512-VZznLgtwhn+Mact9tfiwx64fA9erHH/MCXEUfB/0bX/6Fz6ny5EGTXYltMocqg4xFAQZtnO3DHWWXi8RiuN7cQ==) seems to be corrupted. Trying again.
3839 warn tarball tarball data for balanced-match@https://registry.npmjs.org/balanced-match/-/balanced-match-4.0.4.tgz (sha512-BLrgEcRTwX2o6gGxGOCNyMvGSp35YofuYzw9h1IMTRmKqttAZZVU67bdb9Pr2vUHA8+j3i2tJfjO6C6+4myGTA==) seems to be corrupted. Trying again.
3840 warn tarball tarball data for brace-expansion@https://registry.npmjs.org/brace-expansion/-/brace-expansion-5.0.5.tgz (sha512-VZznLgtwhn+Mact9tfiwx64fA9erHH/MCXEUfB/0bX/6Fz6ny5EGTXYltMocqg4xFAQZtnO3DHWWXi8RiuN7cQ==) seems to be corrupted. Trying again.
3841 warn tarball tarball data for brace-expansion@https://registry.npmjs.org/brace-expansion/-/brace-expansion-5.0.5.tgz (sha512-VZznLgtwhn+Mact9tfiwx64fA9erHH/MCXEUfB/0bX/6Fz6ny5EGTXYltMocqg4xFAQZtnO3DHWWXi8RiuN7cQ==) seems to be corrupted. Trying again.
3842 http fetch GET 200 https://registry.npmjs.org/simple-plist/-/simple-plist-1.3.1.tgz 4509ms (cache miss)
3843 http fetch GET 200 https://registry.npmjs.org/is-fullwidth-code-point/-/is-fullwidth-code-point-3.0.0.tgz 4506ms (cache miss)
3844 http fetch GET 200 https://registry.npmjs.org/imurmurhash/-/imurmurhash-0.1.4.tgz 4562ms (cache miss)
3845 http fetch GET 200 https://registry.npmjs.org/string-width/-/string-width-4.2.3.tgz 4558ms (cache miss)
3846 http fetch GET 200 https://registry.npmjs.org/webidl-conversions/-/webidl-conversions-5.0.0.tgz 4598ms (cache miss)
3847 http fetch GET 200 https://registry.npmjs.org/ieee754/-/ieee754-1.2.1.tgz 4685ms (cache miss)
3848 http fetch GET 200 https://registry.npmjs.org/isexe/-/isexe-2.0.0.tgz 4703ms (cache miss)
3849 http fetch GET 200 https://registry.npmjs.org/punycode/-/punycode-2.3.1.tgz 4790ms (cache miss)
3850 http fetch GET 200 https://registry.npmjs.org/defaults/-/defaults-1.0.4.tgz 4835ms (cache miss)
3851 http fetch GET 200 https://registry.npmjs.org/makeerror/-/makeerror-1.0.12.tgz 4838ms (cache miss)
3852 http fetch GET 200 https://registry.npmjs.org/tmpl/-/tmpl-1.0.5.tgz 4879ms (cache miss)
3853 http fetch GET 200 https://registry.npmjs.org/unicode-property-aliases-ecmascript/-/unicode-property-aliases-ecmascript-2.2.0.tgz 4879ms (cache miss)
3854 http fetch GET 200 https://registry.npmjs.org/clone/-/clone-1.0.4.tgz 4926ms (cache miss)
3855 http fetch GET 200 https://registry.npmjs.org/escalade/-/escalade-3.2.0.tgz 4925ms (cache miss)
3856 http fetch GET 200 https://registry.npmjs.org/thenify/-/thenify-3.3.1.tgz 4938ms (cache miss)
3857 http fetch GET 200 https://registry.npmjs.org/unicode-canonical-property-names-ecmascript/-/unicode-canonical-property-names-ecmascript-2.0.1.tgz 4971ms (cache miss)
3858 http fetch GET 200 https://registry.npmjs.org/@jridgewell/source-map/-/source-map-0.3.11.tgz 5002ms (cache miss)
3859 http fetch GET 200 https://registry.npmjs.org/is-number/-/is-number-7.0.0.tgz 5081ms (cache miss)
3860 http fetch GET 200 https://registry.npmjs.org/supports-hyperlinks/-/supports-hyperlinks-2.3.0.tgz 5145ms (cache miss)
3861 http fetch GET 200 https://registry.npmjs.org/ansi-escapes/-/ansi-escapes-4.3.2.tgz 5175ms (cache miss)
3862 http fetch GET 200 https://registry.npmjs.org/buffer/-/buffer-5.7.1.tgz 5337ms (cache miss)
3863 http fetch GET 200 https://registry.npmjs.org/emoji-regex/-/emoji-regex-8.0.0.tgz 5470ms (cache miss)
3864 http fetch GET 200 https://registry.npmjs.org/chownr/-/chownr-3.0.0.tgz 5486ms (cache miss)
3865 http fetch GET 200 https://registry.npmjs.org/thenify-all/-/thenify-all-1.6.0.tgz 5510ms (cache miss)
3866 http fetch GET 200 https://registry.npmjs.org/has-flag/-/has-flag-4.0.0.tgz 5513ms (cache miss)
3867 http fetch GET 200 https://registry.npmjs.org/@isaacs/fs-minipass/-/fs-minipass-4.0.1.tgz 5529ms (cache miss)
3868 http fetch GET 200 https://registry.npmjs.org/any-promise/-/any-promise-1.3.0.tgz 5704ms (cache miss)
3869 http fetch GET 200 https://registry.npmjs.org/esprima/-/esprima-4.0.1.tgz 5790ms (cache miss)
3870 http fetch GET 200 https://registry.npmjs.org/object-assign/-/object-assign-4.1.1.tgz 5941ms (cache miss)
3871 http fetch GET 200 https://registry.npmjs.org/get-caller-file/-/get-caller-file-2.0.5.tgz 6049ms (cache miss)
3872 http fetch GET 200 https://registry.npmjs.org/require-directory/-/require-directory-2.1.1.tgz 6171ms (cache miss)
3873 http fetch GET 200 https://registry.npmjs.org/shebang-regex/-/shebang-regex-3.0.0.tgz 6156ms (cache miss)
3874 http fetch GET 200 https://registry.npmjs.org/is-arrayish/-/is-arrayish-0.3.4.tgz 6237ms (cache miss)
3875 http fetch GET 200 https://registry.npmjs.org/buffer-from/-/buffer-from-1.1.2.tgz 6242ms (cache miss)
3876 http fetch GET 200 https://registry.npmjs.org/setprototypeof/-/setprototypeof-1.2.0.tgz 6264ms (cache miss)
3877 http fetch GET 200 https://registry.npmjs.org/lines-and-columns/-/lines-and-columns-1.2.4.tgz 6390ms (cache miss)
3878 http fetch GET 200 https://registry.npmjs.org/@babel/highlight/-/highlight-7.25.9.tgz 6515ms (cache miss)
3879 http fetch GET 200 https://registry.npmjs.org/range-parser/-/range-parser-1.2.1.tgz 6456ms (cache miss)
3880 http fetch GET 200 https://registry.npmjs.org/sax/-/sax-1.6.0.tgz 6663ms (cache miss)
3881 http fetch GET 200 https://registry.npmjs.org/cliui/-/cliui-8.0.1.tgz 6690ms (cache miss)
3882 http fetch GET 200 https://registry.npmjs.org/toidentifier/-/toidentifier-1.0.1.tgz 6615ms (cache miss)
3883 http fetch GET 200 https://registry.npmjs.org/fresh/-/fresh-0.5.2.tgz 6625ms (cache miss)
3884 http fetch GET 200 https://registry.npmjs.org/destroy/-/destroy-1.2.0.tgz 6663ms (cache miss)
3885 http fetch GET 200 https://registry.npmjs.org/etag/-/etag-1.8.1.tgz 6711ms (cache miss)
3886 http fetch GET 200 https://registry.npmjs.org/http-errors/-/http-errors-2.0.1.tgz 6716ms (cache miss)
3887 http fetch GET 200 https://registry.npmjs.org/ini/-/ini-1.3.8.tgz 6710ms (cache miss)
3888 http fetch GET 200 https://registry.npmjs.org/signal-exit/-/signal-exit-3.0.7.tgz 6759ms (cache miss)
3889 http fetch GET 200 https://registry.npmjs.org/strip-json-comments/-/strip-json-comments-2.0.1.tgz 6820ms (cache miss)
3890 http fetch GET 200 https://registry.npmjs.org/path-parse/-/path-parse-1.0.7.tgz 6823ms (cache miss)
3891 http fetch GET 200 https://registry.npmjs.org/regjsgen/-/regjsgen-0.8.0.tgz 6808ms (cache miss)
3892 http fetch GET 200 https://registry.npmjs.org/react-freeze/-/react-freeze-1.0.4.tgz 6796ms (cache miss)
3893 http fetch GET 200 https://registry.npmjs.org/normalize-path/-/normalize-path-3.0.0.tgz 6790ms (cache miss)
3894 http fetch GET 200 https://registry.npmjs.org/y18n/-/y18n-5.0.8.tgz 6939ms (cache miss)
3895 http fetch GET 200 https://registry.npmjs.org/unicode-match-property-ecmascript/-/unicode-match-property-ecmascript-2.0.0.tgz 6905ms (cache miss)
3896 http fetch GET 200 https://registry.npmjs.org/rc/-/rc-1.2.8.tgz 6916ms (cache miss)
3897 http fetch GET 200 https://registry.npmjs.org/@types/stack-utils/-/stack-utils-2.0.3.tgz 6896ms (cache miss)
3898 http fetch GET 200 https://registry.npmjs.org/sprintf-js/-/sprintf-js-1.0.3.tgz 7099ms (cache miss)
3899 http fetch GET 200 https://registry.npmjs.org/shell-quote/-/shell-quote-1.8.3.tgz 6961ms (cache miss)
3900 http fetch GET 200 https://registry.npmjs.org/anymatch/-/anymatch-3.1.3.tgz 6991ms (cache miss)
3901 http fetch GET 200 https://registry.npmjs.org/locate-path/-/locate-path-5.0.0.tgz 6981ms (cache miss)
3902 http fetch GET 200 https://registry.npmjs.org/p-locate/-/p-locate-4.1.0.tgz 7062ms (cache miss)
3903 http fetch GET 200 https://registry.npmjs.org/stack-utils/-/stack-utils-2.0.6.tgz 7064ms (cache miss)
3904 http fetch GET 200 https://registry.npmjs.org/@babel/plugin-syntax-top-level-await/-/plugin-syntax-top-level-await-7.14.5.tgz 7052ms (cache miss)
3905 http fetch GET 200 https://registry.npmjs.org/@types/graceful-fs/-/graceful-fs-4.1.9.tgz 7068ms (cache miss)
3906 http fetch GET 200 https://registry.npmjs.org/path-exists/-/path-exists-4.0.0.tgz 7059ms (cache miss)
3907 http fetch GET 200 https://registry.npmjs.org/@sinonjs/commons/-/commons-3.0.1.tgz 7111ms (cache miss)
3908 http fetch GET 200 https://registry.npmjs.org/@babel/plugin-syntax-optional-catch-binding/-/plugin-syntax-optional-catch-binding-7.8.3.tgz 7102ms (cache miss)
3909 http fetch GET 200 https://registry.npmjs.org/unicode-match-property-value-ecmascript/-/unicode-match-property-value-ecmascript-2.2.1.tgz 7242ms (cache miss)
3910 http fetch GET 200 https://registry.npmjs.org/nested-error-stacks/-/nested-error-stacks-2.0.1.tgz 7251ms (cache miss)
3911 http fetch GET 200 https://registry.npmjs.org/@babel/plugin-syntax-logical-assignment-operators/-/plugin-syntax-logical-assignment-operators-7.10.4.tgz 7211ms (cache miss)
3912 http fetch GET 200 https://registry.npmjs.org/@babel/plugin-syntax-numeric-separator/-/plugin-syntax-numeric-separator-7.10.4.tgz 7210ms (cache miss)
3913 http fetch GET 200 https://registry.npmjs.org/@babel/plugin-syntax-private-property-in-object/-/plugin-syntax-private-property-in-object-7.14.5.tgz 7257ms (cache miss)
3914 http fetch GET 200 https://registry.npmjs.org/deep-extend/-/deep-extend-0.6.0.tgz 7315ms (cache miss)
3915 http fetch GET 200 https://registry.npmjs.org/@babel/plugin-syntax-object-rest-spread/-/plugin-syntax-object-rest-spread-7.8.3.tgz 7294ms (cache miss)
3916 http fetch GET 200 https://registry.npmjs.org/@babel/plugin-syntax-class-static-block/-/plugin-syntax-class-static-block-7.14.5.tgz 7267ms (cache miss)
3917 http fetch GET 200 https://registry.npmjs.org/@babel/plugin-syntax-json-strings/-/plugin-syntax-json-strings-7.8.3.tgz 7272ms (cache miss)
3918 http fetch GET 200 https://registry.npmjs.org/babel-preset-current-node-syntax/-/babel-preset-current-node-syntax-1.2.0.tgz 7255ms (cache miss)
3919 http fetch GET 200 https://registry.npmjs.org/depd/-/depd-2.0.0.tgz 7378ms (cache miss)
3920 http fetch GET 200 https://registry.npmjs.org/jest-message-util/-/jest-message-util-29.7.0.tgz 7406ms (cache miss)
3921 http fetch GET 200 https://registry.npmjs.org/@babel/plugin-syntax-class-properties/-/plugin-syntax-class-properties-7.12.13.tgz 7365ms (cache miss)
3922 http fetch GET 200 https://registry.npmjs.org/@babel/plugin-syntax-async-generators/-/plugin-syntax-async-generators-7.8.4.tgz 7356ms (cache miss)
3923 http fetch GET 200 https://registry.npmjs.org/@babel/plugin-syntax-bigint/-/plugin-syntax-bigint-7.8.3.tgz 7447ms (cache miss)
3924 http fetch GET 200 https://registry.npmjs.org/regenerate/-/regenerate-1.4.2.tgz 7594ms (cache miss)
3925 http fetch GET 200 https://registry.npmjs.org/type-detect/-/type-detect-4.0.8.tgz 7582ms (cache miss)
3926 http fetch GET 200 https://registry.npmjs.org/@babel/plugin-syntax-import-meta/-/plugin-syntax-import-meta-7.10.4.tgz 7551ms (cache miss)
3927 http fetch GET 200 https://registry.npmjs.org/mz/-/mz-2.7.0.tgz 7665ms (cache miss)
3928 http fetch GET 200 https://registry.npmjs.org/write-file-atomic/-/write-file-atomic-4.0.2.tgz 7491ms (cache miss)
3929 http fetch GET 200 https://registry.npmjs.org/@types/babel__template/-/babel__template-7.4.4.tgz 7483ms (cache miss)
3930 http fetch GET 200 https://registry.npmjs.org/jest-regex-util/-/jest-regex-util-29.6.3.tgz 7484ms (cache miss)
3931 http fetch GET 200 https://registry.npmjs.org/pirates/-/pirates-4.0.7.tgz 7584ms (cache miss)
3932 http fetch GET 200 https://registry.npmjs.org/@babel/plugin-transform-template-literals/-/plugin-transform-template-literals-7.27.1.tgz 7742ms (cache miss)
3933 http fetch GET 200 https://registry.npmjs.org/@sinonjs/fake-timers/-/fake-timers-10.3.0.tgz 7717ms (cache miss)
3934 http fetch GET 200 https://registry.npmjs.org/find-up/-/find-up-4.1.0.tgz 7650ms (cache miss)
3935 http fetch GET 200 https://registry.npmjs.org/@types/babel__generator/-/babel__generator-7.27.0.tgz 7638ms (cache miss)
3936 http fetch GET 200 https://registry.npmjs.org/babel-plugin-jest-hoist/-/babel-plugin-jest-hoist-29.6.3.tgz 7693ms (cache miss)
3937 http fetch GET 200 https://registry.npmjs.org/babel-preset-jest/-/babel-preset-jest-29.6.3.tgz 7645ms (cache miss)
3938 http fetch GET 200 https://registry.npmjs.org/whatwg-fetch/-/whatwg-fetch-3.6.20.tgz 7640ms (cache miss)
3939 http fetch GET 200 https://registry.npmjs.org/mime/-/mime-1.6.0.tgz 7893ms (cache miss)
3940 http fetch GET 200 https://registry.npmjs.org/ts-interface-checker/-/ts-interface-checker-0.1.13.tgz 7925ms (cache miss)
3941 http fetch GET 200 https://registry.npmjs.org/@jest/fake-timers/-/fake-timers-29.7.0.tgz 7853ms (cache miss)
3942 http fetch GET 200 https://registry.npmjs.org/@types/hammerjs/-/hammerjs-2.0.46.tgz 7918ms (cache miss)
3943 http fetch GET 200 https://registry.npmjs.org/ansi-regex/-/ansi-regex-5.0.1.tgz 7737ms (cache miss)
3944 http fetch GET 200 https://registry.npmjs.org/@istanbuljs/load-nyc-config/-/load-nyc-config-1.1.0.tgz 7873ms (cache miss)
3945 http fetch GET 200 https://registry.npmjs.org/jest-environment-node/-/jest-environment-node-29.7.0.tgz 7802ms (cache miss)
3946 http fetch GET 200 https://registry.npmjs.org/@types/babel__core/-/babel__core-7.20.5.tgz 7834ms (cache miss)
3947 http fetch GET 200 https://registry.npmjs.org/filter-obj/-/filter-obj-1.1.0.tgz 7794ms (cache miss)
3948 http fetch GET 200 https://registry.npmjs.org/strict-uri-encode/-/strict-uri-encode-2.0.0.tgz 7793ms (cache miss)
3949 http fetch GET 200 https://registry.npmjs.org/kleur/-/kleur-3.0.3.tgz 7790ms (cache miss)
3950 http fetch GET 200 https://registry.npmjs.org/@jest/transform/-/transform-29.7.0.tgz 7834ms (cache miss)
3951 http fetch GET 200 https://registry.npmjs.org/hoist-non-react-statics/-/hoist-non-react-statics-3.3.2.tgz 7998ms (cache miss)
3952 http fetch GET 200 https://registry.npmjs.org/is-core-module/-/is-core-module-2.16.1.tgz 8036ms (cache miss)
3953 http fetch GET 200 https://registry.npmjs.org/@jest/environment/-/environment-29.7.0.tgz 7998ms (cache miss)
3954 http fetch GET 200 https://registry.npmjs.org/regenerator-runtime/-/regenerator-runtime-0.13.11.tgz 7886ms (cache miss)
3955 http fetch GET 200 https://registry.npmjs.org/sisteransi/-/sisteransi-1.0.5.tgz 7856ms (cache miss)
3956 http fetch GET 200 https://registry.npmjs.org/split-on-first/-/split-on-first-1.1.0.tgz 7859ms (cache miss)
3957 http fetch GET 200 https://registry.npmjs.org/decode-uri-component/-/decode-uri-component-0.2.2.tgz 7946ms (cache miss)
3958 http fetch GET 200 https://registry.npmjs.org/yocto-queue/-/yocto-queue-0.1.0.tgz 7944ms (cache miss)
3959 http fetch GET 200 https://registry.npmjs.org/asap/-/asap-2.0.6.tgz 8202ms (cache miss)
3960 http fetch GET 200 https://registry.npmjs.org/hasown/-/hasown-2.0.2.tgz 8253ms (cache miss)
3961 http fetch GET 200 https://registry.npmjs.org/strip-ansi/-/strip-ansi-5.2.0.tgz 8006ms (cache miss)
3962 http fetch GET 200 https://registry.npmjs.org/cli-cursor/-/cli-cursor-2.1.0.tgz 8001ms (cache miss)
3963 http fetch GET 200 https://registry.npmjs.org/validate-npm-package-name/-/validate-npm-package-name-5.0.1.tgz 8001ms (cache miss)
3964 http fetch GET 200 https://registry.npmjs.org/log-symbols/-/log-symbols-2.2.0.tgz 8009ms (cache miss)
3965 http fetch GET 200 https://registry.npmjs.org/@istanbuljs/schema/-/schema-0.1.3.tgz 8169ms (cache miss)
3966 http fetch GET 200 https://registry.npmjs.org/balanced-match/-/balanced-match-1.0.2.tgz 8040ms (cache miss)
3967 http fetch GET 200 https://registry.npmjs.org/supports-preserve-symlinks-flag/-/supports-preserve-symlinks-flag-1.0.0.tgz 8443ms (cache miss)
3968 http fetch GET 200 https://registry.npmjs.org/restore-cursor/-/restore-cursor-2.0.0.tgz 8207ms (cache miss)
3969 http fetch GET 200 https://registry.npmjs.org/ee-first/-/ee-first-1.1.1.tgz 8201ms (cache miss)
3970 http fetch GET 200 https://registry.npmjs.org/@babel/plugin-syntax-import-attributes/-/plugin-syntax-import-attributes-7.28.6.tgz 8380ms (cache miss)
3971 http fetch GET 200 https://registry.npmjs.org/proc-log/-/proc-log-4.2.0.tgz 8236ms (cache miss)
3972 http fetch GET 200 https://registry.npmjs.org/fill-range/-/fill-range-7.1.1.tgz 8233ms (cache miss)
3973 http fetch GET 200 https://registry.npmjs.org/to-regex-range/-/to-regex-range-5.0.1.tgz 8251ms (cache miss)
3974 http fetch GET 200 https://registry.npmjs.org/vlq/-/vlq-1.0.1.tgz 8249ms (cache miss)
3975 http fetch GET 200 https://registry.npmjs.org/babel-plugin-istanbul/-/babel-plugin-istanbul-6.1.1.tgz 8327ms (cache miss)
3976 http fetch GET 200 https://registry.npmjs.org/regjsparser/-/regjsparser-0.13.1.tgz 8502ms (cache miss)
3977 http fetch GET 200 https://registry.npmjs.org/yargs-parser/-/yargs-parser-21.1.1.tgz 8620ms (cache miss)
3978 http fetch GET 200 https://registry.npmjs.org/jest-mock/-/jest-mock-29.7.0.tgz 8470ms (cache miss)
3979 http fetch GET 200 https://registry.npmjs.org/anser/-/anser-1.4.10.tgz 8436ms (cache miss)
3980 http fetch GET 200 https://registry.npmjs.org/@types/babel__traverse/-/babel__traverse-7.28.0.tgz 8526ms (cache miss)
3981 http fetch GET 200 https://registry.npmjs.org/test-exclude/-/test-exclude-6.0.0.tgz 8542ms (cache miss)
3982 http fetch GET 200 https://registry.npmjs.org/bser/-/bser-2.1.1.tgz 8474ms (cache miss)
3983 http fetch GET 200 https://registry.npmjs.org/brace-expansion/-/brace-expansion-2.0.3.tgz 8509ms (cache miss)
3984 http fetch GET 200 https://registry.npmjs.org/fb-watchman/-/fb-watchman-2.0.2.tgz 8528ms (cache miss)
3985 http fetch GET 200 https://registry.npmjs.org/@jest/create-cache-key-function/-/create-cache-key-function-29.7.0.tgz 8582ms (cache miss)
3986 http fetch GET 200 https://registry.npmjs.org/leven/-/leven-3.1.0.tgz 8533ms (cache miss)
3987 http fetch GET 200 https://registry.npmjs.org/walker/-/walker-1.0.8.tgz 8549ms (cache miss)
3988 http fetch GET 200 https://registry.npmjs.org/jest-get-type/-/jest-get-type-29.6.3.tgz 8651ms (cache miss)
3989 http fetch GET 200 https://registry.npmjs.org/micromatch/-/micromatch-4.0.8.tgz 8735ms (cache miss)
3990 http fetch GET 200 https://registry.npmjs.org/get-package-type/-/get-package-type-0.1.0.tgz 8893ms (cache miss)
3991 http fetch GET 200 https://registry.npmjs.org/cli-spinners/-/cli-spinners-2.9.2.tgz 8769ms (cache miss)
3992 http fetch GET 200 https://registry.npmjs.org/camelcase/-/camelcase-6.3.0.tgz 8749ms (cache miss)
3993 http fetch GET 200 https://registry.npmjs.org/acorn/-/acorn-8.16.0.tgz 9157ms (cache miss)
3994 http fetch GET 200 https://registry.npmjs.org/@types/istanbul-lib-report/-/istanbul-lib-report-3.0.3.tgz 8825ms (cache miss)
3995 http fetch GET 200 https://registry.npmjs.org/babel-jest/-/babel-jest-29.7.0.tgz 8974ms (cache miss)
3996 http fetch GET 200 https://registry.npmjs.org/@jest/schemas/-/schemas-29.6.3.tgz 8908ms (cache miss)
3997 http fetch GET 200 https://registry.npmjs.org/exponential-backoff/-/exponential-backoff-3.1.3.tgz 8927ms (cache miss)
3998 http fetch GET 200 https://registry.npmjs.org/@types/istanbul-reports/-/istanbul-reports-3.0.4.tgz 8909ms (cache miss)
3999 http fetch GET 200 https://registry.npmjs.org/@types/istanbul-lib-coverage/-/istanbul-lib-coverage-2.0.6.tgz 8939ms (cache miss)
4000 http fetch GET 200 https://registry.npmjs.org/node-int64/-/node-int64-0.4.0.tgz 8974ms (cache miss)
4001 http fetch GET 200 https://registry.npmjs.org/function-bind/-/function-bind-1.1.2.tgz 9250ms (cache miss)
4002 http fetch GET 200 https://registry.npmjs.org/type-fest/-/type-fest-0.7.1.tgz 9281ms (cache miss)
4003 http fetch GET 200 https://registry.npmjs.org/istanbul-lib-coverage/-/istanbul-lib-coverage-3.2.2.tgz 9198ms (cache miss)
4004 http fetch GET 200 https://registry.npmjs.org/merge-stream/-/merge-stream-2.0.0.tgz 8954ms (cache miss)
4005 http fetch GET 200 https://registry.npmjs.org/throat/-/throat-5.0.0.tgz 9022ms (cache miss)
4006 http fetch GET 200 https://registry.npmjs.org/stackframe/-/stackframe-1.3.4.tgz 9033ms (cache miss)
4007 http fetch GET 200 https://registry.npmjs.org/hosted-git-info/-/hosted-git-info-7.0.2.tgz 9101ms (cache miss)
4008 http fetch GET 200 https://registry.npmjs.org/error-stack-parser/-/error-stack-parser-2.1.4.tgz 9052ms (cache miss)
4009 http fetch GET 200 https://registry.npmjs.org/@types/yargs-parser/-/yargs-parser-21.0.3.tgz 9095ms (cache miss)
4010 http fetch GET 200 https://registry.npmjs.org/lodash.throttle/-/lodash.throttle-4.1.1.tgz 9127ms (cache miss)
4011 http fetch GET 200 https://registry.npmjs.org/serialize-error/-/serialize-error-2.1.0.tgz 9132ms (cache miss)
4012 http fetch GET 200 https://registry.npmjs.org/is-docker/-/is-docker-2.2.1.tgz 9125ms (cache miss)
4013 http fetch GET 200 https://registry.npmjs.org/path-is-absolute/-/path-is-absolute-1.0.1.tgz 9120ms (cache miss)
4014 http fetch GET 200 https://registry.npmjs.org/loose-envify/-/loose-envify-1.4.0.tgz 9124ms (cache miss)
4015 http fetch GET 200 https://registry.npmjs.org/inflight/-/inflight-1.0.6.tgz 9115ms (cache miss)
4016 http fetch GET 200 https://registry.npmjs.org/marky/-/marky-1.3.0.tgz 9133ms (cache miss)
4017 http fetch GET 200 https://registry.npmjs.org/once/-/once-1.4.0.tgz 9128ms (cache miss)
4018 http fetch GET 200 https://registry.npmjs.org/wrappy/-/wrappy-1.0.2.tgz 9130ms (cache miss)
4019 http fetch GET 200 https://registry.npmjs.org/wcwidth/-/wcwidth-1.0.1.tgz 9275ms (cache miss)
4020 http fetch GET 200 https://registry.npmjs.org/inherits/-/inherits-2.0.4.tgz 9220ms (cache miss)
4021 http fetch GET 200 https://registry.npmjs.org/queue/-/queue-6.0.2.tgz 9299ms (cache miss)
4022 http fetch GET 200 https://registry.npmjs.org/minipass/-/minipass-7.1.3.tgz 9811ms (cache miss)
4023 warn deprecated inflight@1.0.6: This module is not supported, and leaks memory. Do not use it. Check out lru-cache if you want a good and tested way to coalesce async requests by a key value, which is much more comprehensive and powerful.
4024 http fetch GET 200 https://registry.npmjs.org/unpipe/-/unpipe-1.0.0.tgz 9517ms (cache miss)
4025 http fetch GET 200 https://registry.npmjs.org/react-native-is-edge-to-edge/-/react-native-is-edge-to-edge-1.3.1.tgz 9510ms (cache miss)
4026 http fetch GET 200 https://registry.npmjs.org/escape-html/-/escape-html-1.0.3.tgz 9512ms (cache miss)
4027 http fetch GET 200 https://registry.npmjs.org/encodeurl/-/encodeurl-1.0.2.tgz 9515ms (cache miss)
4028 http fetch GET 200 https://registry.npmjs.org/shebang-command/-/shebang-command-2.0.0.tgz 9506ms (cache miss)
4029 http fetch GET 200 https://registry.npmjs.org/on-finished/-/on-finished-2.3.0.tgz 9532ms (cache miss)
4030 http fetch GET 200 https://registry.npmjs.org/utils-merge/-/utils-merge-1.0.1.tgz 9551ms (cache miss)
4031 http fetch GET 200 https://registry.npmjs.org/path-key/-/path-key-3.1.1.tgz 9554ms (cache miss)
4032 http fetch GET 200 https://registry.npmjs.org/parseurl/-/parseurl-1.3.3.tgz 9559ms (cache miss)
4033 http fetch GET 200 https://registry.npmjs.org/vary/-/vary-1.1.2.tgz 9553ms (cache miss)
4034 http fetch GET 200 https://registry.npmjs.org/plist/-/plist-3.1.0.tgz 10077ms (cache miss)
4035 http fetch GET 200 https://registry.npmjs.org/fs.realpath/-/fs.realpath-1.0.0.tgz 9684ms (cache miss)
4036 http fetch GET 200 https://registry.npmjs.org/yallist/-/yallist-3.1.1.tgz 9711ms (cache miss)
4037 http fetch GET 200 https://registry.npmjs.org/compressible/-/compressible-2.0.18.tgz 9662ms (cache miss)
4038 http fetch GET 200 https://registry.npmjs.org/on-headers/-/on-headers-1.1.0.tgz 9680ms (cache miss)
4039 http fetch GET 200 https://registry.npmjs.org/mkdirp/-/mkdirp-1.0.4.tgz 9979ms (cache miss)
4040 http fetch GET 200 https://registry.npmjs.org/lighthouse-logger/-/lighthouse-logger-1.4.2.tgz 10036ms (cache miss)
4041 http fetch GET 200 https://registry.npmjs.org/is-wsl/-/is-wsl-2.2.0.tgz 10035ms (cache miss)
4042 http fetch GET 200 https://registry.npmjs.org/finalhandler/-/finalhandler-1.1.2.tgz 10111ms (cache miss)
4043 http fetch GET 200 https://registry.npmjs.org/supports-color/-/supports-color-7.2.0.tgz 10081ms (cache miss)
4044 http fetch GET 200 https://registry.npmjs.org/serve-static/-/serve-static-1.16.3.tgz 10076ms (cache miss)
4045 http fetch GET 200 https://registry.npmjs.org/safe-buffer/-/safe-buffer-5.2.1.tgz 10116ms (cache miss)
4046 http fetch GET 200 https://registry.npmjs.org/bytes/-/bytes-3.1.2.tgz 10282ms (cache miss)
4047 http fetch GET 200 https://registry.npmjs.org/statuses/-/statuses-1.5.0.tgz 10365ms (cache miss)
4048 http fetch GET 200 https://registry.npmjs.org/which/-/which-2.0.2.tgz 10357ms (cache miss)
4049 http fetch GET 200 https://registry.npmjs.org/open/-/open-7.4.2.tgz 10332ms (cache miss)
4050 http fetch GET 200 https://registry.npmjs.org/graceful-fs/-/graceful-fs-4.2.11.tgz 10428ms (cache miss)
4051 http fetch GET 200 https://registry.npmjs.org/istanbul-lib-instrument/-/istanbul-lib-instrument-5.2.1.tgz 10649ms (cache miss)
4052 http fetch GET 200 https://registry.npmjs.org/ansi-styles/-/ansi-styles-4.3.0.tgz 10383ms (cache miss)
4053 http fetch GET 200 https://registry.npmjs.org/rimraf/-/rimraf-3.0.2.tgz 10403ms (cache miss)
4054 http fetch GET 200 https://registry.npmjs.org/flow-enums-runtime/-/flow-enums-runtime-0.0.6.tgz 10481ms (cache miss)
4055 http fetch GET 200 https://registry.npmjs.org/mime-types/-/mime-types-2.1.35.tgz 10441ms (cache miss)
4056 http fetch GET 200 https://registry.npmjs.org/jsc-safe-url/-/jsc-safe-url-0.2.4.tgz 10438ms (cache miss)
4057 http fetch GET 200 https://registry.npmjs.org/parse-png/-/parse-png-2.1.0.tgz 10466ms (cache miss)
4058 warn deprecated rimraf@3.0.2: Rimraf versions prior to v4 are no longer supported
4059 http fetch GET 200 https://registry.npmjs.org/memoize-one/-/memoize-one-5.2.1.tgz 10709ms (cache miss)
4060 http fetch GET 200 https://registry.npmjs.org/slash/-/slash-3.0.0.tgz 10495ms (cache miss)
4061 http fetch GET 200 https://registry.npmjs.org/deepmerge/-/deepmerge-4.3.1.tgz 10493ms (cache miss)
4062 http fetch GET 200 https://registry.npmjs.org/@isaacs/ttlcache/-/ttlcache-1.4.1.tgz 10538ms (cache miss)
4063 http fetch GET 200 https://registry.npmjs.org/terminal-link/-/terminal-link-2.1.1.tgz 10490ms (cache miss)
4064 http fetch GET 200 https://registry.npmjs.org/p-limit/-/p-limit-3.1.0.tgz 10573ms (cache miss)
4065 http fetch GET 200 https://registry.npmjs.org/wrap-ansi/-/wrap-ansi-7.0.0.tgz 10623ms (cache miss)
4066 http fetch GET 200 https://registry.npmjs.org/@types/yargs/-/yargs-17.0.35.tgz 10800ms (cache miss)
4067 http fetch GET 200 https://registry.npmjs.org/minizlib/-/minizlib-3.1.0.tgz 11147ms (cache miss)
4068 http fetch GET 200 https://registry.npmjs.org/stacktrace-parser/-/stacktrace-parser-0.1.11.tgz 10662ms (cache miss)
4069 http fetch GET 200 https://registry.npmjs.org/slugify/-/slugify-1.6.9.tgz 10696ms (cache miss)
4070 http fetch GET 200 https://registry.npmjs.org/resolve.exports/-/resolve.exports-2.0.3.tgz 10696ms (cache miss)
4071 http fetch GET 200 https://registry.npmjs.org/base64-js/-/base64-js-1.5.1.tgz 10749ms (cache miss)
4072 http fetch GET 200 https://registry.npmjs.org/require-from-string/-/require-from-string-2.0.2.tgz 10700ms (cache miss)
4073 http fetch GET 200 https://registry.npmjs.org/xml2js/-/xml2js-0.6.0.tgz 10725ms (cache miss)
4074 http fetch GET 200 https://registry.npmjs.org/progress/-/progress-2.0.3.tgz 10701ms (cache miss)
4075 http fetch GET 200 https://registry.npmjs.org/braces/-/braces-3.0.3.tgz 10930ms (cache miss)
4076 http fetch GET 200 https://registry.npmjs.org/pretty-bytes/-/pretty-bytes-5.6.0.tgz 10707ms (cache miss)
4077 http fetch GET 200 https://registry.npmjs.org/npm-package-arg/-/npm-package-arg-11.0.3.tgz 10723ms (cache miss)
4078 http fetch GET 200 https://registry.npmjs.org/@expo/sdk-runtime-versions/-/sdk-runtime-versions-1.0.0.tgz 10761ms (cache miss)
4079 http fetch GET 200 https://registry.npmjs.org/ora/-/ora-3.4.0.tgz 10732ms (cache miss)
4080 http fetch GET 200 https://registry.npmjs.org/argparse/-/argparse-2.0.1.tgz 10946ms (cache miss)
4081 http fetch GET 200 https://registry.npmjs.org/@jest/types/-/types-29.6.3.tgz 10985ms (cache miss)
4082 http fetch GET 200 https://registry.npmjs.org/ignore/-/ignore-5.3.2.tgz 11006ms (cache miss)
4083 http fetch GET 200 https://registry.npmjs.org/fontfaceobserver/-/fontfaceobserver-2.3.0.tgz 11588ms (cache miss)
4084 http fetch GET 200 https://registry.npmjs.org/freeport-async/-/freeport-async-2.0.0.tgz 11447ms (cache miss)
4085 http fetch GET 200 https://registry.npmjs.org/resolve-workspace-root/-/resolve-workspace-root-2.0.1.tgz 11558ms (cache miss)
4086 http fetch GET 200 https://registry.npmjs.org/env-editor/-/env-editor-0.4.2.tgz 11561ms (cache miss)
4087 http fetch GET 200 https://registry.npmjs.org/compression/-/compression-1.8.1.tgz 11568ms (cache miss)
4088 http fetch GET 200 https://registry.npmjs.org/event-target-shim/-/event-target-shim-5.0.1.tgz 11881ms (cache miss)
4089 http fetch GET 200 https://registry.npmjs.org/ci-info/-/ci-info-3.9.0.tgz 11574ms (cache miss)
4090 http fetch GET 200 https://registry.npmjs.org/commander/-/commander-7.2.0.tgz 11750ms (cache miss)
4091 http fetch GET 200 https://registry.npmjs.org/negotiator/-/negotiator-0.6.3.tgz 11719ms (cache miss)
4092 http fetch GET 200 https://registry.npmjs.org/send/-/send-0.19.2.tgz 11674ms (cache miss)
4093 http fetch GET 200 https://registry.npmjs.org/getenv/-/getenv-2.0.0.tgz 11683ms (cache miss)
4094 http fetch GET 200 https://registry.npmjs.org/mime-db/-/mime-db-1.54.0.tgz 11858ms (cache miss)
4095 http fetch GET 200 https://registry.npmjs.org/cross-spawn/-/cross-spawn-7.0.6.tgz 11827ms (cache miss)
4096 http fetch GET 200 https://registry.npmjs.org/bplist-parser/-/bplist-parser-0.3.2.tgz 11773ms (cache miss)
4097 http fetch GET 200 https://registry.npmjs.org/fast-json-stable-stringify/-/fast-json-stable-stringify-2.1.0.tgz 12123ms (cache miss)
4098 http fetch GET 200 https://registry.npmjs.org/big-integer/-/big-integer-1.6.52.tgz 11964ms (cache miss)
4099 http fetch GET 200 https://registry.npmjs.org/@expo/sudo-prompt/-/sudo-prompt-9.3.2.tgz 12111ms (cache miss)
4100 http fetch GET 200 https://registry.npmjs.org/abort-controller/-/abort-controller-3.0.0.tgz 12508ms (cache miss)
4101 http fetch GET 200 https://registry.npmjs.org/dotenv-expand/-/dotenv-expand-11.0.7.tgz 12276ms (cache miss)
4102 http fetch GET 200 https://registry.npmjs.org/source-map-support/-/source-map-support-0.5.21.tgz 12297ms (cache miss)
4103 http fetch GET 200 https://registry.npmjs.org/arg/-/arg-5.0.2.tgz 12456ms (cache miss)
4104 http fetch GET 200 https://registry.npmjs.org/accepts/-/accepts-1.3.8.tgz 12455ms (cache miss)
4105 http fetch GET 200 https://registry.npmjs.org/pretty-format/-/pretty-format-29.7.0.tgz 12529ms (cache miss)
4106 http fetch GET 200 https://registry.npmjs.org/ms/-/ms-2.1.3.tgz 12525ms (cache miss)
4107 http fetch GET 200 https://registry.npmjs.org/simple-swizzle/-/simple-swizzle-0.2.4.tgz 12525ms (cache miss)
4108 http fetch GET 200 https://registry.npmjs.org/color-name/-/color-name-1.1.4.tgz 12525ms (cache miss)
4109 http fetch GET 200 https://registry.npmjs.org/@expo/spawn-async/-/spawn-async-1.7.2.tgz 12548ms (cache miss)
4110 http fetch GET 200 https://registry.npmjs.org/node-releases/-/node-releases-2.0.37.tgz 12524ms (cache miss)
4111 http fetch GET 200 https://registry.npmjs.org/@urql/exchange-retry/-/exchange-retry-1.3.2.tgz 12560ms (cache miss)
4112 http fetch GET 200 https://registry.npmjs.org/@expo/osascript/-/osascript-2.4.2.tgz 12551ms (cache miss)
4113 http fetch GET 200 https://registry.npmjs.org/jest-validate/-/jest-validate-29.7.0.tgz 12832ms (cache miss)
4114 http fetch GET 200 https://registry.npmjs.org/color-convert/-/color-convert-2.0.1.tgz 12764ms (cache miss)
4115 http fetch GET 200 https://registry.npmjs.org/color-string/-/color-string-1.9.1.tgz 12807ms (cache miss)
4116 http fetch GET 200 https://registry.npmjs.org/lodash.debounce/-/lodash.debounce-4.0.8.tgz 12875ms (cache miss)
4117 http fetch GET 200 https://registry.npmjs.org/update-browserslist-db/-/update-browserslist-db-1.2.3.tgz 12930ms (cache miss)
4118 http fetch GET 200 https://registry.npmjs.org/connect/-/connect-3.7.0.tgz 13129ms (cache miss)
4119 http fetch GET 200 https://registry.npmjs.org/@expo/code-signing-certificates/-/code-signing-certificates-0.0.6.tgz 13115ms (cache miss)
4120 http fetch GET 200 https://registry.npmjs.org/minimist/-/minimist-1.2.8.tgz 13662ms (cache miss)
4121 http fetch GET 200 https://registry.npmjs.org/invariant/-/invariant-2.2.4.tgz 13114ms (cache miss)
4122 http fetch GET 200 https://registry.npmjs.org/nullthrows/-/nullthrows-1.1.1.tgz 13115ms (cache miss)
4123 http fetch GET 200 https://registry.npmjs.org/chalk/-/chalk-4.1.2.tgz 13165ms (cache miss)
4124 http fetch GET 200 https://registry.npmjs.org/glob/-/glob-7.2.3.tgz 13293ms (cache miss)
4125 http fetch GET 200 https://registry.npmjs.org/@babel/helper-create-regexp-features-plugin/-/helper-create-regexp-features-plugin-7.28.5.tgz 13294ms (cache miss)
4126 http fetch GET 200 https://registry.npmjs.org/jimp-compact/-/jimp-compact-0.16.1.tgz 13408ms (cache miss)
4127 http fetch GET 200 https://registry.npmjs.org/react-refresh/-/react-refresh-0.14.2.tgz 13414ms (cache miss)
4128 http fetch GET 200 https://registry.npmjs.org/@babel/helper-wrap-function/-/helper-wrap-function-7.28.6.tgz 13418ms (cache miss)
4129 http fetch GET 200 https://registry.npmjs.org/picomatch/-/picomatch-3.0.2.tgz 13882ms (cache miss)
4130 http fetch GET 200 https://registry.npmjs.org/@babel/plugin-transform-sticky-regex/-/plugin-transform-sticky-regex-7.27.1.tgz 13829ms (cache miss)
4131 http fetch GET 200 https://registry.npmjs.org/@babel/helper-remap-async-to-generator/-/helper-remap-async-to-generator-7.27.1.tgz 13831ms (cache miss)
4132 http fetch GET 200 https://registry.npmjs.org/@babel/plugin-transform-unicode-regex/-/plugin-transform-unicode-regex-7.27.1.tgz 13833ms (cache miss)
4133 http fetch GET 200 https://registry.npmjs.org/@babel/plugin-transform-spread/-/plugin-transform-spread-7.28.6.tgz 13829ms (cache miss)
4134 http fetch GET 200 https://registry.npmjs.org/@babel/plugin-transform-shorthand-properties/-/plugin-transform-shorthand-properties-7.27.1.tgz 13922ms (cache miss)
4135 http fetch GET 200 https://registry.npmjs.org/dotenv/-/dotenv-16.4.7.tgz 14143ms (cache miss)
4136 http fetch GET 200 https://registry.npmjs.org/@babel/plugin-transform-logical-assignment-operators/-/plugin-transform-logical-assignment-operators-7.28.6.tgz 14031ms (cache miss)
4137 http fetch GET 200 https://registry.npmjs.org/@babel/plugin-transform-numeric-separator/-/plugin-transform-numeric-separator-7.28.6.tgz 14038ms (cache miss)
4138 http fetch GET 200 https://registry.npmjs.org/@babel/plugin-transform-react-jsx-self/-/plugin-transform-react-jsx-self-7.27.1.tgz 14051ms (cache miss)
4139 http fetch GET 200 https://registry.npmjs.org/@babel/plugin-transform-named-capturing-groups-regex/-/plugin-transform-named-capturing-groups-regex-7.29.0.tgz 14049ms (cache miss)
4140 http fetch GET 200 https://registry.npmjs.org/@babel/plugin-transform-function-name/-/plugin-transform-function-name-7.27.1.tgz 14049ms (cache miss)
4141 http fetch GET 200 https://registry.npmjs.org/@babel/plugin-transform-for-of/-/plugin-transform-for-of-7.27.1.tgz 14085ms (cache miss)
4142 http fetch GET 200 https://registry.npmjs.org/@babel/plugin-syntax-optional-chaining/-/plugin-syntax-optional-chaining-7.8.3.tgz 14082ms (cache miss)
4143 http fetch GET 200 https://registry.npmjs.org/@babel/plugin-transform-optional-chaining/-/plugin-transform-optional-chaining-7.28.6.tgz 14112ms (cache miss)
4144 http fetch GET 200 https://registry.npmjs.org/@babel/plugin-transform-async-to-generator/-/plugin-transform-async-to-generator-7.28.6.tgz 14085ms (cache miss)
4145 http fetch GET 200 https://registry.npmjs.org/@babel/plugin-transform-arrow-functions/-/plugin-transform-arrow-functions-7.27.1.tgz 14094ms (cache miss)
4146 http fetch GET 200 https://registry.npmjs.org/@babel/plugin-transform-nullish-coalescing-operator/-/plugin-transform-nullish-coalescing-operator-7.28.6.tgz 14119ms (cache miss)
4147 http fetch GET 200 https://registry.npmjs.org/@babel/plugin-syntax-dynamic-import/-/plugin-syntax-dynamic-import-7.8.3.tgz 14096ms (cache miss)
4148 http fetch GET 200 https://registry.npmjs.org/@babel/plugin-syntax-nullish-coalescing-operator/-/plugin-syntax-nullish-coalescing-operator-7.8.3.tgz 14095ms (cache miss)
4149 http fetch GET 200 https://registry.npmjs.org/@babel/plugin-transform-react-pure-annotations/-/plugin-transform-react-pure-annotations-7.27.1.tgz 14113ms (cache miss)
4150 http fetch GET 200 https://registry.npmjs.org/@babel/plugin-transform-react-jsx-development/-/plugin-transform-react-jsx-development-7.27.1.tgz 14115ms (cache miss)
4151 http fetch GET 200 https://registry.npmjs.org/@babel/plugin-transform-literals/-/plugin-transform-literals-7.27.1.tgz 14154ms (cache miss)
4152 http fetch GET 200 https://registry.npmjs.org/@babel/plugin-transform-react-display-name/-/plugin-transform-react-display-name-7.28.0.tgz 14140ms (cache miss)
4153 http fetch GET 200 https://registry.npmjs.org/@babel/plugin-transform-optional-catch-binding/-/plugin-transform-optional-catch-binding-7.28.6.tgz 14159ms (cache miss)
4154 http fetch GET 200 https://registry.npmjs.org/babel-plugin-polyfill-regenerator/-/babel-plugin-polyfill-regenerator-0.6.8.tgz 14142ms (cache miss)
4155 http fetch GET 200 https://registry.npmjs.org/@babel/plugin-transform-react-jsx-source/-/plugin-transform-react-jsx-source-7.27.1.tgz 14204ms (cache miss)
4156 http fetch GET 200 https://registry.npmjs.org/@babel/plugin-syntax-flow/-/plugin-syntax-flow-7.28.6.tgz 14177ms (cache miss)
4157 http fetch GET 200 https://registry.npmjs.org/@babel/helper-optimise-call-expression/-/helper-optimise-call-expression-7.27.1.tgz 14189ms (cache miss)
4158 http fetch GET 200 https://registry.npmjs.org/@babel/helper-annotate-as-pure/-/helper-annotate-as-pure-7.27.3.tgz 14197ms (cache miss)
4159 http fetch GET 200 https://registry.npmjs.org/@babel/plugin-transform-computed-properties/-/plugin-transform-computed-properties-7.28.6.tgz 14325ms (cache miss)
4160 http fetch GET 200 https://registry.npmjs.org/@babel/plugin-transform-class-properties/-/plugin-transform-class-properties-7.28.6.tgz 14370ms (cache miss)
4161 http fetch GET 200 https://registry.npmjs.org/@babel/plugin-syntax-decorators/-/plugin-syntax-decorators-7.28.6.tgz 14338ms (cache miss)
4162 http fetch GET 200 https://registry.npmjs.org/resolve-from/-/resolve-from-5.0.0.tgz 14369ms (cache miss)
4163 http fetch GET 200 https://registry.npmjs.org/babel-plugin-transform-flow-enums/-/babel-plugin-transform-flow-enums-0.0.2.tgz 14371ms (cache miss)
4164 http fetch GET 200 https://registry.npmjs.org/@babel/preset-react/-/preset-react-7.28.5.tgz 14397ms (cache miss)
4165 http fetch GET 200 https://registry.npmjs.org/@babel/plugin-transform-runtime/-/plugin-transform-runtime-7.29.0.tgz 14400ms (cache miss)
4166 http fetch GET 200 https://registry.npmjs.org/@babel/plugin-transform-private-property-in-object/-/plugin-transform-private-property-in-object-7.28.6.tgz 14399ms (cache miss)
4167 http fetch GET 200 https://registry.npmjs.org/@babel/plugin-syntax-jsx/-/plugin-syntax-jsx-7.28.6.tgz 14434ms (cache miss)
4168 http fetch GET 200 https://registry.npmjs.org/@babel/plugin-transform-flow-strip-types/-/plugin-transform-flow-strip-types-7.27.1.tgz 14412ms (cache miss)
4169 http fetch GET 200 https://registry.npmjs.org/@babel/helper-skip-transparent-expression-wrappers/-/helper-skip-transparent-expression-wrappers-7.27.1.tgz 14464ms (cache miss)
4170 http fetch GET 200 https://registry.npmjs.org/source-map-js/-/source-map-js-1.2.1.tgz 15058ms (cache miss)
4171 http fetch GET 200 https://registry.npmjs.org/@babel/helper-replace-supers/-/helper-replace-supers-7.28.6.tgz 14686ms (cache miss)
4172 http fetch GET 200 https://registry.npmjs.org/@babel/plugin-proposal-decorators/-/plugin-proposal-decorators-7.29.0.tgz 14671ms (cache miss)
4173 http fetch GET 200 https://registry.npmjs.org/requireg/-/requireg-0.2.2.tgz 14843ms (cache miss)
4174 http fetch GET 200 https://registry.npmjs.org/@babel/plugin-transform-class-static-block/-/plugin-transform-class-static-block-7.28.6.tgz 14676ms (cache miss)
4175 http fetch GET 200 https://registry.npmjs.org/use-latest-callback/-/use-latest-callback-0.2.6.tgz 14672ms (cache miss)
4176 http fetch GET 200 https://registry.npmjs.org/@babel/plugin-syntax-export-default-from/-/plugin-syntax-export-default-from-7.28.6.tgz 14697ms (cache miss)
4177 http fetch GET 200 https://registry.npmjs.org/@babel/preset-typescript/-/preset-typescript-7.28.5.tgz 14806ms (cache miss)
4178 http fetch GET 200 https://registry.npmjs.org/nanoid/-/nanoid-3.3.11.tgz 14871ms (cache miss)
4179 http fetch GET 200 https://registry.npmjs.org/fast-deep-equal/-/fast-deep-equal-3.1.3.tgz 14897ms (cache miss)
4180 http fetch GET 200 https://registry.npmjs.org/query-string/-/query-string-7.1.3.tgz 14901ms (cache miss)
4181 http fetch GET 200 https://registry.npmjs.org/@babel/plugin-transform-private-methods/-/plugin-transform-private-methods-7.28.6.tgz 14927ms (cache miss)
4182 http fetch GET 200 https://registry.npmjs.org/escape-string-regexp/-/escape-string-regexp-4.0.0.tgz 14899ms (cache miss)
4183 http fetch GET 200 https://registry.npmjs.org/warn-once/-/warn-once-0.1.1.tgz 14903ms (cache miss)
4184 http fetch GET 200 https://registry.npmjs.org/@babel/plugin-transform-export-namespace-from/-/plugin-transform-export-namespace-from-7.27.1.tgz 15225ms (cache miss)
4185 http fetch GET 200 https://registry.npmjs.org/@babel/helper-plugin-utils/-/helper-plugin-utils-7.28.6.tgz 15271ms (cache miss)
4186 http fetch GET 200 https://registry.npmjs.org/color/-/color-4.2.3.tgz 15456ms (cache miss)
4187 http fetch GET 200 https://registry.npmjs.org/@babel/plugin-proposal-export-default-from/-/plugin-proposal-export-default-from-7.27.1.tgz 15523ms (cache miss)
4188 warn deprecated glob@7.2.3: Old versions of glob are not supported, and contain widely publicized security vulnerabilities, which have been fixed in the current version. Please update. Support for old versions may be purchased (at exorbitant rates) by contacting i@izs.me
4189 http fetch GET 200 https://registry.npmjs.org/@babel/helper-member-expression-to-functions/-/helper-member-expression-to-functions-7.28.5.tgz 15603ms (cache miss)
4190 http fetch GET 200 https://registry.npmjs.org/@babel/plugin-syntax-typescript/-/plugin-syntax-typescript-7.28.6.tgz 15637ms (cache miss)
4191 http fetch GET 200 https://registry.npmjs.org/lru-cache/-/lru-cache-5.1.1.tgz 15564ms (cache miss)
4192 http fetch GET 200 https://registry.npmjs.org/@jridgewell/resolve-uri/-/resolve-uri-3.1.2.tgz 15568ms (cache miss)
4193 http fetch GET 200 https://registry.npmjs.org/@babel/helper-globals/-/helper-globals-7.28.0.tgz 15604ms (cache miss)
4194 http fetch GET 200 https://registry.npmjs.org/@babel/helper-validator-option/-/helper-validator-option-7.27.1.tgz 15630ms (cache miss)
4195 http fetch GET 200 https://registry.npmjs.org/picocolors/-/picocolors-1.1.1.tgz 15763ms (cache miss)
4196 http fetch GET 200 https://registry.npmjs.org/@babel/plugin-transform-destructuring/-/plugin-transform-destructuring-7.28.5.tgz 15920ms (cache miss)
4197 http fetch GET 200 https://registry.npmjs.org/@0no-co/graphql.web/-/graphql.web-1.2.0.tgz 16018ms (cache miss)
4198 http fetch GET 200 https://registry.npmjs.org/@babel/helper-module-imports/-/helper-module-imports-7.28.6.tgz 15860ms (cache miss)
4199 http fetch GET 200 https://registry.npmjs.org/gensync/-/gensync-1.0.0-beta.2.tgz 15838ms (cache miss)
4200 http fetch GET 200 https://registry.npmjs.org/convert-source-map/-/convert-source-map-2.0.0.tgz 15829ms (cache miss)
4201 http fetch GET 200 https://registry.npmjs.org/@jridgewell/remapping/-/remapping-2.3.5.tgz 15851ms (cache miss)
4202 http fetch GET 200 https://registry.npmjs.org/jest-worker/-/jest-worker-29.7.0.tgz 16321ms (cache miss)
4203 http fetch GET 200 https://registry.npmjs.org/@babel/plugin-transform-async-generator-functions/-/plugin-transform-async-generator-functions-7.29.0.tgz 16095ms (cache miss)
4204 http fetch GET 200 https://registry.npmjs.org/@babel/plugin-transform-object-rest-spread/-/plugin-transform-object-rest-spread-7.28.6.tgz 16247ms (cache miss)
4205 http fetch GET 200 https://registry.npmjs.org/js-tokens/-/js-tokens-4.0.0.tgz 16225ms (cache miss)
4206 http fetch GET 200 https://registry.npmjs.org/@babel/helper-string-parser/-/helper-string-parser-7.27.1.tgz 16852ms (cache miss)
4207 http fetch GET 200 https://registry.npmjs.org/better-opn/-/better-opn-3.0.2.tgz 17110ms (cache miss)
4208 http fetch GET 200 https://registry.npmjs.org/@babel/code-frame/-/code-frame-7.29.0.tgz 17008ms (cache miss)
4209 http fetch GET 200 https://registry.npmjs.org/@xmldom/xmldom/-/xmldom-0.8.12.tgz 17401ms (cache miss)
4210 http fetch GET 200 https://registry.npmjs.org/xcode/-/xcode-3.0.1.tgz 17464ms (cache miss)
4211 http fetch GET 200 https://registry.npmjs.org/@babel/helper-compilation-targets/-/helper-compilation-targets-7.28.6.tgz 17242ms (cache miss)
4212 http fetch GET 200 https://registry.npmjs.org/baseline-browser-mapping/-/baseline-browser-mapping-2.10.17.tgz 17685ms (cache miss)
4213 http fetch GET 200 https://registry.npmjs.org/jest-haste-map/-/jest-haste-map-29.7.0.tgz 18268ms (cache miss)
4214 http fetch GET 200 https://registry.npmjs.org/has-flag/-/has-flag-3.0.0.tgz 17714ms (cache miss)
4215 http fetch GET 200 https://registry.npmjs.org/color-name/-/color-name-1.1.3.tgz 17739ms (cache miss)
4216 http fetch GET 200 https://registry.npmjs.org/jsesc/-/jsesc-3.1.0.tgz 17820ms (cache miss)
4217 http fetch GET 200 https://registry.npmjs.org/escape-string-regexp/-/escape-string-regexp-1.0.5.tgz 17772ms (cache miss)
4218 http fetch GET 200 https://registry.npmjs.org/ansi-styles/-/ansi-styles-3.2.1.tgz 17773ms (cache miss)
4219 http fetch GET 200 https://registry.npmjs.org/strip-ansi/-/strip-ansi-6.0.1.tgz 17771ms (cache miss)
4220 http fetch GET 200 https://registry.npmjs.org/supports-color/-/supports-color-5.5.0.tgz 17771ms (cache miss)
4221 http fetch GET 200 https://registry.npmjs.org/bplist-parser/-/bplist-parser-0.3.1.tgz 17773ms (cache miss)
4222 http fetch GET 200 https://registry.npmjs.org/statuses/-/statuses-2.0.2.tgz 17810ms (cache miss)
4223 http fetch GET 200 https://registry.npmjs.org/escape-string-regexp/-/escape-string-regexp-2.0.0.tgz 17818ms (cache miss)
4224 http fetch GET 200 https://registry.npmjs.org/camelcase/-/camelcase-5.3.1.tgz 17915ms (cache miss)
4225 http fetch GET 200 https://registry.npmjs.org/p-limit/-/p-limit-2.3.0.tgz 17968ms (cache miss)
4226 http fetch GET 200 https://registry.npmjs.org/ansi-regex/-/ansi-regex-4.1.1.tgz 17950ms (cache miss)
4227 http fetch GET 200 https://registry.npmjs.org/brace-expansion/-/brace-expansion-1.1.13.tgz 18002ms (cache miss)
4228 http fetch GET 200 https://registry.npmjs.org/@babel/plugin-transform-classes/-/plugin-transform-classes-7.28.6.tgz 18188ms (cache miss)
4229 http fetch GET 200 https://registry.npmjs.org/minimatch/-/minimatch-3.1.5.tgz 18046ms (cache miss)
4230 http fetch GET 200 https://registry.npmjs.org/semver/-/semver-6.3.1.tgz 18155ms (cache miss)
4231 http fetch GET 200 https://registry.npmjs.org/bplist-creator/-/bplist-creator-0.1.0.tgz 18360ms (cache miss)
4232 http fetch GET 200 https://registry.npmjs.org/debug/-/debug-4.4.3.tgz 18217ms (cache miss)
4233 http fetch GET 200 https://registry.npmjs.org/has-flag/-/has-flag-3.0.0.tgz 18139ms (cache miss)
4234 http fetch GET 200 https://registry.npmjs.org/color-name/-/color-name-1.1.3.tgz 18175ms (cache miss)
4235 http fetch GET 200 https://registry.npmjs.org/escape-string-regexp/-/escape-string-regexp-1.0.5.tgz 18207ms (cache miss)
4236 http fetch GET 200 https://registry.npmjs.org/ms/-/ms-2.0.0.tgz 18194ms (cache miss)
4237 http fetch GET 200 https://registry.npmjs.org/ansi-styles/-/ansi-styles-3.2.1.tgz 18212ms (cache miss)
4238 http fetch GET 200 https://registry.npmjs.org/supports-color/-/supports-color-5.5.0.tgz 18219ms (cache miss)
4239 http fetch GET 200 https://registry.npmjs.org/strip-ansi/-/strip-ansi-6.0.1.tgz 18191ms (cache miss)
4240 http fetch GET 200 https://registry.npmjs.org/strip-ansi/-/strip-ansi-6.0.1.tgz 18257ms (cache miss)
4241 http fetch GET 200 https://registry.npmjs.org/supports-color/-/supports-color-8.1.1.tgz 18218ms (cache miss)
4242 http fetch GET 200 https://registry.npmjs.org/statuses/-/statuses-2.0.2.tgz 18245ms (cache miss)
4243 http fetch GET 200 https://registry.npmjs.org/color-convert/-/color-convert-1.9.3.tgz 18444ms (cache miss)
4244 http fetch GET 200 https://registry.npmjs.org/color-convert/-/color-convert-1.9.3.tgz 18376ms (cache miss)
4245 http fetch GET 200 https://registry.npmjs.org/chalk/-/chalk-2.4.2.tgz 18391ms (cache miss)
4246 http fetch GET 200 https://registry.npmjs.org/lan-network/-/lan-network-0.1.7.tgz 18810ms (cache miss)
4247 http fetch GET 200 https://registry.npmjs.org/react-is/-/react-is-16.13.1.tgz 18659ms (cache miss)
4248 http fetch GET 200 https://registry.npmjs.org/babel-plugin-polyfill-corejs2/-/babel-plugin-polyfill-corejs2-0.4.17.tgz 18714ms (cache miss)
4249 http fetch GET 200 https://registry.npmjs.org/encodeurl/-/encodeurl-2.0.0.tgz 18525ms (cache miss)
4250 http fetch GET 200 https://registry.npmjs.org/on-finished/-/on-finished-2.4.1.tgz 18522ms (cache miss)
4251 http fetch GET 200 https://registry.npmjs.org/whatwg-url-without-unicode/-/whatwg-url-without-unicode-8.0.0-3.tgz 18893ms (cache miss)
4252 http fetch GET 200 https://registry.npmjs.org/has-flag/-/has-flag-3.0.0.tgz 18567ms (cache miss)
4253 http fetch GET 200 https://registry.npmjs.org/escape-string-regexp/-/escape-string-regexp-1.0.5.tgz 18566ms (cache miss)
4254 http fetch GET 200 https://registry.npmjs.org/supports-color/-/supports-color-5.5.0.tgz 18565ms (cache miss)
4255 http fetch GET 200 https://registry.npmjs.org/resolve/-/resolve-1.7.1.tgz 18573ms (cache miss)
4256 http fetch GET 200 https://registry.npmjs.org/color-name/-/color-name-1.1.3.tgz 18570ms (cache miss)
4257 http fetch GET 200 https://registry.npmjs.org/regexpu-core/-/regexpu-core-6.4.0.tgz 18908ms (cache miss)
4258 http fetch GET 200 https://registry.npmjs.org/@babel/plugin-transform-react-jsx/-/plugin-transform-react-jsx-7.28.6.tgz 18873ms (cache miss)
4259 http fetch GET 200 https://registry.npmjs.org/ms/-/ms-2.0.0.tgz 18656ms (cache miss)
4260 http fetch GET 200 https://registry.npmjs.org/ms/-/ms-2.0.0.tgz 18639ms (cache miss)
4261 http fetch GET 200 https://registry.npmjs.org/ms/-/ms-2.0.0.tgz 18715ms (cache miss)
4262 http fetch GET 200 https://registry.npmjs.org/ms/-/ms-2.0.0.tgz 18658ms (cache miss)
4263 http fetch GET 200 https://registry.npmjs.org/ansi-styles/-/ansi-styles-3.2.1.tgz 18800ms (cache miss)
4264 http fetch GET 200 https://registry.npmjs.org/react-is/-/react-is-18.3.1.tgz 18932ms (cache miss)
4265 http fetch GET 200 https://registry.npmjs.org/negotiator/-/negotiator-0.6.4.tgz 19018ms (cache miss)
4266 http fetch GET 200 https://registry.npmjs.org/electron-to-chromium/-/electron-to-chromium-1.5.334.tgz 19402ms (cache miss)
4267 http fetch GET 200 https://registry.npmjs.org/ansi-styles/-/ansi-styles-5.2.0.tgz 19091ms (cache miss)
4268 http fetch GET 200 https://registry.npmjs.org/ws/-/ws-8.20.0.tgz 19558ms (cache miss)
4269 http fetch GET 200 https://registry.npmjs.org/minimatch/-/minimatch-3.1.5.tgz 19160ms (cache miss)
4270 http fetch GET 200 https://registry.npmjs.org/encodeurl/-/encodeurl-2.0.0.tgz 19227ms (cache miss)
4271 http fetch GET 200 https://registry.npmjs.org/@babel/code-frame/-/code-frame-7.10.4.tgz 19211ms (cache miss)
4272 http fetch GET 200 https://registry.npmjs.org/brace-expansion/-/brace-expansion-1.1.13.tgz 19228ms (cache miss)
4273 http fetch GET 200 https://registry.npmjs.org/@babel/helper-validator-identifier/-/helper-validator-identifier-7.28.5.tgz 19453ms (cache miss)
4274 http fetch GET 200 https://registry.npmjs.org/stream-buffers/-/stream-buffers-2.2.0.tgz 19800ms (cache miss)
4275 http fetch GET 200 https://registry.npmjs.org/@babel/plugin-transform-block-scoping/-/plugin-transform-block-scoping-7.28.6.tgz 19615ms (cache miss)
4276 http fetch GET 200 https://registry.npmjs.org/@babel/plugin-transform-modules-commonjs/-/plugin-transform-modules-commonjs-7.28.6.tgz 19598ms (cache miss)
4277 http fetch GET 200 https://registry.npmjs.org/balanced-match/-/balanced-match-4.0.4.tgz 15906ms (cache miss)
4278 http fetch GET 200 https://registry.npmjs.org/brace-expansion/-/brace-expansion-5.0.5.tgz 15904ms (cache miss)
4279 http fetch GET 200 https://registry.npmjs.org/chalk/-/chalk-2.4.2.tgz 19540ms (cache miss)
4280 http fetch GET 200 https://registry.npmjs.org/@babel/plugin-transform-parameters/-/plugin-transform-parameters-7.27.7.tgz 19672ms (cache miss)
4281 http fetch GET 200 https://registry.npmjs.org/color-convert/-/color-convert-1.9.3.tgz 19591ms (cache miss)
4282 http fetch GET 200 https://registry.npmjs.org/jest-util/-/jest-util-29.7.0.tgz 20048ms (cache miss)
4283 http fetch GET 200 https://registry.npmjs.org/ci-info/-/ci-info-2.0.0.tgz 19563ms (cache miss)
4284 http fetch GET 200 https://registry.npmjs.org/commander/-/commander-2.20.3.tgz 19618ms (cache miss)
4285 http fetch GET 200 https://registry.npmjs.org/balanced-match/-/balanced-match-4.0.4.tgz 16059ms (cache miss)
4286 http fetch GET 200 https://registry.npmjs.org/balanced-match/-/balanced-match-4.0.4.tgz 16097ms (cache miss)
4287 http fetch GET 200 https://registry.npmjs.org/balanced-match/-/balanced-match-4.0.4.tgz 16056ms (cache miss)
4288 http fetch GET 200 https://registry.npmjs.org/brace-expansion/-/brace-expansion-5.0.5.tgz 16059ms (cache miss)
4289 http fetch GET 200 https://registry.npmjs.org/brace-expansion/-/brace-expansion-5.0.5.tgz 16001ms (cache miss)
4290 http fetch GET 200 https://registry.npmjs.org/brace-expansion/-/brace-expansion-5.0.5.tgz 16057ms (cache miss)
4291 http fetch GET 200 https://registry.npmjs.org/brace-expansion/-/brace-expansion-5.0.5.tgz 16007ms (cache miss)
4292 http fetch GET 200 https://registry.npmjs.org/chalk/-/chalk-2.4.2.tgz 19960ms (cache miss)
4293 http fetch GET 200 https://registry.npmjs.org/open/-/open-8.4.2.tgz 19939ms (cache miss)
4294 http fetch GET 200 https://registry.npmjs.org/browserslist/-/browserslist-4.28.2.tgz 20460ms (cache miss)
4295 http fetch GET 200 https://registry.npmjs.org/commander/-/commander-4.1.1.tgz 20377ms (cache miss)
4296 http fetch GET 200 https://registry.npmjs.org/@expo/schema-utils/-/schema-utils-0.1.8.tgz 20713ms (cache miss)
4297 http fetch GET 200 https://registry.npmjs.org/@babel/plugin-transform-typescript/-/plugin-transform-typescript-7.28.6.tgz 20812ms (cache miss)
4298 http fetch GET 200 https://registry.npmjs.org/mime-db/-/mime-db-1.52.0.tgz 20781ms (cache miss)
4299 http fetch GET 200 https://registry.npmjs.org/picomatch/-/picomatch-2.3.2.tgz 20915ms (cache miss)
4300 http fetch GET 200 https://registry.npmjs.org/qrcode-terminal/-/qrcode-terminal-0.11.0.tgz 21230ms (cache miss)
4301 http fetch GET 200 https://registry.npmjs.org/picomatch/-/picomatch-2.3.2.tgz 20964ms (cache miss)
4302 http fetch GET 200 https://registry.npmjs.org/picomatch/-/picomatch-2.3.2.tgz 21059ms (cache miss)
4303 http fetch GET 200 https://registry.npmjs.org/chromium-edge-launcher/-/chromium-edge-launcher-0.2.0.tgz 21470ms (cache miss)
4304 http fetch GET 200 https://registry.npmjs.org/@expo/ws-tunnel/-/ws-tunnel-1.0.6.tgz 21398ms (cache miss)
4305 http fetch GET 200 https://registry.npmjs.org/debug/-/debug-3.2.7.tgz 21213ms (cache miss)
4306 http fetch GET 200 https://registry.npmjs.org/@babel/compat-data/-/compat-data-7.29.0.tgz 21482ms (cache miss)
4307 http fetch GET 200 https://registry.npmjs.org/source-map/-/source-map-0.5.7.tgz 22590ms (cache miss)
4308 http fetch GET 200 https://registry.npmjs.org/babel-plugin-polyfill-corejs3/-/babel-plugin-polyfill-corejs3-0.13.0.tgz 22386ms (cache miss)
4309 http fetch GET 200 https://registry.npmjs.org/chrome-launcher/-/chrome-launcher-0.15.2.tgz 22843ms (cache miss)
4310 http fetch GET 200 https://registry.npmjs.org/pngjs/-/pngjs-3.4.0.tgz 23069ms (cache miss)
4311 http fetch GET 200 https://registry.npmjs.org/structured-headers/-/structured-headers-0.4.1.tgz 22841ms (cache miss)
4312 http fetch GET 200 https://registry.npmjs.org/@urql/core/-/core-5.2.0.tgz 22859ms (cache miss)
4313 http fetch GET 200 https://registry.npmjs.org/@babel/plugin-transform-regenerator/-/plugin-transform-regenerator-7.29.0.tgz 22833ms (cache miss)
4314 http fetch GET 200 https://registry.npmjs.org/ws/-/ws-6.2.3.tgz 22704ms (cache miss)
4315 http fetch GET 200 https://registry.npmjs.org/yallist/-/yallist-5.0.0.tgz 22681ms (cache miss)
4316 http fetch GET 200 https://registry.npmjs.org/balanced-match/-/balanced-match-4.0.4.tgz 19644ms (cache miss)
4317 http fetch GET 200 https://registry.npmjs.org/@babel/helper-module-transforms/-/helper-module-transforms-7.28.6.tgz 23649ms (cache miss)
4318 http fetch GET 200 https://registry.npmjs.org/ws/-/ws-7.5.10.tgz 23622ms (cache miss)
4319 http fetch GET 200 https://registry.npmjs.org/debug/-/debug-2.6.9.tgz 23601ms (cache miss)
4320 http fetch GET 200 https://registry.npmjs.org/@babel/helper-create-class-features-plugin/-/helper-create-class-features-plugin-7.28.6.tgz 23785ms (cache miss)
4321 http fetch GET 200 https://registry.npmjs.org/ws/-/ws-6.2.3.tgz 23548ms (cache miss)
4322 http fetch GET 200 https://registry.npmjs.org/debug/-/debug-2.6.9.tgz 23592ms (cache miss)
4323 http fetch GET 200 https://registry.npmjs.org/ws/-/ws-6.2.3.tgz 23527ms (cache miss)
4324 http fetch GET 200 https://registry.npmjs.org/@babel/template/-/template-7.28.6.tgz 23707ms (cache miss)
4325 http fetch GET 200 https://registry.npmjs.org/debug/-/debug-2.6.9.tgz 23639ms (cache miss)
4326 http fetch GET 200 https://registry.npmjs.org/debug/-/debug-2.6.9.tgz 23591ms (cache miss)
4327 http fetch GET 200 https://registry.npmjs.org/@babel/helper-define-polyfill-provider/-/helper-define-polyfill-provider-0.6.8.tgz 23911ms (cache miss)
4328 http fetch GET 200 https://registry.npmjs.org/commander/-/commander-12.1.0.tgz 23554ms (cache miss)
4329 http fetch GET 200 https://registry.npmjs.org/ws/-/ws-7.5.10.tgz 23656ms (cache miss)
4330 http fetch GET 200 https://registry.npmjs.org/debug/-/debug-2.6.9.tgz 23607ms (cache miss)
4331 http fetch GET 200 https://registry.npmjs.org/csstype/-/csstype-3.2.3.tgz 23835ms (cache miss)
4332 http fetch GET 200 https://registry.npmjs.org/json5/-/json5-2.2.3.tgz 23833ms (cache miss)
4333 http fetch GET 200 https://registry.npmjs.org/core-js-compat/-/core-js-compat-3.49.0.tgz 24012ms (cache miss)
4334 http fetch GET 200 https://registry.npmjs.org/promise/-/promise-8.3.0.tgz 24366ms (cache miss)
4335 http fetch GET 200 https://registry.npmjs.org/wonka/-/wonka-6.3.6.tgz 24203ms (cache miss)
4336 http fetch GET 200 https://registry.npmjs.org/uuid/-/uuid-7.0.3.tgz 24752ms (cache miss)
4337 http fetch GET 200 https://registry.npmjs.org/js-yaml/-/js-yaml-4.1.1.tgz 24275ms (cache miss)
4338 http fetch GET 200 https://registry.npmjs.org/@jridgewell/sourcemap-codec/-/sourcemap-codec-1.5.5.tgz 24099ms (cache miss)
4339 http fetch GET 200 https://registry.npmjs.org/undici-types/-/undici-types-7.19.2.tgz 24607ms (cache miss)
4340 http fetch GET 200 https://registry.npmjs.org/argparse/-/argparse-1.0.10.tgz 24268ms (cache miss)
4341 http fetch GET 200 https://registry.npmjs.org/@jridgewell/gen-mapping/-/gen-mapping-0.3.13.tgz 24355ms (cache miss)
4342 http fetch GET 200 https://registry.npmjs.org/lru-cache/-/lru-cache-10.4.3.tgz 24353ms (cache miss)
4343 http fetch GET 200 https://registry.npmjs.org/@expo/package-manager/-/package-manager-1.10.4.tgz 24711ms (cache miss)
4344 http fetch GET 200 https://registry.npmjs.org/@sinclair/typebox/-/typebox-0.27.10.tgz 25045ms (cache miss)
4345 http fetch GET 200 https://registry.npmjs.org/source-map/-/source-map-0.6.1.tgz 24531ms (cache miss)
4346 http fetch GET 200 https://registry.npmjs.org/@expo/devcert/-/devcert-1.2.1.tgz 24946ms (cache miss)
4347 http fetch GET 200 https://registry.npmjs.org/image-size/-/image-size-1.2.1.tgz 25226ms (cache miss)
4348 http fetch GET 200 https://registry.npmjs.org/@babel/parser/-/parser-7.29.2.tgz 24856ms (cache miss)
4349 http fetch GET 200 https://registry.npmjs.org/xmlbuilder/-/xmlbuilder-15.1.1.tgz 25259ms (cache miss)
4350 http fetch GET 200 https://registry.npmjs.org/@expo/xcpretty/-/xcpretty-4.4.3.tgz 25174ms (cache miss)
4351 http fetch GET 200 https://registry.npmjs.org/js-yaml/-/js-yaml-3.14.2.tgz 24965ms (cache miss)
4352 http fetch GET 200 https://registry.npmjs.org/postcss/-/postcss-8.4.49.tgz 25329ms (cache miss)
4353 http fetch GET 200 https://registry.npmjs.org/xmlbuilder/-/xmlbuilder-11.0.1.tgz 25060ms (cache miss)
4354 http fetch GET 200 https://registry.npmjs.org/type-fest/-/type-fest-0.21.3.tgz 25141ms (cache miss)
4355 http fetch GET 200 https://registry.npmjs.org/minimatch/-/minimatch-9.0.9.tgz 25418ms (cache miss)
4356 http fetch GET 200 https://registry.npmjs.org/@jridgewell/trace-mapping/-/trace-mapping-0.3.31.tgz 25380ms (cache miss)
4357 http fetch GET 200 https://registry.npmjs.org/@babel/generator/-/generator-7.29.1.tgz 25435ms (cache miss)
4358 http fetch GET 200 https://registry.npmjs.org/@react-navigation/routers/-/routers-6.1.9.tgz 25540ms (cache miss)
4359 http fetch GET 200 https://registry.npmjs.org/@babel/traverse/-/traverse-7.29.0.tgz 26002ms (cache miss)
4360 http fetch GET 200 https://registry.npmjs.org/yargs/-/yargs-17.7.2.tgz 26042ms (cache miss)
4361 http fetch GET 200 https://registry.npmjs.org/terser/-/terser-5.46.1.tgz 26350ms (cache miss)
4362 http fetch GET 200 https://registry.npmjs.org/prompts/-/prompts-2.4.2.tgz 26242ms (cache miss)
4363 http fetch GET 200 https://registry.npmjs.org/@babel/traverse/-/traverse-7.29.0.tgz 26378ms (cache miss)
4364 http fetch GET 200 https://registry.npmjs.org/node-forge/-/node-forge-1.4.0.tgz 26625ms (cache miss)
4365 http fetch GET 200 https://registry.npmjs.org/@react-navigation/native-stack/-/native-stack-6.11.0.tgz 27476ms (cache miss)
4366 http fetch GET 200 https://registry.npmjs.org/@egjs/hammerjs/-/hammerjs-2.0.17.tgz 28200ms (cache miss)
4367 http fetch GET 200 https://registry.npmjs.org/resolve/-/resolve-1.22.11.tgz 27890ms (cache miss)
4368 http fetch GET 200 https://registry.npmjs.org/@react-navigation/bottom-tabs/-/bottom-tabs-6.6.1.tgz 27738ms (cache miss)
4369 http fetch GET 200 https://registry.npmjs.org/@types/node/-/node-25.6.0.tgz 28160ms (cache miss)
4370 http fetch GET 200 https://registry.npmjs.org/@babel/core/-/core-7.29.0.tgz 28521ms (cache miss)
4371 http fetch GET 200 https://registry.npmjs.org/@react-navigation/native/-/native-6.1.18.tgz 29925ms (cache miss)
4372 http fetch GET 200 https://registry.npmjs.org/undici/-/undici-6.24.1.tgz 30319ms (cache miss)
4373 http fetch GET 200 https://registry.npmjs.org/@react-navigation/elements/-/elements-1.3.31.tgz 30253ms (cache miss)
4374 http fetch GET 200 https://registry.npmjs.org/@babel/types/-/types-7.29.0.tgz 30950ms (cache miss)
4375 http fetch GET 200 https://registry.npmjs.org/@babel/runtime/-/runtime-7.29.2.tgz 33166ms (cache miss)
4376 http fetch GET 200 https://registry.npmjs.org/@babel/helpers/-/helpers-7.29.2.tgz 34392ms (cache miss)
4377 http fetch GET 200 https://registry.npmjs.org/tar/-/tar-7.5.13.tgz 35080ms (cache miss)
4378 http fetch GET 200 https://registry.npmjs.org/@react-navigation/core/-/core-6.4.17.tgz 40284ms (cache miss)
4379 http fetch GET 200 https://registry.npmjs.org/regenerate-unicode-properties/-/regenerate-unicode-properties-10.2.2.tgz 40970ms (cache miss)
4380 http fetch GET 200 https://registry.npmjs.org/typescript/-/typescript-5.9.3.tgz 41130ms (cache miss)
4381 http fetch GET 200 https://registry.npmjs.org/caniuse-lite/-/caniuse-lite-1.0.30001787.tgz 45297ms (cache miss)
4382 silly ADD node_modules/p-try
4383 silly ADD node_modules/concat-map
4384 silly ADD node_modules/define-lazy-prop
4385 silly ADD node_modules/async-limiter
4386 silly ADD node_modules/sprintf-js
4387 silly ADD node_modules/esprima
4388 silly ADD node_modules/@babel/highlight
4389 silly ADD node_modules/@babel/highlight/node_modules/has-flag
4390 silly ADD node_modules/@babel/highlight/node_modules/color-name
4391 silly ADD node_modules/@babel/highlight/node_modules/color-convert
4392 silly ADD node_modules/@babel/highlight/node_modules/supports-color
4393 silly ADD node_modules/@babel/highlight/node_modules/escape-string-regexp
4394 silly ADD node_modules/@babel/highlight/node_modules/ansi-styles
4395 silly ADD node_modules/@babel/highlight/node_modules/chalk
4396 silly ADD node_modules/path-scurry
4397 silly ADD node_modules/path-scurry/node_modules/lru-cache
4398 silly ADD node_modules/yargs-parser
4399 silly ADD node_modules/y18n
4400 silly ADD node_modules/require-directory
4401 silly ADD node_modules/get-caller-file
4402 silly ADD node_modules/cliui
4403 silly ADD node_modules/cliui/node_modules/strip-ansi
4404 silly ADD node_modules/sax
4405 silly ADD node_modules/plist
4406 silly ADD node_modules/uuid
4407 silly ADD node_modules/simple-plist
4408 silly ADD node_modules/simple-plist/node_modules/bplist-parser
4409 silly ADD node_modules/imurmurhash
4410 silly ADD node_modules/is-fullwidth-code-point
4411 silly ADD node_modules/emoji-regex
4412 silly ADD node_modules/string-width
4413 silly ADD node_modules/string-width/node_modules/strip-ansi
4414 silly ADD node_modules/isexe
4415 silly ADD node_modules/ieee754
4416 silly ADD node_modules/webidl-conversions
4417 silly ADD node_modules/punycode
4418 silly ADD node_modules/buffer
4419 silly ADD node_modules/clone
4420 silly ADD node_modules/defaults
4421 silly ADD node_modules/tmpl
4422 silly ADD node_modules/makeerror
4423 silly ADD node_modules/escalade
4424 silly ADD node_modules/unicode-property-aliases-ecmascript
4425 silly ADD node_modules/unicode-canonical-property-names-ecmascript
4426 silly ADD node_modules/is-number
4427 silly ADD node_modules/fdir
4428 silly ADD node_modules/thenify
4429 silly ADD node_modules/acorn
4430 silly ADD node_modules/@jridgewell/source-map
4431 silly ADD node_modules/supports-hyperlinks
4432 silly ADD node_modules/ansi-escapes
4433 silly ADD node_modules/ansi-escapes/node_modules/type-fest
4434 silly ADD node_modules/minizlib
4435 silly ADD node_modules/minipass
4436 silly ADD node_modules/chownr
4437 silly ADD node_modules/@isaacs/fs-minipass
4438 silly ADD node_modules/has-flag
4439 silly ADD node_modules/thenify-all
4440 silly ADD node_modules/object-assign
4441 silly ADD node_modules/any-promise
4442 silly ADD node_modules/ts-interface-checker
4443 silly ADD node_modules/tinyglobby
4444 silly ADD node_modules/tinyglobby/node_modules/picomatch
4445 silly ADD node_modules/mz
4446 silly ADD node_modules/lines-and-columns
4447 silly ADD node_modules/type-fest
4448 silly ADD node_modules/buffer-from
4449 silly ADD node_modules/is-arrayish
4450 silly ADD node_modules/shebang-regex
4451 silly ADD node_modules/toidentifier
4452 silly ADD node_modules/setprototypeof
4453 silly ADD node_modules/range-parser
4454 silly ADD node_modules/mime
4455 silly ADD node_modules/http-errors
4456 silly ADD node_modules/http-errors/node_modules/statuses
4457 silly ADD node_modules/fresh
4458 silly ADD node_modules/etag
4459 silly ADD node_modules/destroy
4460 silly ADD node_modules/depd
4461 silly ADD node_modules/mimic-fn
4462 silly ADD node_modules/signal-exit
4463 silly ADD node_modules/onetime
4464 silly ADD node_modules/function-bind
4465 silly ADD node_modules/hasown
4466 silly ADD node_modules/supports-preserve-symlinks-flag
4467 silly ADD node_modules/path-parse
4468 silly ADD node_modules/is-core-module
4469 silly ADD node_modules/strip-json-comments
4470 silly ADD node_modules/minimist
4471 silly ADD node_modules/ini
4472 silly ADD node_modules/deep-extend
4473 silly ADD node_modules/rc
4474 silly ADD node_modules/nested-error-stacks
4475 silly ADD node_modules/unicode-match-property-value-ecmascript
4476 silly ADD node_modules/unicode-match-property-ecmascript
4477 silly ADD node_modules/regjsparser
4478 silly ADD node_modules/regjsgen
4479 silly ADD node_modules/regenerate-unicode-properties
4480 silly ADD node_modules/regenerate
4481 silly ADD node_modules/@babel/plugin-transform-template-literals
4482 silly ADD node_modules/react-freeze
4483 silly ADD node_modules/@types/hammerjs
4484 silly ADD node_modules/hoist-non-react-statics
4485 silly ADD node_modules/@egjs/hammerjs
4486 silly ADD node_modules/shell-quote
4487 silly ADD node_modules/asap
4488 silly ADD node_modules/p-locate
4489 silly ADD node_modules/p-locate/node_modules/p-limit
4490 silly ADD node_modules/stack-utils
4491 silly ADD node_modules/stack-utils/node_modules/escape-string-regexp
4492 silly ADD node_modules/@types/stack-utils
4493 silly ADD node_modules/normalize-path
4494 silly ADD
4495 silly ADD node_modules/anymatch
4496 silly ADD node_modules/anymatch/node_modules/picomatch
4497 silly ADD node_modules/@types/graceful-fs
4498 silly ADD node_modules/type-detect
4499 silly ADD node_modules/@sinonjs/commons
4500 silly ADD node_modules/jest-message-util
4501 silly ADD node_modules/@sinonjs/fake-timers
4502 silly ADD node_modules/jest-mock
4503 silly ADD node_modules/@jest/fake-timers
4504 silly ADD node_modules/@jest/environment
4505 silly ADD node_modules/istanbul-lib-coverage
4506 silly ADD node_modules/path-exists
4507 silly ADD node_modules/locate-path
4508 silly ADD node_modules/@babel/plugin-syntax-top-level-await
4509 silly ADD node_modules/@babel/plugin-syntax-private-property-in-object
4510 silly ADD node_modules/@babel/plugin-syntax-optional-catch-binding
4511 silly ADD node_modules/@babel/plugin-syntax-object-rest-spread
4512 silly ADD node_modules/@babel/plugin-syntax-numeric-separator
4513 silly ADD node_modules/@babel/plugin-syntax-logical-assignment-operators
4514 silly ADD node_modules/@babel/plugin-syntax-json-strings
4515 silly ADD node_modules/@babel/plugin-syntax-import-meta
4516 silly ADD node_modules/@babel/plugin-syntax-import-attributes
4517 silly ADD node_modules/@babel/plugin-syntax-class-static-block
4518 silly ADD node_modules/@babel/plugin-syntax-class-properties
4519 silly ADD node_modules/@babel/plugin-syntax-bigint
4520 silly ADD node_modules/@babel/plugin-syntax-async-generators
4521 silly ADD node_modules/babel-preset-current-node-syntax
4522 silly ADD node_modules/babel-plugin-jest-hoist
4523 silly ADD node_modules/get-package-type
4524 silly ADD node_modules/find-up
4525 silly ADD node_modules/test-exclude
4526 silly ADD node_modules/test-exclude/node_modules/brace-expansion
4527 silly ADD node_modules/test-exclude/node_modules/minimatch
4528 silly ADD node_modules/istanbul-lib-instrument
4529 silly ADD node_modules/@istanbuljs/schema
4530 silly ADD node_modules/@istanbuljs/load-nyc-config
4531 silly ADD node_modules/@istanbuljs/load-nyc-config/node_modules/argparse
4532 silly ADD node_modules/@istanbuljs/load-nyc-config/node_modules/js-yaml
4533 silly ADD node_modules/@istanbuljs/load-nyc-config/node_modules/camelcase
4534 silly ADD node_modules/@types/babel__traverse
4535 silly ADD node_modules/@types/babel__template
4536 silly ADD node_modules/@types/babel__generator
4537 silly ADD node_modules/write-file-atomic
4538 silly ADD node_modules/pirates
4539 silly ADD node_modules/jest-regex-util
4540 silly ADD node_modules/jest-haste-map
4541 silly ADD node_modules/fast-json-stable-stringify
4542 silly ADD node_modules/babel-preset-jest
4543 silly ADD node_modules/babel-plugin-istanbul
4544 silly ADD node_modules/@types/babel__core
4545 silly ADD node_modules/@jest/transform
4546 silly ADD node_modules/event-target-shim
4547 silly ADD node_modules/whatwg-fetch
4548 silly ADD node_modules/scheduler
4549 silly ADD node_modules/regenerator-runtime
4550 silly ADD node_modules/react-devtools-core
4551 silly ADD node_modules/react-devtools-core/node_modules/ws
4552 silly ADD node_modules/promise
4553 silly ADD node_modules/memoize-one
4554 silly ADD node_modules/jest-environment-node
4555 silly ADD node_modules/babel-jest
4556 silly ADD node_modules/ansi-regex
4557 silly ADD node_modules/anser
4558 silly ADD node_modules/abort-controller
4559 silly ADD node_modules/@react-native/virtualized-lists
4560 silly ADD node_modules/@react-native/js-polyfills
4561 silly ADD node_modules/@react-native/gradle-plugin
4562 silly ADD node_modules/@react-native/community-cli-plugin
4563 silly ADD node_modules/@react-native/community-cli-plugin/node_modules/ws
4564 silly ADD node_modules/@react-native/community-cli-plugin/node_modules/@react-native/debugger-frontend
4565 silly ADD node_modules/@react-native/community-cli-plugin/node_modules/semver
4566 silly ADD node_modules/@react-native/community-cli-plugin/node_modules/@react-native/dev-middleware
4567 silly ADD node_modules/@react-native/assets-registry
4568 silly ADD node_modules/@jest/create-cache-key-function
4569 silly ADD node_modules/strict-uri-encode
4570 silly ADD node_modules/split-on-first
4571 silly ADD node_modules/filter-obj
4572 silly ADD node_modules/decode-uri-component
4573 silly ADD node_modules/sisteransi
4574 silly ADD node_modules/kleur
4575 silly ADD node_modules/source-map-js
4576 silly ADD node_modules/pngjs
4577 silly ADD node_modules/yocto-queue
4578 silly ADD node_modules/restore-cursor
4579 silly ADD node_modules/wcwidth
4580 silly ADD node_modules/strip-ansi
4581 silly ADD node_modules/strip-ansi/node_modules/ansi-regex
4582 silly ADD node_modules/log-symbols
4583 silly ADD node_modules/log-symbols/node_modules/has-flag
4584 silly ADD node_modules/log-symbols/node_modules/color-name
4585 silly ADD node_modules/log-symbols/node_modules/color-convert
4586 silly ADD node_modules/log-symbols/node_modules/supports-color
4587 silly ADD node_modules/log-symbols/node_modules/escape-string-regexp
4588 silly ADD node_modules/log-symbols/node_modules/ansi-styles
4589 silly ADD node_modules/log-symbols/node_modules/chalk
4590 silly ADD node_modules/cli-spinners
4591 silly ADD node_modules/cli-cursor
4592 silly ADD node_modules/ee-first
4593 silly ADD node_modules/validate-npm-package-name
4594 silly ADD node_modules/proc-log
4595 silly ADD node_modules/hosted-git-info
4596 silly ADD node_modules/hosted-git-info/node_modules/lru-cache
4597 silly ADD node_modules/balanced-match
4598 silly ADD node_modules/brace-expansion
4599 silly ADD node_modules/to-regex-range
4600 silly ADD node_modules/fill-range
4601 silly ADD node_modules/braces
4602 silly ADD node_modules/vlq
4603 silly ADD node_modules/ob1
4604 silly ADD node_modules/@babel/traverse--for-generate-function-map
4605 silly ADD node_modules/terser
4606 silly ADD node_modules/terser/node_modules/commander
4607 silly ADD node_modules/node-int64
4608 silly ADD node_modules/bser
4609 silly ADD node_modules/walker
4610 silly ADD node_modules/micromatch
4611 silly ADD node_modules/micromatch/node_modules/picomatch
4612 silly ADD node_modules/fb-watchman
4613 silly ADD node_modules/leven
4614 silly ADD node_modules/jest-get-type
4615 silly ADD node_modules/camelcase
4616 silly ADD node_modules/yaml
4617 silly ADD node_modules/jest-validate
4618 silly ADD node_modules/agent-base
4619 silly ADD node_modules/https-proxy-agent
4620 silly ADD node_modules/exponential-backoff
4621 silly ADD node_modules/@types/yargs-parser
4622 silly ADD node_modules/@types/istanbul-lib-report
4623 silly ADD node_modules/@sinclair/typebox
4624 silly ADD node_modules/@types/yargs
4625 silly ADD node_modules/@types/istanbul-reports
4626 silly ADD node_modules/@types/istanbul-lib-coverage
4627 silly ADD node_modules/@jest/schemas
4628 silly ADD node_modules/@jest/types
4629 silly ADD node_modules/merge-stream
4630 silly ADD node_modules/jest-util
4631 silly ADD node_modules/jest-util/node_modules/picomatch
4632 silly ADD node_modules/queue
4633 silly ADD node_modules/stackframe
4634 silly ADD node_modules/throat
4635 silly ADD node_modules/source-map
4636 silly ADD node_modules/serialize-error
4637 silly ADD node_modules/lodash.throttle
4638 silly ADD node_modules/jest-worker
4639 silly ADD node_modules/jest-worker/node_modules/supports-color
4640 silly ADD node_modules/image-size
4641 silly ADD node_modules/graceful-fs
4642 silly ADD node_modules/flow-enums-runtime
4643 silly ADD node_modules/error-stack-parser
4644 silly ADD node_modules/yallist
4645 silly ADD node_modules/lightningcss-win32-x64-msvc
4646 silly ADD
4647 silly ADD
4648 silly ADD
4649 silly ADD
4650 silly ADD
4651 silly ADD
4652 silly ADD
4653 silly ADD
4654 silly ADD
4655 silly ADD
4656 silly ADD node_modules/detect-libc
4657 silly ADD node_modules/marky
4658 silly ADD node_modules/argparse
4659 silly ADD node_modules/is-docker
4660 silly ADD node_modules/loose-envify
4661 silly ADD node_modules/wrappy
4662 silly ADD node_modules/hermes-estree
4663 silly ADD node_modules/path-is-absolute
4664 silly ADD node_modules/once
4665 silly ADD node_modules/inherits
4666 silly ADD node_modules/inflight
4667 silly ADD node_modules/fs.realpath
4668 silly ADD node_modules/unpipe
4669 silly ADD node_modules/statuses
4670 silly ADD node_modules/on-finished
4671 silly ADD node_modules/escape-html
4672 silly ADD node_modules/encodeurl
4673 silly ADD node_modules/react-native-is-edge-to-edge
4674 silly ADD node_modules/commander
4675 silly ADD node_modules/fontfaceobserver
4676 silly ADD node_modules/which
4677 silly ADD node_modules/shebang-command
4678 silly ADD node_modules/path-key
4679 silly ADD node_modules/utils-merge
4680 silly ADD node_modules/parseurl
4681 silly ADD node_modules/finalhandler
4682 silly ADD node_modules/finalhandler/node_modules/ms
4683 silly ADD node_modules/finalhandler/node_modules/debug
4684 silly ADD node_modules/mime-db
4685 silly ADD node_modules/vary
4686 silly ADD node_modules/safe-buffer
4687 silly ADD node_modules/on-headers
4688 silly ADD node_modules/compressible
4689 silly ADD node_modules/bytes
4690 silly ADD node_modules/rimraf
4691 silly ADD node_modules/mkdirp
4692 silly ADD node_modules/undici-types
4693 silly ADD node_modules/lighthouse-logger
4694 silly ADD node_modules/lighthouse-logger/node_modules/ms
4695 silly ADD node_modules/lighthouse-logger/node_modules/debug
4696 silly ADD node_modules/is-wsl
4697 silly ADD node_modules/@types/node
4698 silly ADD node_modules/supports-color
4699 silly ADD node_modules/ansi-styles
4700 silly ADD node_modules/big-integer
4701 silly ADD node_modules/stream-buffers
4702 silly ADD node_modules/negotiator
4703 silly ADD node_modules/mime-types
4704 silly ADD node_modules/mime-types/node_modules/mime-db
4705 silly ADD node_modules/wonka
4706 silly ADD node_modules/serve-static
4707 silly ADD node_modules/serve-static/node_modules/encodeurl
4708 silly ADD node_modules/open
4709 silly ADD node_modules/chromium-edge-launcher
4710 silly ADD node_modules/chrome-launcher
4711 silly ADD node_modules/@react-native/debugger-frontend
4712 silly ADD node_modules/@isaacs/ttlcache
4713 silly ADD node_modules/js-yaml
4714 silly ADD node_modules/cross-spawn
4715 silly ADD node_modules/@react-native/normalize-colors
4716 silly ADD node_modules/xmlbuilder
4717 silly ADD node_modules/base64-js
4718 silly ADD node_modules/@xmldom/xmldom
4719 silly ADD node_modules/postcss
4720 silly ADD node_modules/lightningcss
4721 silly ADD node_modules/jsc-safe-url
4722 silly ADD node_modules/metro-transform-worker
4723 silly ADD node_modules/metro-transform-plugins
4724 silly ADD node_modules/metro-symbolicate
4725 silly ADD node_modules/metro-source-map
4726 silly ADD node_modules/metro-runtime
4727 silly ADD node_modules/metro-resolver
4728 silly ADD node_modules/metro-minify-terser
4729 silly ADD node_modules/metro-file-map
4730 silly ADD node_modules/metro-core
4731 silly ADD node_modules/metro-config
4732 silly ADD node_modules/metro-cache-key
4733 silly ADD node_modules/metro-cache
4734 silly ADD node_modules/metro-babel-transformer
4735 silly ADD node_modules/metro-babel-transformer/node_modules/hermes-estree
4736 silly ADD node_modules/metro-babel-transformer/node_modules/hermes-parser
4737 silly ADD node_modules/metro
4738 silly ADD node_modules/metro/node_modules/hermes-estree
4739 silly ADD node_modules/metro/node_modules/ws
4740 silly ADD node_modules/metro/node_modules/hermes-parser
4741 silly ADD node_modules/metro/node_modules/ci-info
4742 silly ADD node_modules/parse-png
4743 silly ADD node_modules/jimp-compact
4744 silly ADD node_modules/@expo/require-utils
4745 silly ADD node_modules/p-limit
4746 silly ADD node_modules/ignore
4747 silly ADD node_modules/dotenv-expand
4748 silly ADD node_modules/dotenv
4749 silly ADD node_modules/@expo/sudo-prompt
4750 silly ADD node_modules/xml2js
4751 silly ADD node_modules/xml2js/node_modules/xmlbuilder
4752 silly ADD node_modules/xcode
4753 silly ADD node_modules/slash
4754 silly ADD node_modules/@expo/sdk-runtime-versions
4755 silly ADD node_modules/sucrase
4756 silly ADD node_modules/sucrase/node_modules/commander
4757 silly ADD node_modules/resolve-workspace-root
4758 silly ADD node_modules/deepmerge
4759 silly ADD node_modules/@expo/config-types
4760 silly ADD node_modules/ws
4761 silly ADD node_modules/wrap-ansi
4762 silly ADD node_modules/wrap-ansi/node_modules/strip-ansi
4763 silly ADD node_modules/undici
4764 silly ADD node_modules/terminal-link
4765 silly ADD node_modules/tar
4766 silly ADD node_modules/tar/node_modules/yallist
4767 silly ADD node_modules/structured-headers
4768 silly ADD node_modules/stacktrace-parser
4769 silly ADD node_modules/source-map-support
4770 silly ADD node_modules/source-map-support/node_modules/source-map
4771 silly ADD node_modules/slugify
4772 silly ADD node_modules/send
4773 silly ADD node_modules/send/node_modules/statuses
4774 silly ADD node_modules/send/node_modules/on-finished
4775 silly ADD node_modules/send/node_modules/encodeurl
4776 silly ADD node_modules/send/node_modules/debug
4777 silly ADD node_modules/send/node_modules/debug/node_modules/ms
4778 silly ADD node_modules/resolve.exports
4779 silly ADD node_modules/requireg
4780 silly ADD node_modules/requireg/node_modules/resolve
4781 silly ADD node_modules/require-from-string
4782 silly ADD node_modules/qrcode-terminal
4783 silly ADD node_modules/prompts
4784 silly ADD node_modules/progress
4785 silly ADD node_modules/pretty-bytes
4786 silly ADD node_modules/picomatch
4787 silly ADD node_modules/ora
4788 silly ADD node_modules/ora/node_modules/has-flag
4789 silly ADD node_modules/ora/node_modules/color-name
4790 silly ADD node_modules/ora/node_modules/color-convert
4791 silly ADD node_modules/ora/node_modules/supports-color
4792 silly ADD node_modules/ora/node_modules/escape-string-regexp
4793 silly ADD node_modules/ora/node_modules/ansi-styles
4794 silly ADD node_modules/ora/node_modules/chalk
4795 silly ADD node_modules/npm-package-arg
4796 silly ADD node_modules/npm-package-arg/node_modules/semver
4797 silly ADD node_modules/node-forge
4798 silly ADD node_modules/minimatch
4799 silly ADD node_modules/lan-network
4800 silly ADD node_modules/getenv
4801 silly ADD node_modules/freeport-async
4802 silly ADD node_modules/expo-server
4803 silly ADD node_modules/env-editor
4804 silly ADD node_modules/connect
4805 silly ADD node_modules/connect/node_modules/ms
4806 silly ADD node_modules/connect/node_modules/debug
4807 silly ADD node_modules/compression
4808 silly ADD node_modules/compression/node_modules/ms
4809 silly ADD node_modules/compression/node_modules/negotiator
4810 silly ADD node_modules/compression/node_modules/debug
4811 silly ADD node_modules/ci-info
4812 silly ADD node_modules/chalk
4813 silly ADD node_modules/bplist-parser
4814 silly ADD node_modules/bplist-creator
4815 silly ADD node_modules/better-opn
4816 silly ADD node_modules/better-opn/node_modules/open
4817 silly ADD node_modules/arg
4818 silly ADD node_modules/accepts
4819 silly ADD node_modules/@urql/exchange-retry
4820 silly ADD node_modules/@urql/core
4821 silly ADD node_modules/@react-native/dev-middleware
4822 silly ADD node_modules/@react-native/dev-middleware/node_modules/ws
4823 silly ADD node_modules/@expo/xcpretty
4824 silly ADD node_modules/@expo/ws-tunnel
4825 silly ADD node_modules/@expo/spawn-async
4826 silly ADD node_modules/@expo/schema-utils
4827 silly ADD node_modules/@expo/prebuild-config
4828 silly ADD node_modules/@expo/prebuild-config/node_modules/semver
4829 silly ADD node_modules/@expo/plist
4830 silly ADD node_modules/@expo/package-manager
4831 silly ADD node_modules/@expo/osascript
4832 silly ADD node_modules/@expo/json-file
4833 silly ADD node_modules/@expo/image-utils
4834 silly ADD node_modules/@expo/image-utils/node_modules/semver
4835 silly ADD node_modules/@expo/env
4836 silly ADD node_modules/@expo/devcert
4837 silly ADD node_modules/@expo/devcert/node_modules/debug
4838 silly ADD node_modules/@expo/code-signing-certificates
4839 silly ADD node_modules/@0no-co/graphql.web
4840 silly ADD node_modules/whatwg-url-without-unicode
4841 silly ADD node_modules/pretty-format
4842 silly ADD node_modules/pretty-format/node_modules/react-is
4843 silly ADD node_modules/pretty-format/node_modules/ansi-styles
4844 silly ADD node_modules/expo-modules-core
4845 silly ADD node_modules/expo-modules-autolinking
4846 silly ADD node_modules/expo-keep-awake
4847 silly ADD node_modules/expo-font
4848 silly ADD node_modules/expo-file-system
4849 silly ADD node_modules/expo-asset
4850 silly ADD node_modules/@ungap/structured-clone
4851 silly ADD node_modules/@expo/metro-config
4852 silly ADD node_modules/@expo/metro-config/node_modules/balanced-match
4853 silly ADD node_modules/@expo/metro-config/node_modules/brace-expansion
4854 silly ADD node_modules/@expo/metro-config/node_modules/glob
4855 silly ADD node_modules/@expo/metro-config/node_modules/glob/node_modules/minimatch
4856 silly ADD node_modules/@expo/metro
4857 silly ADD node_modules/@expo/fingerprint
4858 silly ADD node_modules/@expo/fingerprint/node_modules/balanced-match
4859 silly ADD node_modules/@expo/fingerprint/node_modules/brace-expansion
4860 silly ADD node_modules/@expo/fingerprint/node_modules/semver
4861 silly ADD node_modules/@expo/fingerprint/node_modules/glob
4862 silly ADD node_modules/@expo/fingerprint/node_modules/glob/node_modules/minimatch
4863 silly ADD node_modules/@expo/devtools
4864 silly ADD node_modules/@expo/config-plugins
4865 silly ADD node_modules/@expo/config-plugins/node_modules/balanced-match
4866 silly ADD node_modules/@expo/config-plugins/node_modules/brace-expansion
4867 silly ADD node_modules/@expo/config-plugins/node_modules/minimatch
4868 silly ADD node_modules/@expo/config-plugins/node_modules/semver
4869 silly ADD node_modules/@expo/config-plugins/node_modules/glob
4870 silly ADD node_modules/@expo/config
4871 silly ADD node_modules/@expo/config/node_modules/balanced-match
4872 silly ADD node_modules/@expo/config/node_modules/brace-expansion
4873 silly ADD node_modules/@expo/config/node_modules/minimatch
4874 silly ADD node_modules/@expo/config/node_modules/semver
4875 silly ADD node_modules/@expo/config/node_modules/glob
4876 silly ADD node_modules/@expo/config/node_modules/@babel/code-frame
4877 silly ADD node_modules/@expo/cli
4878 silly ADD node_modules/@expo/cli/node_modules/balanced-match
4879 silly ADD node_modules/@expo/cli/node_modules/brace-expansion
4880 silly ADD node_modules/@expo/cli/node_modules/semver
4881 silly ADD node_modules/@expo/cli/node_modules/glob
4882 silly ADD node_modules/@expo/cli/node_modules/glob/node_modules/minimatch
4883 silly ADD node_modules/@babel/runtime
4884 silly ADD node_modules/ms
4885 silly ADD node_modules/simple-swizzle
4886 silly ADD node_modules/color-name
4887 silly ADD node_modules/color-string
4888 silly ADD node_modules/color-convert
4889 silly ADD node_modules/update-browserslist-db
4890 silly ADD node_modules/node-releases
4891 silly ADD node_modules/electron-to-chromium
4892 silly ADD node_modules/caniuse-lite
4893 silly ADD node_modules/baseline-browser-mapping
4894 silly ADD node_modules/core-js-compat
4895 silly ADD node_modules/resolve
4896 silly ADD node_modules/lodash.debounce
4897 silly ADD node_modules/@babel/helper-define-polyfill-provider
4898 silly ADD node_modules/yargs
4899 silly ADD node_modules/nullthrows
4900 silly ADD node_modules/invariant
4901 silly ADD node_modules/hermes-parser
4902 silly ADD node_modules/glob
4903 silly ADD node_modules/glob/node_modules/brace-expansion
4904 silly ADD node_modules/glob/node_modules/minimatch
4905 silly ADD node_modules/@react-native/codegen
4906 silly ADD node_modules/regexpu-core
4907 silly ADD node_modules/@babel/helper-create-regexp-features-plugin
4908 silly ADD node_modules/@babel/helper-wrap-function
4909 silly ADD node_modules/@babel/helper-remap-async-to-generator
4910 silly ADD node_modules/react-refresh
4911 silly ADD node_modules/@react-native/babel-plugin-codegen
4912 silly ADD node_modules/@babel/plugin-transform-unicode-regex
4913 silly ADD node_modules/@babel/plugin-transform-sticky-regex
4914 silly ADD node_modules/@babel/plugin-transform-spread
4915 silly ADD node_modules/@babel/plugin-transform-shorthand-properties
4916 silly ADD node_modules/@babel/plugin-transform-regenerator
4917 silly ADD node_modules/@babel/plugin-transform-react-jsx-source
4918 silly ADD node_modules/@babel/plugin-transform-react-jsx-self
4919 silly ADD node_modules/@babel/plugin-transform-optional-chaining
4920 silly ADD node_modules/@babel/plugin-transform-optional-catch-binding
4921 silly ADD node_modules/@babel/plugin-transform-numeric-separator
4922 silly ADD node_modules/@babel/plugin-transform-nullish-coalescing-operator
4923 silly ADD node_modules/@babel/plugin-transform-named-capturing-groups-regex
4924 silly ADD node_modules/@babel/plugin-transform-logical-assignment-operators
4925 silly ADD node_modules/@babel/plugin-transform-literals
4926 silly ADD node_modules/@babel/plugin-transform-function-name
4927 silly ADD node_modules/@babel/plugin-transform-for-of
4928 silly ADD node_modules/@babel/plugin-transform-computed-properties
4929 silly ADD node_modules/@babel/plugin-transform-classes
4930 silly ADD node_modules/@babel/plugin-transform-class-properties
4931 silly ADD node_modules/@babel/plugin-transform-block-scoping
4932 silly ADD node_modules/@babel/plugin-transform-async-to-generator
4933 silly ADD node_modules/@babel/plugin-transform-async-generator-functions
4934 silly ADD node_modules/@babel/plugin-transform-arrow-functions
4935 silly ADD node_modules/@babel/plugin-syntax-optional-chaining
4936 silly ADD node_modules/@babel/plugin-syntax-nullish-coalescing-operator
4937 silly ADD node_modules/@babel/plugin-syntax-dynamic-import
4938 silly ADD node_modules/@babel/plugin-syntax-typescript
4939 silly ADD node_modules/@babel/plugin-transform-typescript
4940 silly ADD node_modules/@babel/plugin-syntax-jsx
4941 silly ADD node_modules/@babel/plugin-transform-react-pure-annotations
4942 silly ADD node_modules/@babel/plugin-transform-react-jsx-development
4943 silly ADD node_modules/@babel/plugin-transform-react-jsx
4944 silly ADD node_modules/@babel/plugin-transform-react-display-name
4945 silly ADD node_modules/babel-plugin-polyfill-regenerator
4946 silly ADD node_modules/babel-plugin-polyfill-corejs3
4947 silly ADD node_modules/babel-plugin-polyfill-corejs2
4948 silly ADD node_modules/@babel/plugin-transform-destructuring
4949 silly ADD node_modules/@babel/plugin-syntax-flow
4950 silly ADD node_modules/@babel/helper-skip-transparent-expression-wrappers
4951 silly ADD node_modules/@babel/helper-replace-supers
4952 silly ADD node_modules/@babel/helper-optimise-call-expression
4953 silly ADD node_modules/@babel/helper-member-expression-to-functions
4954 silly ADD node_modules/@babel/helper-annotate-as-pure
4955 silly ADD node_modules/@babel/plugin-syntax-decorators
4956 silly ADD node_modules/@babel/helper-plugin-utils
4957 silly ADD node_modules/@babel/helper-create-class-features-plugin
4958 silly ADD node_modules/resolve-from
4959 silly ADD node_modules/babel-plugin-transform-flow-enums
4960 silly ADD node_modules/babel-plugin-syntax-hermes-parser
4961 silly ADD node_modules/babel-plugin-react-native-web
4962 silly ADD node_modules/babel-plugin-react-compiler
4963 silly ADD node_modules/@react-native/babel-preset
4964 silly ADD node_modules/@babel/preset-typescript
4965 silly ADD node_modules/@babel/preset-react
4966 silly ADD node_modules/@babel/plugin-transform-runtime
4967 silly ADD node_modules/@babel/plugin-transform-private-property-in-object
4968 silly ADD node_modules/@babel/plugin-transform-private-methods
4969 silly ADD node_modules/@babel/plugin-transform-parameters
4970 silly ADD node_modules/@babel/plugin-transform-object-rest-spread
4971 silly ADD node_modules/@babel/plugin-transform-modules-commonjs
4972 silly ADD node_modules/@babel/plugin-transform-flow-strip-types
4973 silly ADD node_modules/@babel/plugin-transform-export-namespace-from
4974 silly ADD node_modules/@babel/plugin-transform-class-static-block
4975 silly ADD node_modules/@babel/plugin-syntax-export-default-from
4976 silly ADD node_modules/@babel/plugin-proposal-export-default-from
4977 silly ADD node_modules/@babel/plugin-proposal-decorators
4978 silly ADD node_modules/csstype
4979 silly ADD node_modules/use-latest-callback
4980 silly ADD node_modules/react-is
4981 silly ADD node_modules/query-string
4982 silly ADD node_modules/@react-navigation/routers
4983 silly ADD node_modules/nanoid
4984 silly ADD node_modules/fast-deep-equal
4985 silly ADD node_modules/escape-string-regexp
4986 silly ADD node_modules/@react-navigation/core
4987 silly ADD node_modules/warn-once
4988 silly ADD node_modules/color
4989 silly ADD node_modules/@react-navigation/elements
4990 silly ADD node_modules/@jridgewell/resolve-uri
4991 silly ADD node_modules/@jridgewell/sourcemap-codec
4992 silly ADD node_modules/@babel/helper-string-parser
4993 silly ADD node_modules/@babel/helper-globals
4994 silly ADD node_modules/@babel/helper-module-imports
4995 silly ADD node_modules/lru-cache
4996 silly ADD node_modules/browserslist
4997 silly ADD node_modules/@babel/helper-validator-option
4998 silly ADD node_modules/@babel/compat-data
4999 silly ADD node_modules/jsesc
5000 silly ADD node_modules/@jridgewell/trace-mapping
5001 silly ADD node_modules/@jridgewell/gen-mapping
5002 silly ADD node_modules/picocolors
5003 silly ADD node_modules/js-tokens
5004 silly ADD node_modules/@babel/helper-validator-identifier
5005 silly ADD node_modules/semver
5006 silly ADD node_modules/json5
5007 silly ADD node_modules/gensync
5008 silly ADD node_modules/debug
5009 silly ADD node_modules/convert-source-map
5010 silly ADD node_modules/@jridgewell/remapping
5011 silly ADD node_modules/@babel/types
5012 silly ADD node_modules/@babel/traverse
5013 silly ADD node_modules/@babel/template
5014 silly ADD node_modules/@babel/parser
5015 silly ADD node_modules/@babel/helpers
5016 silly ADD node_modules/@babel/helper-module-transforms
5017 silly ADD node_modules/@babel/helper-compilation-targets
5018 silly ADD node_modules/@babel/generator
5019 silly ADD node_modules/@babel/code-frame
5020 silly ADD node_modules/typescript
5021 silly ADD node_modules/react-native-worklets
5022 silly ADD node_modules/react-native-worklets/node_modules/semver
5023 silly ADD node_modules/react-native-screens
5024 silly ADD node_modules/react-native-safe-area-context
5025 silly ADD node_modules/react-native-reanimated
5026 silly ADD node_modules/react-native-reanimated/node_modules/semver
5027 silly ADD node_modules/react-native-gesture-handler
5028 silly ADD node_modules/react-native
5029 silly ADD node_modules/react-native/node_modules/ws
5030 silly ADD node_modules/react-native/node_modules/semver
5031 silly ADD node_modules/react-native/node_modules/commander
5032 silly ADD node_modules/react-native/node_modules/@react-native/normalize-colors
5033 silly ADD node_modules/react-native/node_modules/@react-native/codegen
5034 silly ADD node_modules/react
5035 silly ADD node_modules/expo-status-bar
5036 silly ADD node_modules/expo-location
5037 silly ADD node_modules/expo-linear-gradient
5038 silly ADD node_modules/expo-constants
5039 silly ADD node_modules/expo
5040 silly ADD node_modules/babel-preset-expo
5041 silly ADD node_modules/@types/react
5042 silly ADD node_modules/@react-navigation/native-stack
5043 silly ADD node_modules/@react-navigation/native
5044 silly ADD node_modules/@react-navigation/bottom-tabs
5045 silly ADD node_modules/@expo/vector-icons
5046 silly ADD node_modules/@babel/core
5047 verbose cwd C:\Users\Ansi\Desktop\FixNow
5048 verbose os Windows_NT 10.0.22621
5049 verbose node v20.20.0
5050 verbose npm  v10.8.2
5051 verbose exit 0
5052 info ok
