0 verbose cli C:\Program Files\nodejs\node.exe C:\Program Files\nodejs\node_modules\npm\bin\npm-cli.js
1 info using npm@10.8.2
2 info using node@v20.20.0
3 silly config load:file:C:\Program Files\nodejs\node_modules\npm\npmrc
4 silly config load:file:C:\Users\Ansi\Desktop\FixNow\.npmrc
5 silly config load:file:C:\Users\Ansi\.npmrc
6 silly config load:file:C:\Users\Ansi\AppData\Roaming\npm\etc\npmrc
7 verbose title npm install
8 verbose argv "install" "--legacy-peer-deps" "--cache" ".npm-cache"
9 verbose logfile logs-max:10 dir:C:\Users\Ansi\Desktop\FixNow\.npm-cache\_logs\2026-04-10T05_54_19_644Z-
10 verbose logfile C:\Users\Ansi\Desktop\FixNow\.npm-cache\_logs\2026-04-10T05_54_19_644Z-debug-0.log
11 silly packumentCache heap:2197815296 maxSize:549453824 maxEntrySize:274726912
12 silly logfile done cleaning log files
13 silly idealTree buildDeps
14 silly fetch manifest expo@~54.0.0
15 silly packumentCache full:https://registry.npmjs.org/expo cache-miss
16 http fetch GET 200 https://registry.npmjs.org/expo 45937ms (cache miss)
17 silly packumentCache full:https://registry.npmjs.org/expo set size:undefined disposed:false
18 silly fetch manifest expo-constants@~18.0.13
19 silly packumentCache full:https://registry.npmjs.org/expo-constants cache-miss
20 http fetch GET 200 https://registry.npmjs.org/expo-constants 4562ms (cache miss)
21 silly packumentCache full:https://registry.npmjs.org/expo-constants set size:undefined disposed:false
22 silly fetch manifest expo-linear-gradient@~15.0.8
23 silly packumentCache full:https://registry.npmjs.org/expo-linear-gradient cache-miss
24 http fetch GET 200 https://registry.npmjs.org/npm 58467ms
25 http fetch GET 200 https://registry.npmjs.org/expo-linear-gradient 15570ms (cache miss)
26 silly packumentCache full:https://registry.npmjs.org/expo-linear-gradient set size:undefined disposed:false
27 silly fetch manifest expo-location@~19.0.8
28 silly packumentCache full:https://registry.npmjs.org/expo-location cache-miss
29 http fetch GET 200 https://registry.npmjs.org/expo-location 7979ms (cache miss)
30 silly packumentCache full:https://registry.npmjs.org/expo-location set size:undefined disposed:false
31 silly fetch manifest expo-status-bar@~3.0.9
32 silly packumentCache full:https://registry.npmjs.org/expo-status-bar cache-miss
33 http fetch GET 200 https://registry.npmjs.org/expo-status-bar 15920ms (cache miss)
34 silly packumentCache full:https://registry.npmjs.org/expo-status-bar set size:undefined disposed:false
35 silly fetch manifest react@19.1.0
36 silly packumentCache full:https://registry.npmjs.org/react cache-miss
37 http fetch GET 200 https://registry.npmjs.org/react 43437ms (cache miss)
38 silly packumentCache full:https://registry.npmjs.org/react set size:undefined disposed:false
39 silly fetch manifest react-native@0.81.0
40 silly packumentCache full:https://registry.npmjs.org/react-native cache-miss
41 http fetch GET 200 https://registry.npmjs.org/react-native 14049ms (cache miss)
42 silly packumentCache full:https://registry.npmjs.org/react-native set size:undefined disposed:false
43 silly fetch manifest react-native-gesture-handler@~2.28.0
44 silly packumentCache full:https://registry.npmjs.org/react-native-gesture-handler cache-miss
45 http fetch GET 200 https://registry.npmjs.org/react-native-gesture-handler 544ms (cache miss)
46 silly packumentCache full:https://registry.npmjs.org/react-native-gesture-handler set size:undefined disposed:false
47 silly fetch manifest react-native-reanimated@~4.1.1
48 silly packumentCache full:https://registry.npmjs.org/react-native-reanimated cache-miss
49 http fetch GET 200 https://registry.npmjs.org/react-native-reanimated 1581ms (cache miss)
50 silly packumentCache full:https://registry.npmjs.org/react-native-reanimated set size:undefined disposed:false
51 silly fetch manifest react-native-safe-area-context@~5.6.0
52 silly packumentCache full:https://registry.npmjs.org/react-native-safe-area-context cache-miss
53 http fetch GET 200 https://registry.npmjs.org/react-native-safe-area-context 188ms (cache miss)
54 silly packumentCache full:https://registry.npmjs.org/react-native-safe-area-context set size:undefined disposed:false
55 silly fetch manifest react-native-screens@~4.16.0
56 silly packumentCache full:https://registry.npmjs.org/react-native-screens cache-miss
57 http fetch GET 200 https://registry.npmjs.org/react-native-screens 582ms (cache miss)
58 silly packumentCache full:https://registry.npmjs.org/react-native-screens set size:undefined disposed:false
59 silly fetch manifest react-native-worklets@^0.5.1
60 silly packumentCache full:https://registry.npmjs.org/react-native-worklets cache-miss
61 http fetch GET 200 https://registry.npmjs.org/react-native-worklets 1284ms (cache miss)
62 silly packumentCache full:https://registry.npmjs.org/react-native-worklets set size:undefined disposed:false
63 silly fetch manifest @types/react@^19.1.0
64 silly packumentCache full:https://registry.npmjs.org/@types%2freact cache-miss
65 http fetch GET 200 https://registry.npmjs.org/@types%2freact 743ms (cache miss)
66 silly packumentCache full:https://registry.npmjs.org/@types%2freact set size:undefined disposed:false
67 silly placeDep ROOT @types/react@19.2.14 REPLACE for: fixnow@1.0.0 want: ^19.1.0
68 silly placeDep ROOT expo@54.0.33 REPLACE for: fixnow@1.0.0 want: ~54.0.0
69 silly placeDep ROOT expo-constants@18.0.13 REPLACE for: fixnow@1.0.0 want: ~18.0.13
70 silly placeDep ROOT expo-linear-gradient@15.0.8 REPLACE for: fixnow@1.0.0 want: ~15.0.8
71 silly placeDep ROOT expo-location@19.0.8 REPLACE for: fixnow@1.0.0 want: ~19.0.8
72 silly placeDep ROOT expo-status-bar@3.0.9 REPLACE for: fixnow@1.0.0 want: ~3.0.9
73 silly placeDep ROOT react@19.1.0 REPLACE for: fixnow@1.0.0 want: 19.1.0
74 silly placeDep ROOT react-native@0.81.0 REPLACE for: fixnow@1.0.0 want: 0.81.0
75 silly placeDep ROOT react-native-gesture-handler@2.28.0 REPLACE for: fixnow@1.0.0 want: ~2.28.0
76 silly placeDep ROOT react-native-reanimated@4.1.7 REPLACE for: fixnow@1.0.0 want: ~4.1.1
77 silly placeDep ROOT react-native-safe-area-context@5.6.2 REPLACE for: fixnow@1.0.0 want: ~5.6.0
78 silly placeDep ROOT react-native-screens@4.16.0 REPLACE for: fixnow@1.0.0 want: ~4.16.0
79 silly placeDep ROOT react-native-worklets@0.5.2 OK for: fixnow@1.0.0 want: ^0.5.1
80 silly fetch manifest @expo/cli@54.0.23
81 silly packumentCache full:https://registry.npmjs.org/@expo%2fcli cache-miss
82 silly fetch manifest expo-font@~14.0.11
83 silly packumentCache full:https://registry.npmjs.org/expo-font cache-miss
84 silly fetch manifest expo-asset@~12.0.12
85 silly packumentCache full:https://registry.npmjs.org/expo-asset cache-miss
86 silly fetch manifest @expo/metro@~54.2.0
87 silly packumentCache full:https://registry.npmjs.org/@expo%2fmetro cache-miss
88 silly fetch manifest @expo/config@~12.0.13
89 silly packumentCache full:https://registry.npmjs.org/@expo%2fconfig cache-miss
90 silly fetch manifest @expo/devtools@0.1.8
91 silly packumentCache full:https://registry.npmjs.org/@expo%2fdevtools cache-miss
92 silly fetch manifest expo-keep-awake@~15.0.8
93 silly packumentCache full:https://registry.npmjs.org/expo-keep-awake cache-miss
94 http fetch GET 200 https://registry.npmjs.org/expo-font 297ms (cache miss)
95 silly packumentCache full:https://registry.npmjs.org/expo-font set size:undefined disposed:false
96 silly fetch manifest expo-file-system@~19.0.21
97 silly packumentCache full:https://registry.npmjs.org/expo-file-system cache-miss
98 http fetch GET 200 https://registry.npmjs.org/expo-file-system 475ms (cache miss)
99 silly packumentCache full:https://registry.npmjs.org/expo-file-system set size:undefined disposed:false
100 silly fetch manifest @expo/fingerprint@0.15.4
101 silly packumentCache full:https://registry.npmjs.org/@expo%2ffingerprint cache-miss
102 http fetch GET 200 https://registry.npmjs.org/expo-keep-awake 806ms (cache miss)
103 silly packumentCache full:https://registry.npmjs.org/expo-keep-awake set size:undefined disposed:false
104 silly fetch manifest babel-preset-expo@~54.0.10
105 silly packumentCache full:https://registry.npmjs.org/babel-preset-expo cache-miss
106 http fetch GET 200 https://registry.npmjs.org/@expo%2fmetro 857ms (cache miss)
107 silly packumentCache full:https://registry.npmjs.org/@expo%2fmetro set size:undefined disposed:false
108 silly fetch manifest expo-modules-core@3.0.29
109 silly packumentCache full:https://registry.npmjs.org/expo-modules-core cache-miss
110 http fetch GET 200 https://registry.npmjs.org/expo-asset 976ms (cache miss)
111 silly packumentCache full:https://registry.npmjs.org/expo-asset set size:undefined disposed:false
112 silly fetch manifest @expo/metro-config@54.0.14
113 silly packumentCache full:https://registry.npmjs.org/@expo%2fmetro-config cache-miss
114 http fetch GET 200 https://registry.npmjs.org/@expo%2fcli 1060ms (cache miss)
115 silly packumentCache full:https://registry.npmjs.org/@expo%2fcli set size:undefined disposed:false
116 silly fetch manifest @expo/vector-icons@^15.0.3
117 silly packumentCache full:https://registry.npmjs.org/@expo%2fvector-icons cache-miss
118 http fetch GET 200 https://registry.npmjs.org/babel-preset-expo 611ms (cache miss)
119 silly packumentCache full:https://registry.npmjs.org/babel-preset-expo set size:undefined disposed:false
120 silly fetch manifest @expo/config-plugins@~54.0.4
121 silly packumentCache full:https://registry.npmjs.org/@expo%2fconfig-plugins cache-miss
122 http fetch GET 200 https://registry.npmjs.org/@expo%2fconfig 1504ms (cache miss)
123 silly packumentCache full:https://registry.npmjs.org/@expo%2fconfig set size:undefined disposed:false
124 silly fetch manifest @ungap/structured-clone@^1.3.0
125 silly packumentCache full:https://registry.npmjs.org/@ungap%2fstructured-clone cache-miss
126 http fetch GET 200 https://registry.npmjs.org/@expo%2ffingerprint 739ms (cache miss)
127 silly packumentCache full:https://registry.npmjs.org/@expo%2ffingerprint set size:undefined disposed:false
128 silly fetch manifest expo-modules-autolinking@3.0.24
129 silly packumentCache full:https://registry.npmjs.org/expo-modules-autolinking cache-miss
130 http fetch GET 200 https://registry.npmjs.org/expo-modules-core 735ms (cache miss)
131 silly packumentCache full:https://registry.npmjs.org/expo-modules-core set size:undefined disposed:false
132 silly fetch manifest @expo/env@~2.0.8
133 silly packumentCache full:https://registry.npmjs.org/@expo%2fenv cache-miss
134 http fetch GET 200 https://registry.npmjs.org/@expo%2fdevtools 1618ms (cache miss)
135 silly packumentCache full:https://registry.npmjs.org/@expo%2fdevtools set size:undefined disposed:false
136 silly fetch manifest scheduler@0.26.0
137 silly packumentCache full:https://registry.npmjs.org/scheduler cache-miss
138 http fetch GET 200 https://registry.npmjs.org/@expo%2fvector-icons 560ms (cache miss)
139 silly packumentCache full:https://registry.npmjs.org/@expo%2fvector-icons set size:undefined disposed:false
140 silly fetch manifest metro-runtime@^0.83.1
141 silly packumentCache full:https://registry.npmjs.org/metro-runtime cache-miss
142 http fetch GET 200 https://registry.npmjs.org/@ungap%2fstructured-clone 489ms (cache miss)
143 silly packumentCache full:https://registry.npmjs.org/@ungap%2fstructured-clone set size:undefined disposed:false
144 silly fetch manifest metro-source-map@^0.83.1
145 silly packumentCache full:https://registry.npmjs.org/metro-source-map cache-miss
146 http fetch GET 200 https://registry.npmjs.org/expo-modules-autolinking 717ms (cache miss)
147 silly packumentCache full:https://registry.npmjs.org/expo-modules-autolinking set size:undefined disposed:false
148 silly fetch manifest flow-enums-runtime@^0.0.6
149 silly packumentCache full:https://registry.npmjs.org/flow-enums-runtime cache-miss
150 http fetch GET 200 https://registry.npmjs.org/@expo%2fenv 750ms (cache miss)
151 silly packumentCache full:https://registry.npmjs.org/@expo%2fenv set size:undefined disposed:false
152 silly fetch manifest react-devtools-core@^6.1.5
153 silly packumentCache full:https://registry.npmjs.org/react-devtools-core cache-miss
154 http fetch GET 200 https://registry.npmjs.org/metro-runtime 989ms (cache miss)
155 silly packumentCache full:https://registry.npmjs.org/metro-runtime set size:undefined disposed:false
156 silly fetch manifest @react-native/codegen@0.81.0
157 silly packumentCache full:https://registry.npmjs.org/@react-native%2fcodegen cache-miss
158 http fetch GET 200 https://registry.npmjs.org/@expo%2fconfig-plugins 1305ms (cache miss)
159 silly packumentCache full:https://registry.npmjs.org/@expo%2fconfig-plugins set size:undefined disposed:false
160 silly fetch manifest @react-native/js-polyfills@0.81.0
161 silly packumentCache full:https://registry.npmjs.org/@react-native%2fjs-polyfills cache-miss
162 http fetch GET 200 https://registry.npmjs.org/@expo%2fmetro-config 1847ms (cache miss)
163 silly packumentCache full:https://registry.npmjs.org/@expo%2fmetro-config set size:undefined disposed:false
164 silly fetch manifest @react-native/gradle-plugin@0.81.0
165 silly packumentCache full:https://registry.npmjs.org/@react-native%2fgradle-plugin cache-miss
166 http fetch GET 200 https://registry.npmjs.org/metro-source-map 949ms (cache miss)
167 silly packumentCache full:https://registry.npmjs.org/metro-source-map set size:undefined disposed:false
168 silly fetch manifest @react-native/assets-registry@0.81.0
169 silly packumentCache full:https://registry.npmjs.org/@react-native%2fassets-registry cache-miss
170 http fetch GET 200 https://registry.npmjs.org/flow-enums-runtime 863ms (cache miss)
171 silly packumentCache full:https://registry.npmjs.org/flow-enums-runtime set size:undefined disposed:false
172 silly fetch manifest @react-native/normalize-colors@0.81.0
173 silly packumentCache full:https://registry.npmjs.org/@react-native%2fnormalize-colors cache-miss
174 http fetch GET 200 https://registry.npmjs.org/react-devtools-core 766ms (cache miss)
175 silly packumentCache full:https://registry.npmjs.org/react-devtools-core set size:undefined disposed:false
176 silly fetch manifest @react-native/virtualized-lists@0.81.0
177 silly packumentCache full:https://registry.npmjs.org/@react-native%2fvirtualized-lists cache-miss
178 http fetch GET 200 https://registry.npmjs.org/@react-native%2fassets-registry 2136ms (cache miss)
179 silly packumentCache full:https://registry.npmjs.org/@react-native%2fassets-registry set size:undefined disposed:false
180 silly fetch manifest babel-plugin-syntax-hermes-parser@0.29.1
181 silly packumentCache full:https://registry.npmjs.org/babel-plugin-syntax-hermes-parser cache-miss
182 http fetch GET 200 https://registry.npmjs.org/@react-native%2fcodegen 2937ms (cache miss)
183 silly packumentCache full:https://registry.npmjs.org/@react-native%2fcodegen set size:undefined disposed:false
184 silly fetch manifest @react-native/community-cli-plugin@0.81.0
185 silly packumentCache full:https://registry.npmjs.org/@react-native%2fcommunity-cli-plugin cache-miss
186 http fetch GET 200 https://registry.npmjs.org/babel-plugin-syntax-hermes-parser 557ms (cache miss)
187 silly packumentCache full:https://registry.npmjs.org/babel-plugin-syntax-hermes-parser set size:undefined disposed:false
188 silly fetch manifest semver@^7.7.2
189 silly packumentCache full:https://registry.npmjs.org/semver cache-miss
190 http fetch GET 200 https://registry.npmjs.org/@react-native%2fvirtualized-lists 2970ms (cache miss)
191 silly packumentCache full:https://registry.npmjs.org/@react-native%2fvirtualized-lists set size:undefined disposed:false
192 silly fetch manifest semver@7.7.2
193 silly packumentCache full:https://registry.npmjs.org/semver cache-miss
194 http fetch GET 200 https://registry.npmjs.org/@react-native%2fnormalize-colors 3048ms (cache miss)
195 silly packumentCache full:https://registry.npmjs.org/@react-native%2fnormalize-colors set size:undefined disposed:false
196 http fetch GET 200 https://registry.npmjs.org/semver 602ms (cache miss)
197 silly packumentCache full:https://registry.npmjs.org/semver set size:undefined disposed:false
198 http fetch GET 200 https://registry.npmjs.org/semver 391ms (cache miss)
199 silly packumentCache full:https://registry.npmjs.org/semver set size:undefined disposed:false
200 http fetch GET 200 https://registry.npmjs.org/@react-native%2fjs-polyfills 3956ms (cache miss)
201 silly packumentCache full:https://registry.npmjs.org/@react-native%2fjs-polyfills set size:undefined disposed:false
202 http fetch GET 200 https://registry.npmjs.org/@react-native%2fgradle-plugin 4023ms (cache miss)
203 silly packumentCache full:https://registry.npmjs.org/@react-native%2fgradle-plugin set size:undefined disposed:false
204 http fetch GET 200 https://registry.npmjs.org/@react-native%2fcommunity-cli-plugin 1571ms (cache miss)
205 silly packumentCache full:https://registry.npmjs.org/@react-native%2fcommunity-cli-plugin set size:undefined disposed:false
206 http fetch GET 200 https://registry.npmjs.org/scheduler 5862ms (cache miss)
207 silly packumentCache full:https://registry.npmjs.org/scheduler set size:undefined disposed:false
208 silly placeDep ROOT @expo/cli@54.0.23 OK for: expo@54.0.33 want: 54.0.23
209 silly placeDep ROOT @expo/config@12.0.13 OK for: expo@54.0.33 want: ~12.0.13
210 silly placeDep ROOT @expo/config-plugins@54.0.4 OK for: expo@54.0.33 want: ~54.0.4
211 silly placeDep ROOT @expo/devtools@0.1.8 OK for: expo@54.0.33 want: 0.1.8
212 silly placeDep ROOT @expo/fingerprint@0.15.4 OK for: expo@54.0.33 want: 0.15.4
213 silly placeDep ROOT @expo/metro@54.2.0 OK for: expo@54.0.33 want: ~54.2.0
214 silly placeDep ROOT @expo/metro-config@54.0.14 OK for: expo@54.0.33 want: 54.0.14
215 silly placeDep node_modules/expo @expo/vector-icons@15.1.1 OK for: expo@54.0.33 want: ^15.0.3
216 silly placeDep ROOT @ungap/structured-clone@1.3.0 OK for: expo@54.0.33 want: ^1.3.0
217 silly placeDep node_modules/expo babel-preset-expo@54.0.10 OK for: expo@54.0.33 want: ~54.0.10
218 silly placeDep ROOT expo-asset@12.0.12 OK for: expo@54.0.33 want: ~12.0.12
219 silly placeDep ROOT expo-file-system@19.0.21 OK for: expo@54.0.33 want: ~19.0.21
220 silly placeDep node_modules/expo expo-font@14.0.11 OK for: expo@54.0.33 want: ~14.0.11
221 silly placeDep ROOT expo-keep-awake@15.0.8 OK for: expo@54.0.33 want: ~15.0.8
222 silly placeDep ROOT expo-modules-autolinking@3.0.24 OK for: expo@54.0.33 want: 3.0.24
223 silly placeDep ROOT expo-modules-core@3.0.29 OK for: expo@54.0.33 want: 3.0.29
224 silly fetch manifest ws@^8.12.1
225 silly packumentCache full:https://registry.npmjs.org/ws cache-miss
226 silly fetch manifest arg@^5.0.2
227 silly packumentCache full:https://registry.npmjs.org/arg cache-miss
228 silly fetch manifest ora@^3.4.0
229 silly packumentCache full:https://registry.npmjs.org/ora cache-miss
230 silly fetch manifest tar@^7.5.2
231 silly packumentCache full:https://registry.npmjs.org/tar cache-miss
232 silly fetch manifest glob@^13.0.0
233 silly packumentCache full:https://registry.npmjs.org/glob cache-miss
234 silly fetch manifest send@^0.19.0
235 silly packumentCache full:https://registry.npmjs.org/send cache-miss
236 silly fetch manifest getenv@^2.0.0
237 silly packumentCache full:https://registry.npmjs.org/getenv cache-miss
238 http fetch GET 200 https://registry.npmjs.org/getenv 172ms (cache miss)
239 silly packumentCache full:https://registry.npmjs.org/getenv set size:undefined disposed:false
240 silly fetch manifest semver@^7.6.0
241 silly packumentCache full:https://registry.npmjs.org/semver cache-miss
242 http fetch GET 200 https://registry.npmjs.org/ora 200ms (cache miss)
243 silly packumentCache full:https://registry.npmjs.org/ora set size:undefined disposed:false
244 silly fetch manifest undici@^6.18.2
245 silly packumentCache full:https://registry.npmjs.org/undici cache-miss
246 http fetch GET 200 https://registry.npmjs.org/semver 36ms (cache hit)
247 silly packumentCache full:https://registry.npmjs.org/semver set size:229620 disposed:false
248 silly fetch manifest accepts@^1.3.8
249 silly packumentCache full:https://registry.npmjs.org/accepts cache-miss
250 http fetch GET 200 https://registry.npmjs.org/arg 237ms (cache miss)
251 silly packumentCache full:https://registry.npmjs.org/arg set size:undefined disposed:false
252 silly fetch manifest connect@^3.7.0
253 silly packumentCache full:https://registry.npmjs.org/connect cache-miss
254 http fetch GET 200 https://registry.npmjs.org/send 270ms (cache miss)
255 silly packumentCache full:https://registry.npmjs.org/send set size:undefined disposed:false
256 silly fetch manifest prompts@^2.3.2
257 silly packumentCache full:https://registry.npmjs.org/prompts cache-miss
258 http fetch GET 200 https://registry.npmjs.org/accepts 366ms (cache miss)
259 silly packumentCache full:https://registry.npmjs.org/accepts set size:undefined disposed:false
260 silly fetch manifest slugify@^1.3.4
261 silly packumentCache full:https://registry.npmjs.org/slugify cache-miss
262 http fetch GET 200 https://registry.npmjs.org/ws 620ms (cache miss)
263 silly packumentCache full:https://registry.npmjs.org/ws set size:undefined disposed:false
264 silly fetch manifest progress@^2.0.3
265 silly packumentCache full:https://registry.npmjs.org/progress cache-miss
266 http fetch GET 200 https://registry.npmjs.org/tar 690ms (cache miss)
267 silly packumentCache full:https://registry.npmjs.org/tar set size:undefined disposed:false
268 silly fetch manifest requireg@^0.2.2
269 silly packumentCache full:https://registry.npmjs.org/requireg cache-miss
270 http fetch GET 200 https://registry.npmjs.org/glob 708ms (cache miss)
271 silly packumentCache full:https://registry.npmjs.org/glob set size:undefined disposed:false
272 silly fetch manifest minimatch@^9.0.0
273 silly packumentCache full:https://registry.npmjs.org/minimatch cache-miss
274 http fetch GET 200 https://registry.npmjs.org/prompts 471ms (cache miss)
275 silly packumentCache full:https://registry.npmjs.org/prompts set size:undefined disposed:false
276 silly fetch manifest picomatch@^3.0.1
277 silly packumentCache full:https://registry.npmjs.org/picomatch cache-miss
278 http fetch GET 200 https://registry.npmjs.org/connect 563ms (cache miss)
279 silly packumentCache full:https://registry.npmjs.org/connect set size:undefined disposed:false
280 silly fetch manifest @urql/core@^5.0.6
281 silly packumentCache full:https://registry.npmjs.org/@urql%2fcore cache-miss
282 http fetch GET 200 https://registry.npmjs.org/slugify 270ms (cache miss)
283 silly packumentCache full:https://registry.npmjs.org/slugify set size:undefined disposed:false
284 silly fetch manifest better-opn@~3.0.2
285 silly packumentCache full:https://registry.npmjs.org/better-opn cache-miss
286 http fetch GET 200 https://registry.npmjs.org/progress 258ms (cache miss)
287 silly packumentCache full:https://registry.npmjs.org/progress set size:undefined disposed:false
288 silly fetch manifest env-editor@^0.4.1
289 silly packumentCache full:https://registry.npmjs.org/env-editor cache-miss
290 http fetch GET 200 https://registry.npmjs.org/undici 682ms (cache miss)
291 silly packumentCache full:https://registry.npmjs.org/undici set size:undefined disposed:false
292 silly fetch manifest node-forge@^1.3.3
293 silly packumentCache full:https://registry.npmjs.org/node-forge cache-miss
294 http fetch GET 200 https://registry.npmjs.org/requireg 263ms (cache miss)
295 silly packumentCache full:https://registry.npmjs.org/requireg set size:undefined disposed:false
296 silly fetch manifest @expo/plist@^0.4.8
297 silly packumentCache full:https://registry.npmjs.org/@expo%2fplist cache-miss
298 http fetch GET 200 https://registry.npmjs.org/picomatch 267ms (cache miss)
299 silly packumentCache full:https://registry.npmjs.org/picomatch set size:undefined disposed:false
300 silly fetch manifest compression@^1.7.4
301 silly packumentCache full:https://registry.npmjs.org/compression cache-miss
302 http fetch GET 200 https://registry.npmjs.org/better-opn 1249ms (cache miss)
303 silly packumentCache full:https://registry.npmjs.org/better-opn set size:undefined disposed:false
304 silly fetch manifest expo-server@^1.0.5
305 silly packumentCache full:https://registry.npmjs.org/expo-server cache-miss
306 http fetch GET 200 https://registry.npmjs.org/minimatch 1498ms (cache miss)
307 silly packumentCache full:https://registry.npmjs.org/minimatch set size:undefined disposed:false
308 silly fetch manifest lan-network@^0.1.6
309 silly packumentCache full:https://registry.npmjs.org/lan-network cache-miss
310 http fetch GET 200 https://registry.npmjs.org/node-forge 1395ms (cache miss)
311 silly packumentCache full:https://registry.npmjs.org/node-forge set size:undefined disposed:false
312 silly fetch manifest pretty-bytes@^5.6.0
313 silly packumentCache full:https://registry.npmjs.org/pretty-bytes cache-miss
314 http fetch GET 200 https://registry.npmjs.org/compression 1320ms (cache miss)
315 silly packumentCache full:https://registry.npmjs.org/compression set size:undefined disposed:false
316 silly fetch manifest @expo/devcert@^1.2.1
317 silly packumentCache full:https://registry.npmjs.org/@expo%2fdevcert cache-miss
318 http fetch GET 200 https://registry.npmjs.org/@expo%2fplist 1392ms (cache miss)
319 silly packumentCache full:https://registry.npmjs.org/@expo%2fplist set size:undefined disposed:false
320 silly fetch manifest bplist-parser@^0.3.1
321 silly packumentCache full:https://registry.npmjs.org/bplist-parser cache-miss
322 http fetch GET 200 https://registry.npmjs.org/env-editor 1492ms (cache miss)
323 silly packumentCache full:https://registry.npmjs.org/env-editor set size:undefined disposed:false
324 silly fetch manifest terminal-link@^2.1.1
325 silly packumentCache full:https://registry.npmjs.org/terminal-link cache-miss
326 http fetch GET 200 https://registry.npmjs.org/expo-server 264ms (cache miss)
327 silly packumentCache full:https://registry.npmjs.org/expo-server set size:undefined disposed:false
328 silly fetch manifest @expo/xcpretty@^4.3.0
329 silly packumentCache full:https://registry.npmjs.org/@expo%2fxcpretty cache-miss
330 http fetch GET 200 https://registry.npmjs.org/lan-network 165ms (cache miss)
331 silly packumentCache full:https://registry.npmjs.org/lan-network set size:undefined disposed:false
332 silly fetch manifest bplist-creator@0.1.0
333 silly packumentCache full:https://registry.npmjs.org/bplist-creator cache-miss
334 http fetch GET 200 https://registry.npmjs.org/@urql%2fcore 1604ms (cache miss)
335 silly packumentCache full:https://registry.npmjs.org/@urql%2fcore set size:undefined disposed:false
336 silly fetch manifest freeport-async@^2.0.0
337 silly packumentCache full:https://registry.npmjs.org/freeport-async cache-miss
338 http fetch GET 200 https://registry.npmjs.org/terminal-link 134ms (cache miss)
339 silly packumentCache full:https://registry.npmjs.org/terminal-link set size:undefined disposed:false
340 silly fetch manifest @expo/json-file@^10.0.8
341 silly packumentCache full:https://registry.npmjs.org/@expo%2fjson-file cache-miss
342 http fetch GET 200 https://registry.npmjs.org/@expo%2fdevcert 163ms (cache miss)
343 silly packumentCache full:https://registry.npmjs.org/@expo%2fdevcert set size:undefined disposed:false
344 silly fetch manifest @expo/osascript@^2.3.8
345 silly packumentCache full:https://registry.npmjs.org/@expo%2fosascript cache-miss
346 http fetch GET 200 https://registry.npmjs.org/bplist-parser 165ms (cache miss)
347 silly packumentCache full:https://registry.npmjs.org/bplist-parser set size:undefined disposed:false
348 silly fetch manifest @expo/ws-tunnel@^1.0.1
349 silly packumentCache full:https://registry.npmjs.org/@expo%2fws-tunnel cache-miss
350 http fetch GET 200 https://registry.npmjs.org/pretty-bytes 213ms (cache miss)
351 silly packumentCache full:https://registry.npmjs.org/pretty-bytes set size:undefined disposed:false
352 silly fetch manifest npm-package-arg@^11.0.0
353 silly packumentCache full:https://registry.npmjs.org/npm-package-arg cache-miss
354 http fetch GET 200 https://registry.npmjs.org/bplist-creator 189ms (cache miss)
355 silly packumentCache full:https://registry.npmjs.org/bplist-creator set size:undefined disposed:false
356 silly fetch manifest qrcode-terminal@0.11.0
357 silly packumentCache full:https://registry.npmjs.org/qrcode-terminal cache-miss
358 http fetch GET 200 https://registry.npmjs.org/freeport-async 176ms (cache miss)
359 silly packumentCache full:https://registry.npmjs.org/freeport-async set size:undefined disposed:false
360 silly fetch manifest resolve.exports@^2.0.3
361 silly packumentCache full:https://registry.npmjs.org/resolve.exports cache-miss
362 http fetch GET 200 https://registry.npmjs.org/qrcode-terminal 106ms (cache miss)
363 silly packumentCache full:https://registry.npmjs.org/qrcode-terminal set size:undefined disposed:false
364 silly fetch manifest @expo/image-utils@^0.8.8
365 silly packumentCache full:https://registry.npmjs.org/@expo%2fimage-utils cache-miss
366 http fetch GET 200 https://registry.npmjs.org/resolve.exports 147ms (cache miss)
367 silly packumentCache full:https://registry.npmjs.org/resolve.exports set size:undefined disposed:false
368 silly fetch manifest @expo/spawn-async@^1.7.2
369 silly packumentCache full:https://registry.npmjs.org/@expo%2fspawn-async cache-miss
370 http fetch GET 200 https://registry.npmjs.org/@expo%2fxcpretty 405ms (cache miss)
371 silly packumentCache full:https://registry.npmjs.org/@expo%2fxcpretty set size:undefined disposed:false
372 silly fetch manifest @expo/metro-config@~54.0.14
373 silly packumentCache full:https://registry.npmjs.org/@expo%2fmetro-config cache-miss
374 http fetch GET 200 https://registry.npmjs.org/@expo%2fmetro-config 21ms (cache hit)
375 silly packumentCache full:https://registry.npmjs.org/@expo%2fmetro-config set size:1400613 disposed:false
376 silly fetch manifest @expo/schema-utils@^0.1.8
377 silly packumentCache full:https://registry.npmjs.org/@expo%2fschema-utils cache-miss
378 http fetch GET 200 https://registry.npmjs.org/npm-package-arg 413ms (cache miss)
379 silly packumentCache full:https://registry.npmjs.org/npm-package-arg set size:undefined disposed:false
380 silly fetch manifest source-map-support@~0.5.21
381 silly packumentCache full:https://registry.npmjs.org/source-map-support cache-miss
382 http fetch GET 200 https://registry.npmjs.org/@expo%2fws-tunnel 438ms (cache miss)
383 silly packumentCache full:https://registry.npmjs.org/@expo%2fws-tunnel set size:undefined disposed:false
384 silly fetch manifest structured-headers@^0.4.1
385 silly packumentCache full:https://registry.npmjs.org/structured-headers cache-miss
386 http fetch GET 200 https://registry.npmjs.org/@expo%2fimage-utils 303ms (cache miss)
387 silly packumentCache full:https://registry.npmjs.org/@expo%2fimage-utils set size:undefined disposed:false
388 silly fetch manifest @0no-co/graphql.web@^1.0.8
389 silly packumentCache full:https://registry.npmjs.org/@0no-co%2fgraphql.web cache-miss
390 http fetch GET 200 https://registry.npmjs.org/@expo%2fspawn-async 409ms (cache miss)
391 silly packumentCache full:https://registry.npmjs.org/@expo%2fspawn-async set size:undefined disposed:false
392 silly fetch manifest require-from-string@^2.0.2
393 silly packumentCache full:https://registry.npmjs.org/require-from-string cache-miss
394 http fetch GET 200 https://registry.npmjs.org/@expo%2fjson-file 713ms (cache miss)
395 silly packumentCache full:https://registry.npmjs.org/@expo%2fjson-file set size:undefined disposed:false
396 silly fetch manifest @urql/exchange-retry@^1.3.0
397 silly packumentCache full:https://registry.npmjs.org/@urql%2fexchange-retry cache-miss
398 http fetch GET 200 https://registry.npmjs.org/@expo%2fosascript 728ms (cache miss)
399 silly packumentCache full:https://registry.npmjs.org/@expo%2fosascript set size:undefined disposed:false
400 silly fetch manifest @expo/package-manager@^1.9.10
401 silly packumentCache full:https://registry.npmjs.org/@expo%2fpackage-manager cache-miss
402 http fetch GET 200 https://registry.npmjs.org/structured-headers 282ms (cache miss)
403 silly packumentCache full:https://registry.npmjs.org/structured-headers set size:undefined disposed:false
404 silly fetch manifest @expo/prebuild-config@^54.0.8
405 silly packumentCache full:https://registry.npmjs.org/@expo%2fprebuild-config cache-miss
406 http fetch GET 200 https://registry.npmjs.org/source-map-support 309ms (cache miss)
407 silly packumentCache full:https://registry.npmjs.org/source-map-support set size:undefined disposed:false
408 silly fetch manifest @react-native/dev-middleware@0.81.5
409 silly packumentCache full:https://registry.npmjs.org/@react-native%2fdev-middleware cache-miss
410 http fetch GET 200 https://registry.npmjs.org/require-from-string 116ms (cache miss)
411 silly packumentCache full:https://registry.npmjs.org/require-from-string set size:undefined disposed:false
412 silly fetch manifest @expo/code-signing-certificates@^0.0.6
413 silly packumentCache full:https://registry.npmjs.org/@expo%2fcode-signing-certificates cache-miss
414 http fetch GET 200 https://registry.npmjs.org/@expo%2fcode-signing-certificates 128ms (cache miss)
415 silly packumentCache full:https://registry.npmjs.org/@expo%2fcode-signing-certificates set size:undefined disposed:false
416 silly fetch manifest sucrase@~3.35.1
417 silly packumentCache full:https://registry.npmjs.org/sucrase cache-miss
418 http fetch GET 200 https://registry.npmjs.org/@expo%2fschema-utils 707ms (cache miss)
419 silly packumentCache full:https://registry.npmjs.org/@expo%2fschema-utils set size:undefined disposed:false
420 silly fetch manifest deepmerge@^4.3.1
421 silly packumentCache full:https://registry.npmjs.org/deepmerge cache-miss
422 http fetch GET 200 https://registry.npmjs.org/sucrase 259ms (cache miss)
423 silly packumentCache full:https://registry.npmjs.org/sucrase set size:undefined disposed:false
424 silly fetch manifest @babel/code-frame@~7.10.4
425 silly packumentCache full:https://registry.npmjs.org/@babel%2fcode-frame cache-miss
426 http fetch GET 200 https://registry.npmjs.org/@urql%2fexchange-retry 455ms (cache miss)
427 silly packumentCache full:https://registry.npmjs.org/@urql%2fexchange-retry set size:undefined disposed:false
428 silly fetch manifest @expo/config-types@^54.0.10
429 silly packumentCache full:https://registry.npmjs.org/@expo%2fconfig-types cache-miss
430 http fetch GET 200 https://registry.npmjs.org/@expo%2fpackage-manager 546ms (cache miss)
431 silly packumentCache full:https://registry.npmjs.org/@expo%2fpackage-manager set size:undefined disposed:false
432 silly fetch manifest resolve-workspace-root@^2.0.0
433 silly packumentCache full:https://registry.npmjs.org/resolve-workspace-root cache-miss
434 http fetch GET 200 https://registry.npmjs.org/deepmerge 1560ms (cache miss)
435 silly packumentCache full:https://registry.npmjs.org/deepmerge set size:undefined disposed:false
436 silly fetch manifest xcode@^3.0.1
437 silly packumentCache full:https://registry.npmjs.org/xcode cache-miss
438 http fetch GET 200 https://registry.npmjs.org/@0no-co%2fgraphql.web 2122ms (cache miss)
439 silly packumentCache full:https://registry.npmjs.org/@0no-co%2fgraphql.web set size:undefined disposed:false
440 silly fetch manifest semver@^7.5.4
441 silly packumentCache full:https://registry.npmjs.org/semver cache-hit
442 silly fetch manifest xml2js@0.6.0
443 silly packumentCache full:https://registry.npmjs.org/xml2js cache-miss
444 http fetch GET 200 https://registry.npmjs.org/resolve-workspace-root 1326ms (cache miss)
445 silly packumentCache full:https://registry.npmjs.org/resolve-workspace-root set size:undefined disposed:false
446 silly fetch manifest slugify@^1.6.6
447 silly packumentCache full:https://registry.npmjs.org/slugify cache-miss
448 http fetch GET 200 https://registry.npmjs.org/@expo%2fprebuild-config 1899ms (cache miss)
449 silly packumentCache full:https://registry.npmjs.org/@expo%2fprebuild-config set size:undefined disposed:false
450 silly fetch manifest @expo/json-file@~10.0.8
451 silly packumentCache full:https://registry.npmjs.org/@expo%2fjson-file cache-miss
452 http fetch GET 200 https://registry.npmjs.org/@babel%2fcode-frame 1497ms (cache miss)
453 silly packumentCache full:https://registry.npmjs.org/@babel%2fcode-frame set size:undefined disposed:false
454 silly fetch manifest @expo/config-types@^54.0.10
455 silly packumentCache full:https://registry.npmjs.org/@expo%2fconfig-types cache-miss
456 http fetch GET 200 https://registry.npmjs.org/slugify 66ms (cache hit)
457 silly packumentCache full:https://registry.npmjs.org/slugify set size:103522 disposed:false
458 silly fetch manifest @expo/sdk-runtime-versions@^1.0.0
459 silly packumentCache full:https://registry.npmjs.org/@expo%2fsdk-runtime-versions cache-miss
460 http fetch GET 200 https://registry.npmjs.org/@expo%2fconfig-types 1523ms (cache miss)
461 silly packumentCache full:https://registry.npmjs.org/@expo%2fconfig-types set size:undefined disposed:false
462 silly fetch manifest ignore@^5.3.1
463 silly packumentCache full:https://registry.npmjs.org/ignore cache-miss
464 http fetch GET 200 https://registry.npmjs.org/@expo%2fjson-file 75ms (cache hit)
465 silly packumentCache full:https://registry.npmjs.org/@expo%2fjson-file set size:698777 disposed:false
466 silly fetch manifest p-limit@^3.1.0
467 silly packumentCache full:https://registry.npmjs.org/p-limit cache-miss
468 http fetch GET 200 https://registry.npmjs.org/@react-native%2fdev-middleware 2002ms (cache miss)
469 silly packumentCache full:https://registry.npmjs.org/@react-native%2fdev-middleware set size:undefined disposed:false
470 silly fetch manifest metro@0.83.3
471 silly packumentCache full:https://registry.npmjs.org/metro cache-miss
472 http fetch GET 200 https://registry.npmjs.org/xml2js 218ms (cache miss)
473 silly packumentCache full:https://registry.npmjs.org/xml2js set size:undefined disposed:false
474 silly fetch manifest metro-core@0.83.3
475 silly packumentCache full:https://registry.npmjs.org/metro-core cache-miss
476 http fetch GET 200 https://registry.npmjs.org/p-limit 188ms (cache miss)
477 silly packumentCache full:https://registry.npmjs.org/p-limit set size:undefined disposed:false
478 silly fetch manifest metro-cache@0.83.3
479 silly packumentCache full:https://registry.npmjs.org/metro-cache cache-miss
480 http fetch GET 200 https://registry.npmjs.org/ignore 271ms (cache miss)
481 silly packumentCache full:https://registry.npmjs.org/ignore set size:undefined disposed:false
482 silly fetch manifest metro-config@0.83.3
483 silly packumentCache full:https://registry.npmjs.org/metro-config cache-miss
484 http fetch GET 200 https://registry.npmjs.org/@expo%2fsdk-runtime-versions 336ms (cache miss)
485 silly packumentCache full:https://registry.npmjs.org/@expo%2fsdk-runtime-versions set size:undefined disposed:false
486 silly fetch manifest metro-runtime@0.83.3
487 silly packumentCache full:https://registry.npmjs.org/metro-runtime cache-miss
488 http fetch GET 200 https://registry.npmjs.org/metro-runtime 11ms (cache hit)
489 silly packumentCache full:https://registry.npmjs.org/metro-runtime set size:207320 disposed:false
490 silly fetch manifest metro-file-map@0.83.3
491 silly packumentCache full:https://registry.npmjs.org/metro-file-map cache-miss
492 http fetch GET 200 https://registry.npmjs.org/@expo%2fconfig-types 556ms (cache miss)
493 silly packumentCache full:https://registry.npmjs.org/@expo%2fconfig-types set size:undefined disposed:false
494 silly fetch manifest metro-resolver@0.83.3
495 silly packumentCache full:https://registry.npmjs.org/metro-resolver cache-miss
496 http fetch GET 200 https://registry.npmjs.org/metro-file-map 286ms (cache miss)
497 silly packumentCache full:https://registry.npmjs.org/metro-file-map set size:undefined disposed:false
498 silly fetch manifest metro-cache-key@0.83.3
499 silly packumentCache full:https://registry.npmjs.org/metro-cache-key cache-miss
500 http fetch GET 200 https://registry.npmjs.org/metro-core 520ms (cache miss)
501 silly packumentCache full:https://registry.npmjs.org/metro-core set size:undefined disposed:false
502 silly fetch manifest metro-source-map@0.83.3
503 silly packumentCache full:https://registry.npmjs.org/metro-source-map cache-miss
504 http fetch GET 200 https://registry.npmjs.org/metro-source-map 15ms (cache hit)
505 silly packumentCache full:https://registry.npmjs.org/metro-source-map set size:415295 disposed:false
506 silly fetch manifest metro-symbolicate@0.83.3
507 silly packumentCache full:https://registry.npmjs.org/metro-symbolicate cache-miss
508 http fetch GET 200 https://registry.npmjs.org/metro-config 455ms (cache miss)
509 silly packumentCache full:https://registry.npmjs.org/metro-config set size:undefined disposed:false
510 silly fetch manifest metro-minify-terser@0.83.3
511 silly packumentCache full:https://registry.npmjs.org/metro-minify-terser cache-miss
512 http fetch GET 200 https://registry.npmjs.org/metro-cache 618ms (cache miss)
513 silly packumentCache full:https://registry.npmjs.org/metro-cache set size:undefined disposed:false
514 silly fetch manifest metro-transform-worker@0.83.3
515 silly packumentCache full:https://registry.npmjs.org/metro-transform-worker cache-miss
516 http fetch GET 200 https://registry.npmjs.org/metro-cache-key 382ms (cache miss)
517 silly packumentCache full:https://registry.npmjs.org/metro-cache-key set size:undefined disposed:false
518 silly fetch manifest metro-babel-transformer@0.83.3
519 silly packumentCache full:https://registry.npmjs.org/metro-babel-transformer cache-miss
520 http fetch GET 200 https://registry.npmjs.org/metro-symbolicate 839ms (cache miss)
521 silly packumentCache full:https://registry.npmjs.org/metro-symbolicate set size:undefined disposed:false
522 silly fetch manifest metro-transform-plugins@0.83.3
523 silly packumentCache full:https://registry.npmjs.org/metro-transform-plugins cache-miss
524 http fetch GET 200 https://registry.npmjs.org/metro 1468ms (cache miss)
525 silly packumentCache full:https://registry.npmjs.org/metro set size:undefined disposed:false
526 silly fetch manifest dotenv@~16.4.5
527 silly packumentCache full:https://registry.npmjs.org/dotenv cache-miss
528 http fetch GET 200 https://registry.npmjs.org/metro-minify-terser 969ms (cache miss)
529 silly packumentCache full:https://registry.npmjs.org/metro-minify-terser set size:undefined disposed:false
530 silly fetch manifest postcss@~8.4.32
531 silly packumentCache full:https://registry.npmjs.org/postcss cache-miss
532 http fetch GET 200 https://registry.npmjs.org/metro-resolver 1208ms (cache miss)
533 silly packumentCache full:https://registry.npmjs.org/metro-resolver set size:undefined disposed:false
534 silly fetch manifest jsc-safe-url@^0.2.4
535 silly packumentCache full:https://registry.npmjs.org/jsc-safe-url cache-miss
536 http fetch GET 200 https://registry.npmjs.org/metro-babel-transformer 798ms (cache miss)
537 silly packumentCache full:https://registry.npmjs.org/metro-babel-transformer set size:undefined disposed:false
538 silly fetch manifest lightningcss@^1.30.1
539 silly packumentCache full:https://registry.npmjs.org/lightningcss cache-miss
540 http fetch GET 200 https://registry.npmjs.org/metro-transform-worker 1233ms (cache miss)
541 silly packumentCache full:https://registry.npmjs.org/metro-transform-worker set size:undefined disposed:false
542 silly fetch manifest dotenv-expand@~11.0.6
543 silly packumentCache full:https://registry.npmjs.org/dotenv-expand cache-miss
544 http fetch GET 200 https://registry.npmjs.org/jsc-safe-url 540ms (cache miss)
545 silly packumentCache full:https://registry.npmjs.org/jsc-safe-url set size:undefined disposed:false
546 silly fetch manifest hermes-parser@^0.29.1
547 silly packumentCache full:https://registry.npmjs.org/hermes-parser cache-miss
548 http fetch GET 200 https://registry.npmjs.org/dotenv 712ms (cache miss)
549 silly packumentCache full:https://registry.npmjs.org/dotenv set size:undefined disposed:false
550 silly fetch manifest @react-native/babel-preset@0.81.5
551 silly packumentCache full:https://registry.npmjs.org/@react-native%2fbabel-preset cache-miss
552 http fetch GET 200 https://registry.npmjs.org/lightningcss 486ms (cache miss)
553 silly packumentCache full:https://registry.npmjs.org/lightningcss set size:undefined disposed:false
554 silly fetch manifest babel-plugin-react-compiler@^1.0.0
555 silly packumentCache full:https://registry.npmjs.org/babel-plugin-react-compiler cache-miss
556 http fetch GET 200 https://registry.npmjs.org/metro-transform-plugins 916ms (cache miss)
557 silly packumentCache full:https://registry.npmjs.org/metro-transform-plugins set size:undefined disposed:false
558 silly fetch manifest babel-plugin-react-native-web@~0.21.0
559 silly packumentCache full:https://registry.npmjs.org/babel-plugin-react-native-web cache-miss
560 http fetch GET 200 https://registry.npmjs.org/dotenv-expand 513ms (cache miss)
561 silly packumentCache full:https://registry.npmjs.org/dotenv-expand set size:undefined disposed:false
562 silly fetch manifest babel-plugin-syntax-hermes-parser@^0.29.1
563 silly packumentCache full:https://registry.npmjs.org/babel-plugin-syntax-hermes-parser cache-miss
564 http fetch GET 200 https://registry.npmjs.org/babel-plugin-syntax-hermes-parser 16ms (cache hit)
565 silly packumentCache full:https://registry.npmjs.org/babel-plugin-syntax-hermes-parser set size:100651 disposed:false
566 silly fetch manifest commander@^7.2.0
567 silly packumentCache full:https://registry.npmjs.org/commander cache-miss
568 http fetch GET 200 https://registry.npmjs.org/postcss 1086ms (cache miss)
569 silly packumentCache full:https://registry.npmjs.org/postcss set size:undefined disposed:false
570 http fetch GET 200 https://registry.npmjs.org/hermes-parser 543ms (cache miss)
571 silly packumentCache full:https://registry.npmjs.org/hermes-parser set size:undefined disposed:false
572 http fetch GET 200 https://registry.npmjs.org/babel-plugin-react-compiler 963ms (cache miss)
573 silly packumentCache full:https://registry.npmjs.org/babel-plugin-react-compiler set size:undefined disposed:false
574 http fetch GET 200 https://registry.npmjs.org/commander 767ms (cache miss)
575 silly packumentCache full:https://registry.npmjs.org/commander set size:undefined disposed:false
576 http fetch GET 200 https://registry.npmjs.org/babel-plugin-react-native-web 961ms (cache miss)
577 silly packumentCache full:https://registry.npmjs.org/babel-plugin-react-native-web set size:undefined disposed:false
578 http fetch GET 200 https://registry.npmjs.org/@react-native%2fbabel-preset 2123ms (cache miss)
579 silly packumentCache full:https://registry.npmjs.org/@react-native%2fbabel-preset set size:undefined disposed:false
580 http fetch GET 200 https://registry.npmjs.org/xcode 4636ms (cache miss)
581 silly packumentCache full:https://registry.npmjs.org/xcode set size:undefined disposed:false
582 silly placeDep ROOT @0no-co/graphql.web@1.2.0 OK for: @expo/cli@54.0.23 want: ^1.0.8
583 silly placeDep ROOT @expo/code-signing-certificates@0.0.6 OK for: @expo/cli@54.0.23 want: ^0.0.6
584 silly placeDep ROOT @expo/devcert@1.2.1 OK for: @expo/cli@54.0.23 want: ^1.2.1
585 silly placeDep ROOT @expo/env@2.0.11 OK for: @expo/cli@54.0.23 want: ~2.0.8
586 silly placeDep ROOT @expo/image-utils@0.8.13 OK for: @expo/cli@54.0.23 want: ^0.8.8
587 silly placeDep ROOT @expo/json-file@10.0.13 OK for: @expo/cli@54.0.23 want: ^10.0.8
588 silly placeDep ROOT @expo/osascript@2.4.2 OK for: @expo/cli@54.0.23 want: ^2.3.8
589 silly placeDep ROOT @expo/package-manager@1.10.4 OK for: @expo/cli@54.0.23 want: ^1.9.10
590 silly placeDep ROOT @expo/plist@0.4.8 OK for: @expo/cli@54.0.23 want: ^0.4.8
591 silly placeDep ROOT @expo/prebuild-config@54.0.8 OK for: @expo/cli@54.0.23 want: ^54.0.8
592 silly placeDep ROOT @expo/schema-utils@0.1.8 OK for: @expo/cli@54.0.23 want: ^0.1.8
593 silly placeDep ROOT @expo/spawn-async@1.7.2 OK for: @expo/cli@54.0.23 want: ^1.7.2
594 silly placeDep ROOT @expo/ws-tunnel@1.0.6 OK for: @expo/cli@54.0.23 want: ^1.0.1
595 silly placeDep ROOT @expo/xcpretty@4.4.3 OK for: @expo/cli@54.0.23 want: ^4.3.0
596 silly placeDep ROOT @react-native/dev-middleware@0.81.5 OK for: @expo/cli@54.0.23 want: 0.81.5
597 silly placeDep ROOT @urql/core@5.2.0 OK for: @expo/cli@54.0.23 want: ^5.0.6
598 silly placeDep ROOT @urql/exchange-retry@1.3.2 OK for: @expo/cli@54.0.23 want: ^1.3.0
599 silly placeDep ROOT accepts@1.3.8 OK for: @expo/cli@54.0.23 want: ^1.3.8
600 silly placeDep ROOT arg@5.0.2 OK for: @expo/cli@54.0.23 want: ^5.0.2
601 silly placeDep ROOT better-opn@3.0.2 OK for: @expo/cli@54.0.23 want: ~3.0.2
602 silly placeDep ROOT bplist-creator@0.1.0 OK for: @expo/cli@54.0.23 want: 0.1.0
603 silly placeDep ROOT bplist-parser@0.3.2 OK for: @expo/cli@54.0.23 want: ^0.3.1
604 silly placeDep ROOT compression@1.8.1 OK for: @expo/cli@54.0.23 want: ^1.7.4
605 silly placeDep ROOT connect@3.7.0 OK for: @expo/cli@54.0.23 want: ^3.7.0
606 silly placeDep ROOT env-editor@0.4.2 OK for: @expo/cli@54.0.23 want: ^0.4.1
607 silly placeDep ROOT expo-server@1.0.5 OK for: @expo/cli@54.0.23 want: ^1.0.5
608 silly placeDep ROOT freeport-async@2.0.0 OK for: @expo/cli@54.0.23 want: ^2.0.0
609 silly placeDep ROOT getenv@2.0.0 OK for: @expo/cli@54.0.23 want: ^2.0.0
610 silly placeDep node_modules/@expo/cli glob@13.0.6 OK for: @expo/cli@54.0.23 want: ^13.0.0
611 silly placeDep ROOT lan-network@0.1.7 OK for: @expo/cli@54.0.23 want: ^0.1.6
612 silly placeDep ROOT minimatch@9.0.9 OK for: @expo/cli@54.0.23 want: ^9.0.0
613 silly placeDep ROOT node-forge@1.4.0 OK for: @expo/cli@54.0.23 want: ^1.3.3
614 silly placeDep ROOT npm-package-arg@11.0.3 OK for: @expo/cli@54.0.23 want: ^11.0.0
615 silly placeDep ROOT ora@3.4.0 OK for: @expo/cli@54.0.23 want: ^3.4.0
616 silly placeDep ROOT picomatch@3.0.2 OK for: @expo/cli@54.0.23 want: ^3.0.1
617 silly placeDep ROOT pretty-bytes@5.6.0 OK for: @expo/cli@54.0.23 want: ^5.6.0
618 silly placeDep ROOT progress@2.0.3 OK for: @expo/cli@54.0.23 want: ^2.0.3
619 silly placeDep ROOT prompts@2.4.2 OK for: @expo/cli@54.0.23 want: ^2.3.2
620 silly placeDep ROOT qrcode-terminal@0.11.0 OK for: @expo/cli@54.0.23 want: 0.11.0
621 silly placeDep ROOT require-from-string@2.0.2 OK for: @expo/cli@54.0.23 want: ^2.0.2
622 silly placeDep ROOT requireg@0.2.2 OK for: @expo/cli@54.0.23 want: ^0.2.2
623 silly placeDep ROOT resolve.exports@2.0.3 OK for: @expo/cli@54.0.23 want: ^2.0.3
624 silly placeDep node_modules/@expo/cli semver@7.7.4 OK for: @expo/cli@54.0.23 want: ^7.6.0
625 silly placeDep ROOT send@0.19.2 OK for: @expo/cli@54.0.23 want: ^0.19.0
626 silly placeDep ROOT slugify@1.6.9 OK for: @expo/cli@54.0.23 want: ^1.3.4
627 silly placeDep ROOT source-map-support@0.5.21 OK for: @expo/cli@54.0.23 want: ~0.5.21
628 silly placeDep ROOT structured-headers@0.4.1 OK for: @expo/cli@54.0.23 want: ^0.4.1
629 silly placeDep ROOT tar@7.5.13 OK for: @expo/cli@54.0.23 want: ^7.5.2
630 silly placeDep ROOT terminal-link@2.1.1 OK for: @expo/cli@54.0.23 want: ^2.1.1
631 silly placeDep ROOT undici@6.24.1 OK for: @expo/cli@54.0.23 want: ^6.18.2
632 silly placeDep ROOT ws@8.20.0 OK for: @expo/cli@54.0.23 want: ^8.12.1
633 silly fetch manifest debug@^3.1.0
634 silly packumentCache full:https://registry.npmjs.org/debug cache-miss
635 silly fetch manifest @expo/sudo-prompt@^9.3.1
636 silly packumentCache full:https://registry.npmjs.org/@expo%2fsudo-prompt cache-miss
637 silly fetch manifest parse-png@^2.1.0
638 silly packumentCache full:https://registry.npmjs.org/parse-png cache-miss
639 silly fetch manifest jimp-compact@0.16.1
640 silly packumentCache full:https://registry.npmjs.org/jimp-compact cache-miss
641 silly fetch manifest @expo/require-utils@^55.0.4
642 silly packumentCache full:https://registry.npmjs.org/@expo%2frequire-utils cache-miss
643 silly fetch manifest xmlbuilder@^15.1.1
644 silly packumentCache full:https://registry.npmjs.org/xmlbuilder cache-miss
645 silly fetch manifest @xmldom/xmldom@^0.8.8
646 silly packumentCache full:https://registry.npmjs.org/@xmldom%2fxmldom cache-miss
647 http fetch GET 200 https://registry.npmjs.org/parse-png 192ms (cache miss)
648 silly packumentCache full:https://registry.npmjs.org/parse-png set size:undefined disposed:false
649 silly fetch manifest @react-native/normalize-colors@0.81.5
650 silly packumentCache full:https://registry.npmjs.org/@react-native%2fnormalize-colors cache-miss
651 http fetch GET 200 https://registry.npmjs.org/jimp-compact 247ms (cache miss)
652 silly packumentCache full:https://registry.npmjs.org/jimp-compact set size:undefined disposed:false
653 silly fetch manifest cross-spawn@^7.0.3
654 silly packumentCache full:https://registry.npmjs.org/cross-spawn cache-miss
655 http fetch GET 200 https://registry.npmjs.org/xmlbuilder 250ms (cache miss)
656 silly packumentCache full:https://registry.npmjs.org/xmlbuilder set size:undefined disposed:false
657 silly fetch manifest js-yaml@^4.1.0
658 silly packumentCache full:https://registry.npmjs.org/js-yaml cache-miss
659 http fetch GET 200 https://registry.npmjs.org/@react-native%2fnormalize-colors 76ms (cache hit)
660 silly packumentCache full:https://registry.npmjs.org/@react-native%2fnormalize-colors set size:1803665 disposed:false
661 silly fetch manifest ws@^6.2.3
662 silly packumentCache full:https://registry.npmjs.org/ws cache-miss
663 http fetch GET 200 https://registry.npmjs.org/debug 300ms (cache miss)
664 silly packumentCache full:https://registry.npmjs.org/debug set size:undefined disposed:false
665 silly fetch manifest open@^7.0.3
666 silly packumentCache full:https://registry.npmjs.org/open cache-miss
667 http fetch GET 200 https://registry.npmjs.org/ws 15ms (cache hit)
668 silly packumentCache full:https://registry.npmjs.org/ws set size:415737 disposed:false
669 silly fetch manifest connect@^3.6.5
670 silly packumentCache full:https://registry.npmjs.org/connect cache-miss
671 http fetch GET 200 https://registry.npmjs.org/connect 49ms (cache hit)
672 silly packumentCache full:https://registry.npmjs.org/connect set size:438385 disposed:false
673 silly fetch manifest serve-static@^1.16.2
674 silly packumentCache full:https://registry.npmjs.org/serve-static cache-miss
675 http fetch GET 200 https://registry.npmjs.org/@expo%2fsudo-prompt 392ms (cache miss)
676 silly packumentCache full:https://registry.npmjs.org/@expo%2fsudo-prompt set size:undefined disposed:false
677 silly fetch manifest chrome-launcher@^0.15.2
678 silly packumentCache full:https://registry.npmjs.org/chrome-launcher cache-miss
679 http fetch GET 200 https://registry.npmjs.org/@expo%2frequire-utils 393ms (cache miss)
680 silly packumentCache full:https://registry.npmjs.org/@expo%2frequire-utils set size:undefined disposed:false
681 silly fetch manifest @isaacs/ttlcache@^1.4.1
682 silly packumentCache full:https://registry.npmjs.org/@isaacs%2fttlcache cache-miss
683 http fetch GET 200 https://registry.npmjs.org/cross-spawn 150ms (cache miss)
684 silly packumentCache full:https://registry.npmjs.org/cross-spawn set size:undefined disposed:false
685 silly fetch manifest chromium-edge-launcher@^0.2.0
686 silly packumentCache full:https://registry.npmjs.org/chromium-edge-launcher cache-miss
687 http fetch GET 200 https://registry.npmjs.org/@xmldom%2fxmldom 420ms (cache miss)
688 silly packumentCache full:https://registry.npmjs.org/@xmldom%2fxmldom set size:undefined disposed:false
689 silly fetch manifest @react-native/debugger-frontend@0.81.5
690 silly packumentCache full:https://registry.npmjs.org/@react-native%2fdebugger-frontend cache-miss
691 http fetch GET 200 https://registry.npmjs.org/js-yaml 183ms (cache miss)
692 silly packumentCache full:https://registry.npmjs.org/js-yaml set size:undefined disposed:false
693 silly fetch manifest wonka@^6.3.2
694 silly packumentCache full:https://registry.npmjs.org/wonka cache-miss
695 http fetch GET 200 https://registry.npmjs.org/@isaacs%2fttlcache 232ms (cache miss)
696 silly packumentCache full:https://registry.npmjs.org/@isaacs%2fttlcache set size:undefined disposed:false
697 silly fetch manifest wonka@^6.3.2
698 silly packumentCache full:https://registry.npmjs.org/wonka cache-miss
699 http fetch GET 200 https://registry.npmjs.org/open 351ms (cache miss)
700 silly packumentCache full:https://registry.npmjs.org/open set size:undefined disposed:false
701 silly fetch manifest mime-types@~2.1.34
702 silly packumentCache full:https://registry.npmjs.org/mime-types cache-miss
703 http fetch GET 200 https://registry.npmjs.org/chrome-launcher 271ms (cache miss)
704 silly packumentCache full:https://registry.npmjs.org/chrome-launcher set size:undefined disposed:false
705 silly fetch manifest negotiator@0.6.3
706 silly packumentCache full:https://registry.npmjs.org/negotiator cache-miss
707 http fetch GET 200 https://registry.npmjs.org/serve-static 282ms (cache miss)
708 silly packumentCache full:https://registry.npmjs.org/serve-static set size:undefined disposed:false
709 silly fetch manifest open@^8.0.4
710 silly packumentCache full:https://registry.npmjs.org/open cache-miss
711 http fetch GET 200 https://registry.npmjs.org/open 8ms (cache hit)
712 silly packumentCache full:https://registry.npmjs.org/open set size:136392 disposed:false
713 silly fetch manifest stream-buffers@2.2.x
714 silly packumentCache full:https://registry.npmjs.org/stream-buffers cache-miss
715 http fetch GET 200 https://registry.npmjs.org/wonka 440ms (cache miss)
716 silly packumentCache full:https://registry.npmjs.org/wonka set size:undefined disposed:false
717 silly fetch manifest big-integer@1.6.x
718 silly packumentCache full:https://registry.npmjs.org/big-integer cache-miss
719 http fetch GET 200 https://registry.npmjs.org/stream-buffers 226ms (cache miss)
720 silly packumentCache full:https://registry.npmjs.org/stream-buffers set size:undefined disposed:false
721 silly fetch manifest vary@~1.1.2
722 silly packumentCache full:https://registry.npmjs.org/vary cache-miss
723 http fetch GET 200 https://registry.npmjs.org/negotiator 251ms (cache miss)
724 silly packumentCache full:https://registry.npmjs.org/negotiator set size:undefined disposed:false
725 silly fetch manifest bytes@3.1.2
726 silly packumentCache full:https://registry.npmjs.org/bytes cache-miss
727 http fetch GET 200 https://registry.npmjs.org/mime-types 488ms (cache miss)
728 silly packumentCache full:https://registry.npmjs.org/mime-types set size:undefined disposed:false
729 silly fetch manifest debug@2.6.9
730 silly packumentCache full:https://registry.npmjs.org/debug cache-miss
731 http fetch GET 200 https://registry.npmjs.org/chromium-edge-launcher 753ms (cache miss)
732 silly packumentCache full:https://registry.npmjs.org/chromium-edge-launcher set size:undefined disposed:false
733 silly fetch manifest negotiator@~0.6.4
734 silly packumentCache full:https://registry.npmjs.org/negotiator cache-miss
735 http fetch GET 200 https://registry.npmjs.org/wonka 524ms (cache miss)
736 silly packumentCache full:https://registry.npmjs.org/wonka set size:undefined disposed:false
737 silly fetch manifest on-headers@~1.1.0
738 silly packumentCache full:https://registry.npmjs.org/on-headers cache-miss
739 http fetch GET 200 https://registry.npmjs.org/negotiator 190ms (cache hit)
740 silly packumentCache full:https://registry.npmjs.org/negotiator set size:48046 disposed:false
741 silly fetch manifest safe-buffer@5.2.1
742 silly packumentCache full:https://registry.npmjs.org/safe-buffer cache-miss
743 http fetch GET 200 https://registry.npmjs.org/debug 201ms (cache hit)
744 silly packumentCache full:https://registry.npmjs.org/debug set size:195840 disposed:false
745 silly fetch manifest compressible@~2.0.18
746 silly packumentCache full:https://registry.npmjs.org/compressible cache-miss
747 http fetch GET 200 https://registry.npmjs.org/vary 447ms (cache miss)
748 silly packumentCache full:https://registry.npmjs.org/vary set size:undefined disposed:false
749 silly fetch manifest finalhandler@1.1.2
750 silly packumentCache full:https://registry.npmjs.org/finalhandler cache-miss
751 http fetch GET 200 https://registry.npmjs.org/bytes 459ms (cache miss)
752 silly packumentCache full:https://registry.npmjs.org/bytes set size:undefined disposed:false
753 silly fetch manifest parseurl@~1.3.3
754 silly packumentCache full:https://registry.npmjs.org/parseurl cache-miss
755 http fetch GET 200 https://registry.npmjs.org/big-integer 486ms (cache miss)
756 silly packumentCache full:https://registry.npmjs.org/big-integer set size:undefined disposed:false
757 silly fetch manifest utils-merge@1.0.1
758 silly packumentCache full:https://registry.npmjs.org/utils-merge cache-miss
759 http fetch GET 200 https://registry.npmjs.org/on-headers 407ms (cache miss)
760 silly packumentCache full:https://registry.npmjs.org/on-headers set size:undefined disposed:false
761 silly fetch manifest minimatch@^10.2.2
762 silly packumentCache full:https://registry.npmjs.org/minimatch cache-miss
763 http fetch GET 200 https://registry.npmjs.org/minimatch 12ms (cache hit)
764 silly packumentCache full:https://registry.npmjs.org/minimatch set size:375282 disposed:false
765 silly fetch manifest minipass@^7.1.3
766 silly packumentCache full:https://registry.npmjs.org/minipass cache-miss
767 http fetch GET 200 https://registry.npmjs.org/compressible 283ms (cache miss)
768 silly packumentCache full:https://registry.npmjs.org/compressible set size:undefined disposed:false
769 silly fetch manifest path-scurry@^2.0.2
770 silly packumentCache full:https://registry.npmjs.org/path-scurry cache-miss
771 http fetch GET 200 https://registry.npmjs.org/safe-buffer 355ms (cache miss)
772 silly packumentCache full:https://registry.npmjs.org/safe-buffer set size:undefined disposed:false
773 silly fetch manifest brace-expansion@^2.0.2
774 silly packumentCache full:https://registry.npmjs.org/brace-expansion cache-miss
775 http fetch GET 200 https://registry.npmjs.org/finalhandler 369ms (cache miss)
776 silly packumentCache full:https://registry.npmjs.org/finalhandler set size:undefined disposed:false
777 silly fetch manifest semver@^7.3.5
778 silly packumentCache full:https://registry.npmjs.org/semver cache-hit
779 silly fetch manifest proc-log@^4.0.0
780 silly packumentCache full:https://registry.npmjs.org/proc-log cache-miss
781 http fetch GET 200 https://registry.npmjs.org/utils-merge 344ms (cache miss)
782 silly packumentCache full:https://registry.npmjs.org/utils-merge set size:undefined disposed:false
783 silly fetch manifest hosted-git-info@^7.0.0
784 silly packumentCache full:https://registry.npmjs.org/hosted-git-info cache-miss
785 http fetch GET 200 https://registry.npmjs.org/@react-native%2fdebugger-frontend 1336ms (cache miss)
786 silly packumentCache full:https://registry.npmjs.org/@react-native%2fdebugger-frontend set size:undefined disposed:false
787 silly fetch manifest validate-npm-package-name@^5.0.0
788 silly packumentCache full:https://registry.npmjs.org/validate-npm-package-name cache-miss
789 http fetch GET 200 https://registry.npmjs.org/minipass 263ms (cache miss)
790 silly packumentCache full:https://registry.npmjs.org/minipass set size:undefined disposed:false
791 silly fetch manifest chalk@^2.4.2
792 silly packumentCache full:https://registry.npmjs.org/chalk cache-miss
793 http fetch GET 200 https://registry.npmjs.org/path-scurry 257ms (cache miss)
794 silly packumentCache full:https://registry.npmjs.org/path-scurry set size:undefined disposed:false
795 silly fetch manifest wcwidth@^1.0.1
796 silly packumentCache full:https://registry.npmjs.org/wcwidth cache-miss
797 http fetch GET 200 https://registry.npmjs.org/parseurl 532ms (cache miss)
798 silly packumentCache full:https://registry.npmjs.org/parseurl set size:undefined disposed:false
799 silly fetch manifest cli-cursor@^2.1.0
800 silly packumentCache full:https://registry.npmjs.org/cli-cursor cache-miss
801 http fetch GET 200 https://registry.npmjs.org/brace-expansion 211ms (cache miss)
802 silly packumentCache full:https://registry.npmjs.org/brace-expansion set size:undefined disposed:false
803 silly fetch manifest strip-ansi@^5.2.0
804 silly packumentCache full:https://registry.npmjs.org/strip-ansi cache-miss
805 http fetch GET 200 https://registry.npmjs.org/validate-npm-package-name 268ms (cache miss)
806 silly packumentCache full:https://registry.npmjs.org/validate-npm-package-name set size:undefined disposed:false
807 silly fetch manifest log-symbols@^2.2.0
808 silly packumentCache full:https://registry.npmjs.org/log-symbols cache-miss
809 http fetch GET 200 https://registry.npmjs.org/proc-log 324ms (cache miss)
810 silly packumentCache full:https://registry.npmjs.org/proc-log set size:undefined disposed:false
811 silly fetch manifest cli-spinners@^2.0.0
812 silly packumentCache full:https://registry.npmjs.org/cli-spinners cache-miss
813 http fetch GET 200 https://registry.npmjs.org/hosted-git-info 375ms (cache miss)
814 silly packumentCache full:https://registry.npmjs.org/hosted-git-info set size:undefined disposed:false
815 silly fetch manifest kleur@^3.0.3
816 silly packumentCache full:https://registry.npmjs.org/kleur cache-miss
817 http fetch GET 200 https://registry.npmjs.org/wcwidth 238ms (cache miss)
818 silly packumentCache full:https://registry.npmjs.org/wcwidth set size:undefined disposed:false
819 silly fetch manifest sisteransi@^1.0.5
820 silly packumentCache full:https://registry.npmjs.org/sisteransi cache-miss
821 http fetch GET 200 https://registry.npmjs.org/chalk 284ms (cache miss)
822 silly packumentCache full:https://registry.npmjs.org/chalk set size:undefined disposed:false
823 silly fetch manifest nested-error-stacks@~2.0.1
824 silly packumentCache full:https://registry.npmjs.org/nested-error-stacks cache-miss
825 http fetch GET 200 https://registry.npmjs.org/strip-ansi 235ms (cache miss)
826 silly packumentCache full:https://registry.npmjs.org/strip-ansi set size:undefined disposed:false
827 silly fetch manifest rc@~1.2.7
828 silly packumentCache full:https://registry.npmjs.org/rc cache-miss
829 http fetch GET 200 https://registry.npmjs.org/cli-cursor 275ms (cache miss)
830 silly packumentCache full:https://registry.npmjs.org/cli-cursor set size:undefined disposed:false
831 silly fetch manifest resolve@~1.7.1
832 silly packumentCache full:https://registry.npmjs.org/resolve cache-miss
833 http fetch GET 200 https://registry.npmjs.org/log-symbols 174ms (cache miss)
834 silly packumentCache full:https://registry.npmjs.org/log-symbols set size:undefined disposed:false
835 silly fetch manifest depd@2.0.0
836 silly packumentCache full:https://registry.npmjs.org/depd cache-miss
837 http fetch GET 200 https://registry.npmjs.org/cli-spinners 151ms (cache miss)
838 silly packumentCache full:https://registry.npmjs.org/cli-spinners set size:undefined disposed:false
839 silly fetch manifest etag@~1.8.1
840 silly packumentCache full:https://registry.npmjs.org/etag cache-miss
841 http fetch GET 200 https://registry.npmjs.org/nested-error-stacks 119ms (cache miss)
842 silly packumentCache full:https://registry.npmjs.org/nested-error-stacks set size:undefined disposed:false
843 silly fetch manifest mime@1.6.0
844 silly packumentCache full:https://registry.npmjs.org/mime cache-miss
845 http fetch GET 200 https://registry.npmjs.org/sisteransi 132ms (cache miss)
846 silly packumentCache full:https://registry.npmjs.org/sisteransi set size:undefined disposed:false
847 silly fetch manifest fresh@~0.5.2
848 silly packumentCache full:https://registry.npmjs.org/fresh cache-miss
849 http fetch GET 200 https://registry.npmjs.org/kleur 289ms (cache miss)
850 silly packumentCache full:https://registry.npmjs.org/kleur set size:undefined disposed:false
851 silly fetch manifest destroy@1.2.0
852 silly packumentCache full:https://registry.npmjs.org/destroy cache-miss
853 http fetch GET 200 https://registry.npmjs.org/etag 181ms (cache miss)
854 silly packumentCache full:https://registry.npmjs.org/etag set size:undefined disposed:false
855 silly fetch manifest statuses@~2.0.2
856 silly packumentCache full:https://registry.npmjs.org/statuses cache-miss
857 http fetch GET 200 https://registry.npmjs.org/fresh 142ms (cache miss)
858 silly packumentCache full:https://registry.npmjs.org/fresh set size:undefined disposed:false
859 silly fetch manifest encodeurl@~2.0.0
860 silly packumentCache full:https://registry.npmjs.org/encodeurl cache-miss
861 http fetch GET 200 https://registry.npmjs.org/rc 266ms (cache miss)
862 silly packumentCache full:https://registry.npmjs.org/rc set size:undefined disposed:false
863 silly fetch manifest escape-html@~1.0.3
864 silly packumentCache full:https://registry.npmjs.org/escape-html cache-miss
865 http fetch GET 200 https://registry.npmjs.org/depd 203ms (cache miss)
866 silly packumentCache full:https://registry.npmjs.org/depd set size:undefined disposed:false
867 silly fetch manifest http-errors@~2.0.1
868 silly packumentCache full:https://registry.npmjs.org/http-errors cache-miss
869 http fetch GET 200 https://registry.npmjs.org/mime 166ms (cache miss)
870 silly packumentCache full:https://registry.npmjs.org/mime set size:undefined disposed:false
871 silly fetch manifest on-finished@~2.4.1
872 silly packumentCache full:https://registry.npmjs.org/on-finished cache-miss
873 http fetch GET 200 https://registry.npmjs.org/resolve 319ms (cache miss)
874 silly packumentCache full:https://registry.npmjs.org/resolve set size:undefined disposed:false
875 silly fetch manifest range-parser@~1.2.1
876 silly packumentCache full:https://registry.npmjs.org/range-parser cache-miss
877 http fetch GET 200 https://registry.npmjs.org/destroy 141ms (cache miss)
878 silly packumentCache full:https://registry.npmjs.org/destroy set size:undefined disposed:false
879 silly fetch manifest buffer-from@^1.0.0
880 silly packumentCache full:https://registry.npmjs.org/buffer-from cache-miss
881 http fetch GET 200 https://registry.npmjs.org/encodeurl 138ms (cache miss)
882 silly packumentCache full:https://registry.npmjs.org/encodeurl set size:undefined disposed:false
883 silly fetch manifest source-map@^0.6.0
884 silly packumentCache full:https://registry.npmjs.org/source-map cache-miss
885 http fetch GET 200 https://registry.npmjs.org/escape-html 141ms (cache miss)
886 silly packumentCache full:https://registry.npmjs.org/escape-html set size:undefined disposed:false
887 silly fetch manifest @isaacs/fs-minipass@^4.0.0
888 silly packumentCache full:https://registry.npmjs.org/@isaacs%2ffs-minipass cache-miss
889 http fetch GET 200 https://registry.npmjs.org/statuses 152ms (cache miss)
890 silly packumentCache full:https://registry.npmjs.org/statuses set size:undefined disposed:false
891 silly fetch manifest chownr@^3.0.0
892 silly packumentCache full:https://registry.npmjs.org/chownr cache-miss
893 http fetch GET 200 https://registry.npmjs.org/on-finished 134ms (cache miss)
894 silly packumentCache full:https://registry.npmjs.org/on-finished set size:undefined disposed:false
895 silly fetch manifest minipass@^7.1.2
896 silly packumentCache full:https://registry.npmjs.org/minipass cache-miss
897 http fetch GET 200 https://registry.npmjs.org/http-errors 204ms (cache miss)
898 silly packumentCache full:https://registry.npmjs.org/http-errors set size:undefined disposed:false
899 silly fetch manifest minizlib@^3.1.0
900 silly packumentCache full:https://registry.npmjs.org/minizlib cache-miss
901 http fetch GET 200 https://registry.npmjs.org/minipass 83ms (cache hit)
902 silly packumentCache full:https://registry.npmjs.org/minipass set size:276925 disposed:false
903 silly fetch manifest yallist@^5.0.0
904 silly packumentCache full:https://registry.npmjs.org/yallist cache-miss
905 http fetch GET 200 https://registry.npmjs.org/chownr 124ms (cache miss)
906 silly packumentCache full:https://registry.npmjs.org/chownr set size:undefined disposed:false
907 silly fetch manifest ansi-escapes@^4.2.1
908 silly packumentCache full:https://registry.npmjs.org/ansi-escapes cache-miss
909 http fetch GET 200 https://registry.npmjs.org/buffer-from 143ms (cache miss)
910 silly packumentCache full:https://registry.npmjs.org/buffer-from set size:undefined disposed:false
911 silly fetch manifest supports-hyperlinks@^2.0.0
912 silly packumentCache full:https://registry.npmjs.org/supports-hyperlinks cache-miss
913 http fetch GET 200 https://registry.npmjs.org/@isaacs%2ffs-minipass 169ms (cache miss)
914 silly packumentCache full:https://registry.npmjs.org/@isaacs%2ffs-minipass set size:undefined disposed:false
915 http fetch GET 200 https://registry.npmjs.org/range-parser 221ms (cache miss)
916 silly packumentCache full:https://registry.npmjs.org/range-parser set size:undefined disposed:false
917 http fetch GET 200 https://registry.npmjs.org/yallist 165ms (cache miss)
918 silly packumentCache full:https://registry.npmjs.org/yallist set size:undefined disposed:false
919 http fetch GET 200 https://registry.npmjs.org/ansi-escapes 133ms (cache miss)
920 silly packumentCache full:https://registry.npmjs.org/ansi-escapes set size:undefined disposed:false
921 http fetch GET 200 https://registry.npmjs.org/source-map 349ms (cache miss)
922 silly packumentCache full:https://registry.npmjs.org/source-map set size:undefined disposed:false
923 http fetch GET 200 https://registry.npmjs.org/supports-hyperlinks 223ms (cache miss)
924 silly packumentCache full:https://registry.npmjs.org/supports-hyperlinks set size:undefined disposed:false
925 http fetch GET 200 https://registry.npmjs.org/minizlib 533ms (cache miss)
926 silly packumentCache full:https://registry.npmjs.org/minizlib set size:undefined disposed:false
927 silly placeDep node_modules/@expo/config @babel/code-frame@7.10.4 OK for: @expo/config@12.0.13 want: ~7.10.4
928 silly placeDep ROOT @expo/config-types@54.0.10 OK for: @expo/config@12.0.13 want: ^54.0.10
929 silly placeDep ROOT deepmerge@4.3.1 OK for: @expo/config@12.0.13 want: ^4.3.1
930 silly placeDep node_modules/@expo/config glob@13.0.6 OK for: @expo/config@12.0.13 want: ^13.0.0
931 silly placeDep ROOT resolve-workspace-root@2.0.1 OK for: @expo/config@12.0.13 want: ^2.0.0
932 silly placeDep node_modules/@expo/config semver@7.7.4 OK for: @expo/config@12.0.13 want: ^7.6.0
933 silly placeDep ROOT sucrase@3.35.1 OK for: @expo/config@12.0.13 want: ~3.35.1
934 silly fetch manifest @babel/highlight@^7.10.4
935 silly packumentCache full:https://registry.npmjs.org/@babel%2fhighlight cache-miss
936 silly fetch manifest commander@^4.0.0
937 silly packumentCache full:https://registry.npmjs.org/commander cache-miss
938 silly fetch manifest lines-and-columns@^1.1.6
939 silly packumentCache full:https://registry.npmjs.org/lines-and-columns cache-miss
940 silly fetch manifest mz@^2.7.0
941 silly packumentCache full:https://registry.npmjs.org/mz cache-miss
942 silly fetch manifest tinyglobby@^0.2.11
943 silly packumentCache full:https://registry.npmjs.org/tinyglobby cache-miss
944 silly fetch manifest ts-interface-checker@^0.1.9
945 silly packumentCache full:https://registry.npmjs.org/ts-interface-checker cache-miss
946 http fetch GET 200 https://registry.npmjs.org/commander 57ms (cache hit)
947 silly packumentCache full:https://registry.npmjs.org/commander set size:306325 disposed:false
948 http fetch GET 200 https://registry.npmjs.org/mz 165ms (cache miss)
949 silly packumentCache full:https://registry.npmjs.org/mz set size:undefined disposed:false
950 http fetch GET 200 https://registry.npmjs.org/ts-interface-checker 165ms (cache miss)
951 silly packumentCache full:https://registry.npmjs.org/ts-interface-checker set size:undefined disposed:false
952 http fetch GET 200 https://registry.npmjs.org/tinyglobby 170ms (cache miss)
953 silly packumentCache full:https://registry.npmjs.org/tinyglobby set size:undefined disposed:false
954 http fetch GET 200 https://registry.npmjs.org/lines-and-columns 182ms (cache miss)
955 silly packumentCache full:https://registry.npmjs.org/lines-and-columns set size:undefined disposed:false
956 http fetch GET 200 https://registry.npmjs.org/@babel%2fhighlight 287ms (cache miss)
957 silly packumentCache full:https://registry.npmjs.org/@babel%2fhighlight set size:undefined disposed:false
958 silly placeDep ROOT @expo/sdk-runtime-versions@1.0.0 OK for: @expo/config-plugins@54.0.4 want: ^1.0.0
959 silly placeDep node_modules/@expo/config-plugins glob@13.0.6 OK for: @expo/config-plugins@54.0.4 want: ^13.0.0
960 silly placeDep node_modules/@expo/config-plugins semver@7.7.4 OK for: @expo/config-plugins@54.0.4 want: ^7.5.4
961 silly placeDep ROOT xcode@3.0.1 OK for: @expo/config-plugins@54.0.4 want: ^3.0.1
962 silly placeDep ROOT xml2js@0.6.0 OK for: @expo/config-plugins@54.0.4 want: 0.6.0
963 silly fetch manifest uuid@^7.0.3
964 silly packumentCache full:https://registry.npmjs.org/uuid cache-miss
965 silly fetch manifest simple-plist@^1.1.0
966 silly packumentCache full:https://registry.npmjs.org/simple-plist cache-miss
967 silly fetch manifest sax@>=0.6.0
968 silly packumentCache full:https://registry.npmjs.org/sax cache-miss
969 silly fetch manifest xmlbuilder@~11.0.0
970 silly packumentCache full:https://registry.npmjs.org/xmlbuilder cache-miss
971 http fetch GET 200 https://registry.npmjs.org/xmlbuilder 100ms (cache hit)
972 silly packumentCache full:https://registry.npmjs.org/xmlbuilder set size:158707 disposed:false
973 http fetch GET 200 https://registry.npmjs.org/sax 139ms (cache miss)
974 silly packumentCache full:https://registry.npmjs.org/sax set size:undefined disposed:false
975 http fetch GET 200 https://registry.npmjs.org/simple-plist 147ms (cache miss)
976 silly packumentCache full:https://registry.npmjs.org/simple-plist set size:undefined disposed:false
977 http fetch GET 200 https://registry.npmjs.org/uuid 209ms (cache miss)
978 silly packumentCache full:https://registry.npmjs.org/uuid set size:undefined disposed:false
979 silly placeDep ROOT @expo/sudo-prompt@9.3.2 OK for: @expo/devcert@1.2.1 want: ^9.3.1
980 silly placeDep node_modules/@expo/devcert debug@3.2.7 OK for: @expo/devcert@1.2.1 want: ^3.1.0
981 silly placeDep ROOT dotenv@16.4.7 OK for: @expo/env@2.0.11 want: ~16.4.5
982 silly placeDep ROOT dotenv-expand@11.0.7 OK for: @expo/env@2.0.11 want: ~11.0.6
983 silly placeDep node_modules/@expo/fingerprint glob@13.0.6 OK for: @expo/fingerprint@0.15.4 want: ^13.0.0
984 silly placeDep ROOT ignore@5.3.2 OK for: @expo/fingerprint@0.15.4 want: ^5.3.1
985 silly placeDep ROOT p-limit@3.1.0 OK for: @expo/fingerprint@0.15.4 want: ^3.1.0
986 silly placeDep node_modules/@expo/fingerprint semver@7.7.4 OK for: @expo/fingerprint@0.15.4 want: ^7.6.0
987 silly fetch manifest yocto-queue@^0.1.0
988 silly packumentCache full:https://registry.npmjs.org/yocto-queue cache-miss
989 http fetch GET 200 https://registry.npmjs.org/yocto-queue 147ms (cache miss)
990 silly packumentCache full:https://registry.npmjs.org/yocto-queue set size:undefined disposed:false
991 silly placeDep ROOT @expo/require-utils@55.0.4 OK for: @expo/image-utils@0.8.13 want: ^55.0.4
992 silly placeDep ROOT jimp-compact@0.16.1 OK for: @expo/image-utils@0.8.13 want: 0.16.1
993 silly placeDep ROOT parse-png@2.1.0 OK for: @expo/image-utils@0.8.13 want: ^2.1.0
994 silly placeDep node_modules/@expo/image-utils semver@7.7.4 OK for: @expo/image-utils@0.8.13 want: ^7.6.0
995 silly fetch manifest pngjs@^3.3.0
996 silly packumentCache full:https://registry.npmjs.org/pngjs cache-miss
997 http fetch GET 200 https://registry.npmjs.org/pngjs 261ms (cache miss)
998 silly packumentCache full:https://registry.npmjs.org/pngjs set size:undefined disposed:false
999 silly placeDep ROOT metro@0.83.3 OK for: @expo/metro@54.2.0 want: 0.83.3
1000 silly placeDep ROOT metro-babel-transformer@0.83.3 OK for: @expo/metro@54.2.0 want: 0.83.3
1001 silly placeDep ROOT metro-cache@0.83.3 OK for: @expo/metro@54.2.0 want: 0.83.3
1002 silly placeDep ROOT metro-cache-key@0.83.3 OK for: @expo/metro@54.2.0 want: 0.83.3
1003 silly placeDep ROOT metro-config@0.83.3 OK for: @expo/metro@54.2.0 want: 0.83.3
1004 silly placeDep ROOT metro-core@0.83.3 OK for: @expo/metro@54.2.0 want: 0.83.3
1005 silly placeDep ROOT metro-file-map@0.83.3 OK for: @expo/metro@54.2.0 want: 0.83.3
1006 silly placeDep ROOT metro-minify-terser@0.83.3 OK for: @expo/metro@54.2.0 want: 0.83.3
1007 silly placeDep ROOT metro-resolver@0.83.3 OK for: @expo/metro@54.2.0 want: 0.83.3
1008 silly placeDep ROOT metro-runtime@0.83.3 OK for: @expo/metro@54.2.0 want: 0.83.3
1009 silly placeDep ROOT metro-source-map@0.83.3 OK for: @expo/metro@54.2.0 want: 0.83.3
1010 silly placeDep ROOT metro-symbolicate@0.83.3 OK for: @expo/metro@54.2.0 want: 0.83.3
1011 silly placeDep ROOT metro-transform-plugins@0.83.3 OK for: @expo/metro@54.2.0 want: 0.83.3
1012 silly placeDep ROOT metro-transform-worker@0.83.3 OK for: @expo/metro@54.2.0 want: 0.83.3
1013 silly fetch manifest ws@^7.5.10
1014 silly packumentCache full:https://registry.npmjs.org/ws cache-hit
1015 silly fetch manifest throat@^5.0.0
1016 silly packumentCache full:https://registry.npmjs.org/throat cache-miss
1017 silly fetch manifest ci-info@^2.0.0
1018 silly packumentCache full:https://registry.npmjs.org/ci-info cache-miss
1019 silly fetch manifest image-size@^1.0.2
1020 silly packumentCache full:https://registry.npmjs.org/image-size cache-miss
1021 silly fetch manifest mime-types@^2.1.27
1022 silly packumentCache full:https://registry.npmjs.org/mime-types cache-miss
1023 silly fetch manifest source-map@^0.5.6
1024 silly packumentCache full:https://registry.npmjs.org/source-map cache-miss
1025 silly fetch manifest jsc-safe-url@^0.2.2
1026 silly packumentCache full:https://registry.npmjs.org/jsc-safe-url cache-miss
1027 silly fetch manifest hermes-parser@0.32.0
1028 silly packumentCache full:https://registry.npmjs.org/hermes-parser cache-miss
1029 http fetch GET 200 https://registry.npmjs.org/source-map 70ms (cache hit)
1030 silly packumentCache full:https://registry.npmjs.org/source-map set size:226141 disposed:false
1031 silly fetch manifest lodash.throttle@^4.1.1
1032 silly packumentCache full:https://registry.npmjs.org/lodash.throttle cache-miss
1033 http fetch GET 200 https://registry.npmjs.org/jsc-safe-url 79ms (cache hit)
1034 silly packumentCache full:https://registry.npmjs.org/jsc-safe-url set size:13143 disposed:false
1035 silly fetch manifest serialize-error@^2.1.0
1036 silly packumentCache full:https://registry.npmjs.org/serialize-error cache-miss
1037 http fetch GET 200 https://registry.npmjs.org/mime-types 85ms (cache hit)
1038 silly packumentCache full:https://registry.npmjs.org/mime-types set size:139110 disposed:false
1039 silly fetch manifest error-stack-parser@^2.0.6
1040 silly packumentCache full:https://registry.npmjs.org/error-stack-parser cache-miss
1041 http fetch GET 200 https://registry.npmjs.org/hermes-parser 86ms (cache hit)
1042 silly packumentCache full:https://registry.npmjs.org/hermes-parser set size:165055 disposed:false
1043 silly fetch manifest https-proxy-agent@^7.0.5
1044 silly packumentCache full:https://registry.npmjs.org/https-proxy-agent cache-miss
1045 http fetch GET 200 https://registry.npmjs.org/throat 179ms (cache miss)
1046 silly packumentCache full:https://registry.npmjs.org/throat set size:undefined disposed:false
1047 silly fetch manifest exponential-backoff@^3.1.1
1048 silly packumentCache full:https://registry.npmjs.org/exponential-backoff cache-miss
1049 http fetch GET 200 https://registry.npmjs.org/lodash.throttle 129ms (cache miss)
1050 silly packumentCache full:https://registry.npmjs.org/lodash.throttle set size:undefined disposed:false
1051 silly fetch manifest yaml@^2.6.1
1052 silly packumentCache full:https://registry.npmjs.org/yaml cache-miss
1053 http fetch GET 200 https://registry.npmjs.org/ci-info 211ms (cache miss)
1054 silly packumentCache full:https://registry.npmjs.org/ci-info set size:undefined disposed:false
1055 silly fetch manifest jest-validate@^29.7.0
1056 silly packumentCache full:https://registry.npmjs.org/jest-validate cache-miss
1057 http fetch GET 200 https://registry.npmjs.org/exponential-backoff 201ms (cache miss)
1058 silly packumentCache full:https://registry.npmjs.org/exponential-backoff set size:undefined disposed:false
1059 silly fetch manifest terser@^5.15.0
1060 silly packumentCache full:https://registry.npmjs.org/terser cache-miss
1061 http fetch GET 200 https://registry.npmjs.org/image-size 454ms (cache miss)
1062 silly packumentCache full:https://registry.npmjs.org/image-size set size:undefined disposed:false
1063 silly fetch manifest ob1@0.83.3
1064 silly packumentCache full:https://registry.npmjs.org/ob1 cache-miss
1065 http fetch GET 200 https://registry.npmjs.org/yaml 312ms (cache miss)
1066 silly packumentCache full:https://registry.npmjs.org/yaml set size:undefined disposed:false
1067 silly fetch manifest vlq@^1.0.0
1068 silly packumentCache full:https://registry.npmjs.org/vlq cache-miss
1069 http fetch GET 200 https://registry.npmjs.org/error-stack-parser 467ms (cache miss)
1070 silly packumentCache full:https://registry.npmjs.org/error-stack-parser set size:undefined disposed:false
1071 silly fetch manifest @babel/traverse--for-generate-function-map@npm:@babel/traverse@^7.25.3
1072 silly packumentCache full:https://registry.npmjs.org/@babel%2ftraverse cache-miss
1073 http fetch GET 200 https://registry.npmjs.org/serialize-error 478ms (cache miss)
1074 silly packumentCache full:https://registry.npmjs.org/serialize-error set size:undefined disposed:false
1075 silly fetch manifest vlq@^1.0.0
1076 silly packumentCache full:https://registry.npmjs.org/vlq cache-miss
1077 http fetch GET 200 https://registry.npmjs.org/https-proxy-agent 512ms (cache miss)
1078 silly packumentCache full:https://registry.npmjs.org/https-proxy-agent set size:undefined disposed:false
1079 http fetch GET 200 https://registry.npmjs.org/ob1 159ms (cache miss)
1080 silly packumentCache full:https://registry.npmjs.org/ob1 set size:undefined disposed:false
1081 http fetch GET 200 https://registry.npmjs.org/vlq 150ms (cache miss)
1082 silly packumentCache full:https://registry.npmjs.org/vlq set size:undefined disposed:false
1083 http fetch GET 200 https://registry.npmjs.org/vlq 115ms (cache miss)
1084 silly packumentCache full:https://registry.npmjs.org/vlq set size:undefined disposed:false
1085 http fetch GET 200 https://registry.npmjs.org/jest-validate 619ms (cache miss)
1086 silly packumentCache full:https://registry.npmjs.org/jest-validate set size:undefined disposed:false
1087 http fetch GET 200 https://registry.npmjs.org/@babel%2ftraverse 398ms (cache miss)
1088 silly packumentCache full:https://registry.npmjs.org/@babel%2ftraverse set size:undefined disposed:false
1089 http fetch GET 200 https://registry.npmjs.org/terser 578ms (cache miss)
1090 silly packumentCache full:https://registry.npmjs.org/terser set size:undefined disposed:false
1091 silly placeDep node_modules/@expo/metro-config glob@13.0.6 OK for: @expo/metro-config@54.0.14 want: ^13.0.0
1092 silly placeDep node_modules/@expo/metro-config hermes-parser@0.29.1 OK for: @expo/metro-config@54.0.14 want: ^0.29.1
1093 silly placeDep ROOT jsc-safe-url@0.2.4 OK for: @expo/metro-config@54.0.14 want: ^0.2.4
1094 silly placeDep ROOT lightningcss@1.32.0 OK for: @expo/metro-config@54.0.14 want: ^1.30.1
1095 silly placeDep ROOT postcss@8.4.49 OK for: @expo/metro-config@54.0.14 want: ~8.4.32
1096 silly fetch manifest hermes-estree@0.29.1
1097 silly packumentCache full:https://registry.npmjs.org/hermes-estree cache-miss
1098 silly fetch manifest detect-libc@^2.0.3
1099 silly packumentCache full:https://registry.npmjs.org/detect-libc cache-miss
1100 silly fetch manifest lightningcss-darwin-x64@1.32.0
1101 silly packumentCache full:https://registry.npmjs.org/lightningcss-darwin-x64 cache-miss
1102 silly fetch manifest lightningcss-linux-x64-gnu@1.32.0
1103 silly packumentCache full:https://registry.npmjs.org/lightningcss-linux-x64-gnu cache-miss
1104 silly fetch manifest lightningcss-win32-x64-msvc@1.32.0
1105 silly packumentCache full:https://registry.npmjs.org/lightningcss-win32-x64-msvc cache-miss
1106 silly fetch manifest lightningcss-win32-arm64-msvc@1.32.0
1107 silly packumentCache full:https://registry.npmjs.org/lightningcss-win32-arm64-msvc cache-miss
1108 silly fetch manifest lightningcss-darwin-arm64@1.32.0
1109 silly packumentCache full:https://registry.npmjs.org/lightningcss-darwin-arm64 cache-miss
1110 http fetch GET 200 https://registry.npmjs.org/detect-libc 118ms (cache miss)
1111 silly packumentCache full:https://registry.npmjs.org/detect-libc set size:undefined disposed:false
1112 silly fetch manifest lightningcss-linux-arm64-gnu@1.32.0
1113 silly packumentCache full:https://registry.npmjs.org/lightningcss-linux-arm64-gnu cache-miss
1114 http fetch GET 200 https://registry.npmjs.org/lightningcss-win32-x64-msvc 233ms (cache miss)
1115 silly packumentCache full:https://registry.npmjs.org/lightningcss-win32-x64-msvc set size:undefined disposed:false
1116 silly fetch manifest lightningcss-linux-arm-gnueabihf@1.32.0
1117 silly packumentCache full:https://registry.npmjs.org/lightningcss-linux-arm-gnueabihf cache-miss
1118 http fetch GET 200 https://registry.npmjs.org/lightningcss-linux-x64-gnu 245ms (cache miss)
1119 silly packumentCache full:https://registry.npmjs.org/lightningcss-linux-x64-gnu set size:undefined disposed:false
1120 silly fetch manifest lightningcss-linux-arm64-musl@1.32.0
1121 silly packumentCache full:https://registry.npmjs.org/lightningcss-linux-arm64-musl cache-miss
1122 http fetch GET 200 https://registry.npmjs.org/lightningcss-darwin-x64 251ms (cache miss)
1123 silly packumentCache full:https://registry.npmjs.org/lightningcss-darwin-x64 set size:undefined disposed:false
1124 silly fetch manifest lightningcss-linux-x64-musl@1.32.0
1125 silly packumentCache full:https://registry.npmjs.org/lightningcss-linux-x64-musl cache-miss
1126 http fetch GET 200 https://registry.npmjs.org/lightningcss-darwin-arm64 249ms (cache miss)
1127 silly packumentCache full:https://registry.npmjs.org/lightningcss-darwin-arm64 set size:undefined disposed:false
1128 silly fetch manifest lightningcss-freebsd-x64@1.32.0
1129 silly packumentCache full:https://registry.npmjs.org/lightningcss-freebsd-x64 cache-miss
1130 http fetch GET 200 https://registry.npmjs.org/lightningcss-linux-arm64-gnu 141ms (cache miss)
1131 silly packumentCache full:https://registry.npmjs.org/lightningcss-linux-arm64-gnu set size:undefined disposed:false
1132 silly fetch manifest lightningcss-android-arm64@1.32.0
1133 silly packumentCache full:https://registry.npmjs.org/lightningcss-android-arm64 cache-miss
1134 http fetch GET 200 https://registry.npmjs.org/hermes-estree 269ms (cache miss)
1135 silly packumentCache full:https://registry.npmjs.org/hermes-estree set size:undefined disposed:false
1136 silly fetch manifest source-map-js@^1.2.1
1137 silly packumentCache full:https://registry.npmjs.org/source-map-js cache-miss
1138 http fetch GET 200 https://registry.npmjs.org/lightningcss-linux-arm-gnueabihf 243ms (cache miss)
1139 silly packumentCache full:https://registry.npmjs.org/lightningcss-linux-arm-gnueabihf set size:undefined disposed:false
1140 http fetch GET 200 https://registry.npmjs.org/lightningcss-linux-arm64-musl 237ms (cache miss)
1141 silly packumentCache full:https://registry.npmjs.org/lightningcss-linux-arm64-musl set size:undefined disposed:false
1142 http fetch GET 200 https://registry.npmjs.org/lightningcss-linux-x64-musl 235ms (cache miss)
1143 silly packumentCache full:https://registry.npmjs.org/lightningcss-linux-x64-musl set size:undefined disposed:false
1144 http fetch GET 200 https://registry.npmjs.org/source-map-js 222ms (cache miss)
1145 silly packumentCache full:https://registry.npmjs.org/source-map-js set size:undefined disposed:false
1146 http fetch GET 200 https://registry.npmjs.org/lightningcss-win32-arm64-msvc 488ms (cache miss)
1147 silly packumentCache full:https://registry.npmjs.org/lightningcss-win32-arm64-msvc set size:undefined disposed:false
1148 http fetch GET 200 https://registry.npmjs.org/lightningcss-freebsd-x64 627ms (cache miss)
1149 silly packumentCache full:https://registry.npmjs.org/lightningcss-freebsd-x64 set size:undefined disposed:false
1150 http fetch GET 200 https://registry.npmjs.org/lightningcss-android-arm64 1109ms (cache miss)
1151 silly packumentCache full:https://registry.npmjs.org/lightningcss-android-arm64 set size:undefined disposed:false
1152 silly placeDep ROOT @xmldom/xmldom@0.8.12 OK for: @expo/plist@0.4.8 want: ^0.8.8
1153 silly placeDep ROOT xmlbuilder@15.1.1 OK for: @expo/plist@0.4.8 want: ^15.1.1
1154 silly placeDep ROOT @react-native/normalize-colors@0.81.5 OK for: @expo/prebuild-config@54.0.8 want: 0.81.5
1155 silly placeDep node_modules/@expo/prebuild-config semver@7.7.4 OK for: @expo/prebuild-config@54.0.8 want: ^7.6.0
1156 silly placeDep ROOT cross-spawn@7.0.6 OK for: @expo/spawn-async@1.7.2 want: ^7.0.3
1157 silly fetch manifest which@^2.0.1
1158 silly packumentCache full:https://registry.npmjs.org/which cache-miss
1159 silly fetch manifest path-key@^3.1.0
1160 silly packumentCache full:https://registry.npmjs.org/path-key cache-miss
1161 silly fetch manifest shebang-command@^2.0.0
1162 silly packumentCache full:https://registry.npmjs.org/shebang-command cache-miss
1163 http fetch GET 200 https://registry.npmjs.org/shebang-command 247ms (cache miss)
1164 silly packumentCache full:https://registry.npmjs.org/shebang-command set size:undefined disposed:false
1165 http fetch GET 200 https://registry.npmjs.org/path-key 250ms (cache miss)
1166 silly packumentCache full:https://registry.npmjs.org/path-key set size:undefined disposed:false
1167 http fetch GET 200 https://registry.npmjs.org/which 257ms (cache miss)
1168 silly packumentCache full:https://registry.npmjs.org/which set size:undefined disposed:false
1169 silly placeDep ROOT js-yaml@4.1.1 OK for: @expo/xcpretty@4.4.3 want: ^4.1.0
1170 silly fetch manifest argparse@^2.0.1
1171 silly packumentCache full:https://registry.npmjs.org/argparse cache-miss
1172 http fetch GET 200 https://registry.npmjs.org/argparse 204ms (cache miss)
1173 silly packumentCache full:https://registry.npmjs.org/argparse set size:undefined disposed:false
1174 silly placeDep ROOT @isaacs/ttlcache@1.4.1 OK for: @react-native/dev-middleware@0.81.5 want: ^1.4.1
1175 silly placeDep ROOT @react-native/debugger-frontend@0.81.5 OK for: @react-native/dev-middleware@0.81.5 want: 0.81.5
1176 silly placeDep ROOT chrome-launcher@0.15.2 OK for: @react-native/dev-middleware@0.81.5 want: ^0.15.2
1177 silly placeDep ROOT chromium-edge-launcher@0.2.0 OK for: @react-native/dev-middleware@0.81.5 want: ^0.2.0
1178 silly placeDep ROOT open@7.4.2 OK for: @react-native/dev-middleware@0.81.5 want: ^7.0.3
1179 silly placeDep ROOT serve-static@1.16.3 OK for: @react-native/dev-middleware@0.81.5 want: ^1.16.2
1180 silly placeDep node_modules/@react-native/dev-middleware ws@6.2.3 OK for: @react-native/dev-middleware@0.81.5 want: ^6.2.3
1181 silly fetch manifest is-wsl@^2.2.0
1182 silly packumentCache full:https://registry.npmjs.org/is-wsl cache-miss
1183 silly fetch manifest lighthouse-logger@^1.0.0
1184 silly packumentCache full:https://registry.npmjs.org/lighthouse-logger cache-miss
1185 silly fetch manifest is-wsl@^2.2.0
1186 silly packumentCache full:https://registry.npmjs.org/is-wsl cache-miss
1187 silly fetch manifest lighthouse-logger@^1.0.0
1188 silly packumentCache full:https://registry.npmjs.org/lighthouse-logger cache-miss
1189 silly fetch manifest mkdirp@^1.0.4
1190 silly packumentCache full:https://registry.npmjs.org/mkdirp cache-miss
1191 silly fetch manifest rimraf@^3.0.2
1192 silly packumentCache full:https://registry.npmjs.org/rimraf cache-miss
1193 silly fetch manifest is-wsl@^2.1.1
1194 silly packumentCache full:https://registry.npmjs.org/is-wsl cache-miss
1195 http fetch GET 200 https://registry.npmjs.org/is-wsl 159ms (cache miss)
1196 silly packumentCache full:https://registry.npmjs.org/is-wsl set size:undefined disposed:false
1197 silly fetch manifest is-docker@^2.0.0
1198 silly packumentCache full:https://registry.npmjs.org/is-docker cache-miss
1199 http fetch GET 200 https://registry.npmjs.org/is-wsl 191ms (cache miss)
1200 silly packumentCache full:https://registry.npmjs.org/is-wsl set size:undefined disposed:false
1201 http fetch GET 200 https://registry.npmjs.org/is-wsl 202ms (cache miss)
1202 silly packumentCache full:https://registry.npmjs.org/is-wsl set size:undefined disposed:false
1203 http fetch GET 200 https://registry.npmjs.org/lighthouse-logger 202ms (cache miss)
1204 silly packumentCache full:https://registry.npmjs.org/lighthouse-logger set size:undefined disposed:false
1205 http fetch GET 200 https://registry.npmjs.org/lighthouse-logger 206ms (cache miss)
1206 silly packumentCache full:https://registry.npmjs.org/lighthouse-logger set size:undefined disposed:false
1207 http fetch GET 200 https://registry.npmjs.org/mkdirp 276ms (cache miss)
1208 silly packumentCache full:https://registry.npmjs.org/mkdirp set size:undefined disposed:false
1209 http fetch GET 200 https://registry.npmjs.org/rimraf 300ms (cache miss)
1210 silly packumentCache full:https://registry.npmjs.org/rimraf set size:undefined disposed:false
1211 http fetch GET 200 https://registry.npmjs.org/is-docker 153ms (cache miss)
1212 silly packumentCache full:https://registry.npmjs.org/is-docker set size:undefined disposed:false
1213 silly placeDep ROOT wonka@6.3.6 OK for: @urql/core@5.2.0 want: ^6.3.2
1214 silly placeDep ROOT mime-types@2.1.35 OK for: accepts@1.3.8 want: ~2.1.34
1215 silly placeDep ROOT negotiator@0.6.3 OK for: accepts@1.3.8 want: 0.6.3
1216 silly fetch manifest mime-db@1.52.0
1217 silly packumentCache full:https://registry.npmjs.org/mime-db cache-miss
1218 http fetch GET 200 https://registry.npmjs.org/mime-db 324ms (cache miss)
1219 silly packumentCache full:https://registry.npmjs.org/mime-db set size:undefined disposed:false
1220 silly placeDep node_modules/better-opn open@8.4.2 OK for: better-opn@3.0.2 want: ^8.0.4
1221 silly fetch manifest is-docker@^2.1.1
1222 silly packumentCache full:https://registry.npmjs.org/is-docker cache-miss
1223 silly fetch manifest define-lazy-prop@^2.0.0
1224 silly packumentCache full:https://registry.npmjs.org/define-lazy-prop cache-miss
1225 http fetch GET 200 https://registry.npmjs.org/is-docker 168ms (cache hit)
1226 silly packumentCache full:https://registry.npmjs.org/is-docker set size:23690 disposed:false
1227 http fetch GET 200 https://registry.npmjs.org/define-lazy-prop 465ms (cache miss)
1228 silly packumentCache full:https://registry.npmjs.org/define-lazy-prop set size:undefined disposed:false
1229 silly placeDep ROOT stream-buffers@2.2.0 OK for: bplist-creator@0.1.0 want: 2.2.x
1230 silly placeDep ROOT big-integer@1.6.52 OK for: bplist-parser@0.3.2 want: 1.6.x
1231 silly placeDep ROOT is-wsl@2.2.0 OK for: chrome-launcher@0.15.2 want: ^2.2.0
1232 silly placeDep ROOT lighthouse-logger@1.4.2 OK for: chrome-launcher@0.15.2 want: ^1.0.0
1233 silly fetch manifest debug@^2.6.9
1234 silly packumentCache full:https://registry.npmjs.org/debug cache-hit
1235 silly fetch manifest marky@^1.2.2
1236 silly packumentCache full:https://registry.npmjs.org/marky cache-miss
1237 http fetch GET 200 https://registry.npmjs.org/marky 1654ms (cache miss)
1238 silly packumentCache full:https://registry.npmjs.org/marky set size:undefined disposed:false
1239 silly placeDep ROOT mkdirp@1.0.4 OK for: chromium-edge-launcher@0.2.0 want: ^1.0.4
1240 silly placeDep ROOT rimraf@3.0.2 OK for: chromium-edge-launcher@0.2.0 want: ^3.0.2
1241 silly placeDep ROOT bytes@3.1.2 OK for: compression@1.8.1 want: 3.1.2
1242 silly placeDep ROOT compressible@2.0.18 OK for: compression@1.8.1 want: ~2.0.18
1243 silly placeDep node_modules/compression debug@2.6.9 OK for: compression@1.8.1 want: 2.6.9
1244 silly placeDep node_modules/compression negotiator@0.6.4 OK for: compression@1.8.1 want: ~0.6.4
1245 silly placeDep ROOT on-headers@1.1.0 OK for: compression@1.8.1 want: ~1.1.0
1246 silly placeDep ROOT safe-buffer@5.2.1 OK for: compression@1.8.1 want: 5.2.1
1247 silly placeDep ROOT vary@1.1.2 OK for: compression@1.8.1 want: ~1.1.2
1248 silly fetch manifest mime-db@>= 1.43.0 < 2
1249 silly packumentCache full:https://registry.npmjs.org/mime-db cache-miss
1250 silly fetch manifest ms@2.0.0
1251 silly packumentCache full:https://registry.npmjs.org/ms cache-miss
1252 http fetch GET 200 https://registry.npmjs.org/mime-db 201ms (cache hit)
1253 silly packumentCache full:https://registry.npmjs.org/mime-db set size:164953 disposed:false
1254 http fetch GET 200 https://registry.npmjs.org/ms 693ms (cache miss)
1255 silly packumentCache full:https://registry.npmjs.org/ms set size:undefined disposed:false
1256 silly placeDep ROOT mime-db@1.54.0 OK for: compressible@2.0.18 want: >= 1.43.0 < 2
1257 silly placeDep node_modules/connect debug@2.6.9 OK for: connect@3.7.0 want: 2.6.9
1258 silly placeDep ROOT finalhandler@1.1.2 OK for: connect@3.7.0 want: 1.1.2
1259 silly placeDep ROOT parseurl@1.3.3 OK for: connect@3.7.0 want: ~1.3.3
1260 silly placeDep ROOT utils-merge@1.0.1 OK for: connect@3.7.0 want: 1.0.1
1261 silly fetch manifest unpipe@~1.0.0
1262 silly packumentCache full:https://registry.npmjs.org/unpipe cache-miss
1263 silly fetch manifest statuses@~1.5.0
1264 silly packumentCache full:https://registry.npmjs.org/statuses cache-miss
1265 silly fetch manifest encodeurl@~1.0.2
1266 silly packumentCache full:https://registry.npmjs.org/encodeurl cache-miss
1267 silly fetch manifest on-finished@~2.3.0
1268 silly packumentCache full:https://registry.npmjs.org/on-finished cache-miss
1269 http fetch GET 200 https://registry.npmjs.org/statuses 41ms (cache hit)
1270 silly packumentCache full:https://registry.npmjs.org/statuses set size:37117 disposed:false
1271 http fetch GET 200 https://registry.npmjs.org/encodeurl 41ms (cache hit)
1272 silly packumentCache full:https://registry.npmjs.org/encodeurl set size:12296 disposed:false
1273 http fetch GET 200 https://registry.npmjs.org/on-finished 42ms (cache hit)
1274 silly packumentCache full:https://registry.npmjs.org/on-finished set size:23212 disposed:false
1275 http fetch GET 200 https://registry.npmjs.org/unpipe 693ms (cache miss)
1276 silly packumentCache full:https://registry.npmjs.org/unpipe set size:undefined disposed:false
1277 silly placeDep ROOT path-key@3.1.1 OK for: cross-spawn@7.0.6 want: ^3.1.0
1278 silly placeDep ROOT shebang-command@2.0.0 OK for: cross-spawn@7.0.6 want: ^2.0.0
1279 silly placeDep ROOT which@2.0.2 OK for: cross-spawn@7.0.6 want: ^2.0.1
1280 silly fetch manifest shebang-regex@^3.0.0
1281 silly packumentCache full:https://registry.npmjs.org/shebang-regex cache-miss
1282 silly fetch manifest isexe@^2.0.0
1283 silly packumentCache full:https://registry.npmjs.org/isexe cache-miss
1284 http fetch GET 200 https://registry.npmjs.org/isexe 614ms (cache miss)
1285 silly packumentCache full:https://registry.npmjs.org/isexe set size:undefined disposed:false
1286 http fetch GET 200 https://registry.npmjs.org/shebang-regex 617ms (cache miss)
1287 silly packumentCache full:https://registry.npmjs.org/shebang-regex set size:undefined disposed:false
1288 silly placeDep ROOT commander@7.2.0 OK for: expo-modules-autolinking@3.0.24 want: ^7.2.0
1289 silly placeDep node_modules/finalhandler debug@2.6.9 OK for: finalhandler@1.1.2 want: 2.6.9
1290 silly placeDep ROOT encodeurl@1.0.2 OK for: finalhandler@1.1.2 want: ~1.0.2
1291 silly placeDep ROOT escape-html@1.0.3 OK for: finalhandler@1.1.2 want: ~1.0.3
1292 silly placeDep ROOT on-finished@2.3.0 OK for: finalhandler@1.1.2 want: ~2.3.0
1293 silly placeDep ROOT statuses@1.5.0 OK for: finalhandler@1.1.2 want: ~1.5.0
1294 silly placeDep ROOT unpipe@1.0.0 OK for: finalhandler@1.1.2 want: ~1.0.0
1295 silly fetch manifest ee-first@1.1.1
1296 silly packumentCache full:https://registry.npmjs.org/ee-first cache-miss
1297 http fetch GET 200 https://registry.npmjs.org/ee-first 919ms (cache miss)
1298 silly packumentCache full:https://registry.npmjs.org/ee-first set size:undefined disposed:false
1299 silly placeDep ROOT is-docker@2.2.1 OK for: is-wsl@2.2.0 want: ^2.0.0
1300 silly placeDep ROOT argparse@2.0.1 OK for: js-yaml@4.1.1 want: ^2.0.1
1301 silly placeDep node_modules/lighthouse-logger debug@2.6.9 OK for: lighthouse-logger@1.4.2 want: ^2.6.9
1302 silly placeDep ROOT marky@1.3.0 OK for: lighthouse-logger@1.4.2 want: ^1.2.2
1303 silly placeDep ROOT detect-libc@2.1.2 OK for: lightningcss@1.32.0 want: ^2.0.3
1304 silly placeDep ROOT lightningcss-android-arm64@1.32.0 OK for: lightningcss@1.32.0 want: 1.32.0
1305 silly placeDep ROOT lightningcss-darwin-arm64@1.32.0 OK for: lightningcss@1.32.0 want: 1.32.0
1306 silly placeDep ROOT lightningcss-darwin-x64@1.32.0 OK for: lightningcss@1.32.0 want: 1.32.0
1307 silly placeDep ROOT lightningcss-freebsd-x64@1.32.0 OK for: lightningcss@1.32.0 want: 1.32.0
1308 silly placeDep ROOT lightningcss-linux-arm-gnueabihf@1.32.0 OK for: lightningcss@1.32.0 want: 1.32.0
1309 silly placeDep ROOT lightningcss-linux-arm64-gnu@1.32.0 OK for: lightningcss@1.32.0 want: 1.32.0
1310 silly placeDep ROOT lightningcss-linux-arm64-musl@1.32.0 OK for: lightningcss@1.32.0 want: 1.32.0
1311 silly placeDep ROOT lightningcss-linux-x64-gnu@1.32.0 OK for: lightningcss@1.32.0 want: 1.32.0
1312 silly placeDep ROOT lightningcss-linux-x64-musl@1.32.0 OK for: lightningcss@1.32.0 want: 1.32.0
1313 silly placeDep ROOT lightningcss-win32-arm64-msvc@1.32.0 OK for: lightningcss@1.32.0 want: 1.32.0
1314 silly placeDep ROOT lightningcss-win32-x64-msvc@1.32.0 OK for: lightningcss@1.32.0 want: 1.32.0
1315 silly placeDep node_modules/metro ci-info@2.0.0 OK for: metro@0.83.3 want: ^2.0.0
1316 silly placeDep ROOT error-stack-parser@2.1.4 OK for: metro@0.83.3 want: ^2.0.6
1317 silly placeDep ROOT flow-enums-runtime@0.0.6 OK for: metro@0.83.3 want: ^0.0.6
1318 silly placeDep node_modules/metro hermes-parser@0.32.0 OK for: metro@0.83.3 want: 0.32.0
1319 silly placeDep ROOT image-size@1.2.1 OK for: metro@0.83.3 want: ^1.0.2
1320 silly placeDep ROOT lodash.throttle@4.1.1 OK for: metro@0.83.3 want: ^4.1.1
1321 silly placeDep ROOT serialize-error@2.1.0 OK for: metro@0.83.3 want: ^2.1.0
1322 silly placeDep ROOT source-map@0.5.7 OK for: metro@0.83.3 want: ^0.5.6
1323 silly placeDep ROOT throat@5.0.0 OK for: metro@0.83.3 want: ^5.0.0
1324 silly placeDep node_modules/metro ws@7.5.10 OK for: metro@0.83.3 want: ^7.5.10
1325 silly fetch manifest stackframe@^1.3.4
1326 silly packumentCache full:https://registry.npmjs.org/stackframe cache-miss
1327 silly fetch manifest hermes-estree@0.32.0
1328 silly packumentCache full:https://registry.npmjs.org/hermes-estree cache-miss
1329 silly fetch manifest queue@6.0.2
1330 silly packumentCache full:https://registry.npmjs.org/queue cache-miss
1331 http fetch GET 200 https://registry.npmjs.org/hermes-estree 44ms (cache hit)
1332 silly packumentCache full:https://registry.npmjs.org/hermes-estree set size:125711 disposed:false
1333 http fetch GET 200 https://registry.npmjs.org/queue 772ms (cache miss)
1334 silly packumentCache full:https://registry.npmjs.org/queue set size:undefined disposed:false
1335 http fetch GET 200 https://registry.npmjs.org/stackframe 1425ms (cache miss)
1336 silly packumentCache full:https://registry.npmjs.org/stackframe set size:undefined disposed:false
1337 silly placeDep ROOT stackframe@1.3.4 OK for: error-stack-parser@2.1.4 want: ^1.3.4
1338 silly placeDep ROOT queue@6.0.2 OK for: image-size@1.2.1 want: 6.0.2
1339 silly placeDep node_modules/metro-babel-transformer hermes-parser@0.32.0 OK for: metro-babel-transformer@0.83.3 want: 0.32.0
1340 silly placeDep ROOT exponential-backoff@3.1.3 OK for: metro-cache@0.83.3 want: ^3.1.1
1341 silly placeDep ROOT https-proxy-agent@7.0.6 OK for: metro-cache@0.83.3 want: ^7.0.5
1342 silly fetch manifest agent-base@^7.1.2
1343 silly packumentCache full:https://registry.npmjs.org/agent-base cache-miss
1344 http fetch GET 200 https://registry.npmjs.org/agent-base 567ms (cache miss)
1345 silly packumentCache full:https://registry.npmjs.org/agent-base set size:undefined disposed:false
1346 silly placeDep ROOT agent-base@7.1.4 OK for: https-proxy-agent@7.0.6 want: ^7.1.2
1347 silly placeDep ROOT jest-validate@29.7.0 OK for: metro-config@0.83.3 want: ^29.7.0
1348 silly placeDep ROOT yaml@2.8.3 OK for: metro-config@0.83.3 want: ^2.6.1
1349 silly fetch manifest leven@^3.1.0
1350 silly packumentCache full:https://registry.npmjs.org/leven cache-miss
1351 silly fetch manifest camelcase@^6.2.0
1352 silly packumentCache full:https://registry.npmjs.org/camelcase cache-miss
1353 silly fetch manifest jest-get-type@^29.6.3
1354 silly packumentCache full:https://registry.npmjs.org/jest-get-type cache-miss
1355 http fetch GET 200 https://registry.npmjs.org/jest-get-type 548ms (cache miss)
1356 silly packumentCache full:https://registry.npmjs.org/jest-get-type set size:undefined disposed:false
1357 http fetch GET 200 https://registry.npmjs.org/leven 704ms (cache miss)
1358 silly packumentCache full:https://registry.npmjs.org/leven set size:undefined disposed:false
1359 http fetch GET 200 https://registry.npmjs.org/camelcase 715ms (cache miss)
1360 silly packumentCache full:https://registry.npmjs.org/camelcase set size:undefined disposed:false
1361 silly placeDep node_modules/jest-validate camelcase@6.3.0 OK for: jest-validate@29.7.0 want: ^6.2.0
1362 silly placeDep ROOT jest-get-type@29.6.3 OK for: jest-validate@29.7.0 want: ^29.6.3
1363 silly placeDep ROOT leven@3.1.0 OK for: jest-validate@29.7.0 want: ^3.1.0
1364 silly placeDep ROOT terser@5.46.1 OK for: metro-minify-terser@0.83.3 want: ^5.15.0
1365 silly fetch manifest @jridgewell/source-map@^0.3.3
1366 silly packumentCache full:https://registry.npmjs.org/@jridgewell%2fsource-map cache-miss
1367 silly fetch manifest acorn@^8.15.0
1368 silly packumentCache full:https://registry.npmjs.org/acorn cache-miss
1369 silly fetch manifest commander@^2.20.0
1370 silly packumentCache full:https://registry.npmjs.org/commander cache-hit
1371 http fetch GET 200 https://registry.npmjs.org/@jridgewell%2fsource-map 231ms (cache miss)
1372 silly packumentCache full:https://registry.npmjs.org/@jridgewell%2fsource-map set size:undefined disposed:false
1373 http fetch GET 200 https://registry.npmjs.org/acorn 780ms (cache miss)
1374 silly packumentCache full:https://registry.npmjs.org/acorn set size:undefined disposed:false
1375 silly placeDep ROOT @babel/traverse--for-generate-function-map@7.29.0 OK for: metro-source-map@0.83.3 want: npm:@babel/traverse@^7.25.3
1376 silly placeDep ROOT ob1@0.83.3 OK for: metro-source-map@0.83.3 want: 0.83.3
1377 silly placeDep ROOT vlq@1.0.1 OK for: metro-source-map@0.83.3 want: ^1.0.0
1378 silly placeDep node_modules/mime-types mime-db@1.52.0 OK for: mime-types@2.1.35 want: 1.52.0
1379 silly placeDep ROOT brace-expansion@2.0.3 OK for: minimatch@9.0.9 want: ^2.0.2
1380 silly placeDep ROOT hosted-git-info@7.0.2 OK for: npm-package-arg@11.0.3 want: ^7.0.0
1381 silly placeDep ROOT proc-log@4.2.0 OK for: npm-package-arg@11.0.3 want: ^4.0.0
1382 silly placeDep node_modules/npm-package-arg semver@7.7.4 OK for: npm-package-arg@11.0.3 want: ^7.3.5
1383 silly placeDep ROOT validate-npm-package-name@5.0.1 OK for: npm-package-arg@11.0.3 want: ^5.0.0
1384 silly fetch manifest lru-cache@^10.0.1
1385 silly packumentCache full:https://registry.npmjs.org/lru-cache cache-miss
1386 http fetch GET 200 https://registry.npmjs.org/lru-cache 791ms (cache miss)
1387 silly packumentCache full:https://registry.npmjs.org/lru-cache set size:undefined disposed:false
1388 silly placeDep node_modules/hosted-git-info lru-cache@10.4.3 OK for: hosted-git-info@7.0.2 want: ^10.0.1
1389 silly placeDep ROOT ee-first@1.1.1 OK for: on-finished@2.3.0 want: 1.1.1
1390 silly placeDep node_modules/ora chalk@2.4.2 OK for: ora@3.4.0 want: ^2.4.2
1391 silly placeDep ROOT cli-cursor@2.1.0 OK for: ora@3.4.0 want: ^2.1.0
1392 silly placeDep ROOT cli-spinners@2.9.2 OK for: ora@3.4.0 want: ^2.0.0
1393 silly placeDep ROOT log-symbols@2.2.0 OK for: ora@3.4.0 want: ^2.2.0
1394 silly placeDep ROOT strip-ansi@5.2.0 OK for: ora@3.4.0 want: ^5.2.0
1395 silly placeDep ROOT wcwidth@1.0.1 OK for: ora@3.4.0 want: ^1.0.1
1396 silly fetch manifest ansi-styles@^3.2.1
1397 silly packumentCache full:https://registry.npmjs.org/ansi-styles cache-miss
1398 silly fetch manifest supports-color@^5.3.0
1399 silly packumentCache full:https://registry.npmjs.org/supports-color cache-miss
1400 silly fetch manifest escape-string-regexp@^1.0.5
1401 silly packumentCache full:https://registry.npmjs.org/escape-string-regexp cache-miss
1402 silly fetch manifest restore-cursor@^2.0.0
1403 silly packumentCache full:https://registry.npmjs.org/restore-cursor cache-miss
1404 silly fetch manifest chalk@^2.0.1
1405 silly packumentCache full:https://registry.npmjs.org/chalk cache-miss
1406 silly fetch manifest ansi-regex@^4.1.0
1407 silly packumentCache full:https://registry.npmjs.org/ansi-regex cache-miss
1408 silly fetch manifest defaults@^1.0.3
1409 silly packumentCache full:https://registry.npmjs.org/defaults cache-miss
1410 http fetch GET 200 https://registry.npmjs.org/chalk 18ms (cache hit)
1411 silly packumentCache full:https://registry.npmjs.org/chalk set size:117861 disposed:false
1412 http fetch GET 200 https://registry.npmjs.org/restore-cursor 195ms (cache miss)
1413 silly packumentCache full:https://registry.npmjs.org/restore-cursor set size:undefined disposed:false
1414 http fetch GET 200 https://registry.npmjs.org/ansi-regex 229ms (cache miss)
1415 silly packumentCache full:https://registry.npmjs.org/ansi-regex set size:undefined disposed:false
1416 http fetch GET 200 https://registry.npmjs.org/escape-string-regexp 235ms (cache miss)
1417 silly packumentCache full:https://registry.npmjs.org/escape-string-regexp set size:undefined disposed:false
1418 http fetch GET 200 https://registry.npmjs.org/ansi-styles 336ms (cache miss)
1419 silly packumentCache full:https://registry.npmjs.org/ansi-styles set size:undefined disposed:false
1420 http fetch GET 200 https://registry.npmjs.org/supports-color 340ms (cache miss)
1421 silly packumentCache full:https://registry.npmjs.org/supports-color set size:undefined disposed:false
1422 http fetch GET 200 https://registry.npmjs.org/defaults 339ms (cache miss)
1423 silly packumentCache full:https://registry.npmjs.org/defaults set size:undefined disposed:false
1424 silly placeDep ROOT restore-cursor@2.0.0 OK for: cli-cursor@2.1.0 want: ^2.0.0
1425 silly fetch manifest onetime@^2.0.0
1426 silly packumentCache full:https://registry.npmjs.org/onetime cache-miss
1427 http fetch GET 200 https://registry.npmjs.org/onetime 169ms (cache miss)
1428 silly packumentCache full:https://registry.npmjs.org/onetime set size:undefined disposed:false
1429 silly placeDep node_modules/log-symbols chalk@2.4.2 OK for: log-symbols@2.2.0 want: ^2.0.1
1430 silly placeDep ROOT yocto-queue@0.1.0 OK for: p-limit@3.1.0 want: ^0.1.0
1431 silly placeDep ROOT pngjs@3.4.0 OK for: parse-png@2.1.0 want: ^3.3.0
1432 silly placeDep ROOT source-map-js@1.2.1 OK for: postcss@8.4.49 want: ^1.2.1
1433 silly placeDep ROOT kleur@3.0.3 OK for: prompts@2.4.2 want: ^3.0.3
1434 silly placeDep ROOT sisteransi@1.0.5 OK for: prompts@2.4.2 want: ^1.0.5
1435 silly placeDep ROOT @react-native/assets-registry@0.81.0 OK for: react-native@0.81.0 want: 0.81.0
1436 silly placeDep node_modules/react-native @react-native/codegen@0.81.0 OK for: react-native@0.81.0 want: 0.81.0
1437 silly placeDep ROOT @react-native/community-cli-plugin@0.81.0 OK for: react-native@0.81.0 want: 0.81.0
1438 silly placeDep ROOT @react-native/gradle-plugin@0.81.0 OK for: react-native@0.81.0 want: 0.81.0
1439 silly placeDep ROOT @react-native/js-polyfills@0.81.0 OK for: react-native@0.81.0 want: 0.81.0
1440 silly placeDep node_modules/react-native @react-native/normalize-colors@0.81.0 OK for: react-native@0.81.0 want: 0.81.0
1441 silly placeDep ROOT @react-native/virtualized-lists@0.81.0 OK for: react-native@0.81.0 want: 0.81.0
1442 silly placeDep node_modules/react-native babel-plugin-syntax-hermes-parser@0.29.1 OK for: react-native@0.81.0 want: 0.29.1
1443 silly placeDep ROOT react-devtools-core@6.1.5 OK for: react-native@0.81.0 want: ^6.1.5
1444 silly placeDep ROOT scheduler@0.26.0 OK for: react-native@0.81.0 want: 0.26.0
1445 silly fetch manifest hermes-parser@0.29.1
1446 silly packumentCache full:https://registry.npmjs.org/hermes-parser cache-hit
1447 silly fetch manifest semver@^7.1.3
1448 silly packumentCache full:https://registry.npmjs.org/semver cache-hit
1449 silly fetch manifest @react-native/dev-middleware@0.81.0
1450 silly packumentCache full:https://registry.npmjs.org/@react-native%2fdev-middleware cache-miss
1451 silly fetch manifest hermes-parser@0.29.1
1452 silly packumentCache full:https://registry.npmjs.org/hermes-parser cache-hit
1453 silly fetch manifest ws@^7
1454 silly packumentCache full:https://registry.npmjs.org/ws cache-hit
1455 silly fetch manifest shell-quote@^1.6.1
1456 silly packumentCache full:https://registry.npmjs.org/shell-quote cache-miss
1457 http fetch GET 200 https://registry.npmjs.org/@react-native%2fdev-middleware 20ms (cache hit)
1458 silly packumentCache full:https://registry.npmjs.org/@react-native%2fdev-middleware set size:2297474 disposed:false
1459 http fetch GET 200 https://registry.npmjs.org/shell-quote 600ms (cache miss)
1460 silly packumentCache full:https://registry.npmjs.org/shell-quote set size:undefined disposed:false
1461 silly placeDep node_modules/@react-native/community-cli-plugin @react-native/dev-middleware@0.81.0 OK for: @react-native/community-cli-plugin@0.81.0 want: 0.81.0
1462 silly placeDep node_modules/@react-native/community-cli-plugin semver@7.7.4 OK for: @react-native/community-cli-plugin@0.81.0 want: ^7.1.3
1463 silly fetch manifest @react-native/debugger-frontend@0.81.0
1464 silly packumentCache full:https://registry.npmjs.org/@react-native%2fdebugger-frontend cache-miss
1465 http fetch GET 200 https://registry.npmjs.org/@react-native%2fdebugger-frontend 59ms (cache hit)
1466 silly packumentCache full:https://registry.npmjs.org/@react-native%2fdebugger-frontend set size:1832228 disposed:false
1467 silly placeDep ROOT shell-quote@1.8.3 OK for: react-devtools-core@6.1.5 want: ^1.6.1
1468 silly placeDep node_modules/react-devtools-core ws@7.5.10 OK for: react-devtools-core@6.1.5 want: ^7
1469 silly placeDep node_modules/react-native-reanimated semver@7.7.4 OK for: react-native-reanimated@4.1.7 want: ^7.7.2
1470 silly placeDep node_modules/react-native-worklets semver@7.7.2 OK for: react-native-worklets@0.5.2 want: 7.7.2
1471 silly placeDep ROOT nested-error-stacks@2.0.1 OK for: requireg@0.2.2 want: ~2.0.1
1472 silly placeDep ROOT rc@1.2.8 OK for: requireg@0.2.2 want: ~1.2.7
1473 silly placeDep node_modules/requireg resolve@1.7.1 OK for: requireg@0.2.2 want: ~1.7.1
1474 silly fetch manifest ini@~1.3.0
1475 silly packumentCache full:https://registry.npmjs.org/ini cache-miss
1476 silly fetch manifest minimist@^1.2.0
1477 silly packumentCache full:https://registry.npmjs.org/minimist cache-miss
1478 silly fetch manifest deep-extend@^0.6.0
1479 silly packumentCache full:https://registry.npmjs.org/deep-extend cache-miss
1480 silly fetch manifest strip-json-comments@~2.0.1
1481 silly packumentCache full:https://registry.npmjs.org/strip-json-comments cache-miss
1482 http fetch GET 200 https://registry.npmjs.org/ini 225ms (cache miss)
1483 silly packumentCache full:https://registry.npmjs.org/ini set size:undefined disposed:false
1484 http fetch GET 200 https://registry.npmjs.org/deep-extend 260ms (cache miss)
1485 silly packumentCache full:https://registry.npmjs.org/deep-extend set size:undefined disposed:false
1486 http fetch GET 200 https://registry.npmjs.org/minimist 269ms (cache miss)
1487 silly packumentCache full:https://registry.npmjs.org/minimist set size:undefined disposed:false
1488 http fetch GET 200 https://registry.npmjs.org/strip-json-comments 286ms (cache miss)
1489 silly packumentCache full:https://registry.npmjs.org/strip-json-comments set size:undefined disposed:false
1490 silly placeDep ROOT deep-extend@0.6.0 OK for: rc@1.2.8 want: ^0.6.0
1491 silly placeDep ROOT ini@1.3.8 OK for: rc@1.2.8 want: ~1.3.0
1492 silly placeDep ROOT minimist@1.2.8 OK for: rc@1.2.8 want: ^1.2.0
1493 silly placeDep ROOT strip-json-comments@2.0.1 OK for: rc@1.2.8 want: ~2.0.1
1494 silly placeDep ROOT onetime@2.0.1 OK for: restore-cursor@2.0.0 want: ^2.0.0
1495 silly fetch manifest mimic-fn@^1.0.0
1496 silly packumentCache full:https://registry.npmjs.org/mimic-fn cache-miss
1497 http fetch GET 200 https://registry.npmjs.org/mimic-fn 325ms (cache miss)
1498 silly packumentCache full:https://registry.npmjs.org/mimic-fn set size:undefined disposed:false
1499 silly placeDep ROOT mimic-fn@1.2.0 OK for: onetime@2.0.1 want: ^1.0.0
1500 silly placeDep node_modules/send debug@2.6.9 OK for: send@0.19.2 want: 2.6.9
1501 silly placeDep ROOT depd@2.0.0 OK for: send@0.19.2 want: 2.0.0
1502 silly placeDep ROOT destroy@1.2.0 OK for: send@0.19.2 want: 1.2.0
1503 silly placeDep node_modules/send encodeurl@2.0.0 OK for: send@0.19.2 want: ~2.0.0
1504 silly placeDep ROOT etag@1.8.1 OK for: send@0.19.2 want: ~1.8.1
1505 silly placeDep ROOT fresh@0.5.2 OK for: send@0.19.2 want: ~0.5.2
1506 silly placeDep ROOT http-errors@2.0.1 OK for: send@0.19.2 want: ~2.0.1
1507 silly placeDep ROOT mime@1.6.0 OK for: send@0.19.2 want: 1.6.0
1508 silly placeDep node_modules/send on-finished@2.4.1 OK for: send@0.19.2 want: ~2.4.1
1509 silly placeDep ROOT range-parser@1.2.1 OK for: send@0.19.2 want: ~1.2.1
1510 silly placeDep node_modules/send statuses@2.0.2 OK for: send@0.19.2 want: ~2.0.2
1511 silly fetch manifest setprototypeof@~1.2.0
1512 silly packumentCache full:https://registry.npmjs.org/setprototypeof cache-miss
1513 silly fetch manifest toidentifier@~1.0.1
1514 silly packumentCache full:https://registry.npmjs.org/toidentifier cache-miss
1515 http fetch GET 200 https://registry.npmjs.org/toidentifier 407ms (cache miss)
1516 silly packumentCache full:https://registry.npmjs.org/toidentifier set size:undefined disposed:false
1517 http fetch GET 200 https://registry.npmjs.org/setprototypeof 410ms (cache miss)
1518 silly packumentCache full:https://registry.npmjs.org/setprototypeof set size:undefined disposed:false
1519 silly placeDep ROOT setprototypeof@1.2.0 OK for: http-errors@2.0.1 want: ~1.2.0
1520 silly placeDep node_modules/http-errors statuses@2.0.2 OK for: http-errors@2.0.1 want: ~2.0.2
1521 silly placeDep ROOT toidentifier@1.0.1 OK for: http-errors@2.0.1 want: ~1.0.1
1522 silly placeDep node_modules/serve-static encodeurl@2.0.0 OK for: serve-static@1.16.3 want: ~2.0.0
1523 silly placeDep ROOT shebang-regex@3.0.0 OK for: shebang-command@2.0.0 want: ^3.0.0
1524 silly placeDep ROOT buffer-from@1.1.2 OK for: source-map-support@0.5.21 want: ^1.0.0
1525 silly placeDep node_modules/source-map-support source-map@0.6.1 OK for: source-map-support@0.5.21 want: ^0.6.0
1526 silly placeDep node_modules/strip-ansi ansi-regex@4.1.1 OK for: strip-ansi@5.2.0 want: ^4.1.0
1527 silly placeDep node_modules/sucrase commander@4.1.1 OK for: sucrase@3.35.1 want: ^4.0.0
1528 silly placeDep ROOT lines-and-columns@1.2.4 OK for: sucrase@3.35.1 want: ^1.1.6
1529 silly placeDep ROOT mz@2.7.0 OK for: sucrase@3.35.1 want: ^2.7.0
1530 silly placeDep ROOT tinyglobby@0.2.16 OK for: sucrase@3.35.1 want: ^0.2.11
1531 silly placeDep ROOT ts-interface-checker@0.1.13 OK for: sucrase@3.35.1 want: ^0.1.9
1532 silly fetch manifest any-promise@^1.0.0
1533 silly packumentCache full:https://registry.npmjs.org/any-promise cache-miss
1534 silly fetch manifest object-assign@^4.0.1
1535 silly packumentCache full:https://registry.npmjs.org/object-assign cache-miss
1536 silly fetch manifest thenify-all@^1.0.0
1537 silly packumentCache full:https://registry.npmjs.org/thenify-all cache-miss
1538 silly fetch manifest fdir@^6.5.0
1539 silly packumentCache full:https://registry.npmjs.org/fdir cache-miss
1540 silly fetch manifest picomatch@^4.0.4
1541 silly packumentCache full:https://registry.npmjs.org/picomatch cache-miss
1542 http fetch GET 200 https://registry.npmjs.org/picomatch 44ms (cache hit)
1543 silly packumentCache full:https://registry.npmjs.org/picomatch set size:126376 disposed:false
1544 http fetch GET 200 https://registry.npmjs.org/any-promise 265ms (cache miss)
1545 silly packumentCache full:https://registry.npmjs.org/any-promise set size:undefined disposed:false
1546 http fetch GET 200 https://registry.npmjs.org/thenify-all 321ms (cache miss)
1547 silly packumentCache full:https://registry.npmjs.org/thenify-all set size:undefined disposed:false
1548 http fetch GET 200 https://registry.npmjs.org/object-assign 351ms (cache miss)
1549 silly packumentCache full:https://registry.npmjs.org/object-assign set size:undefined disposed:false
1550 http fetch GET 200 https://registry.npmjs.org/fdir 835ms (cache miss)
1551 silly packumentCache full:https://registry.npmjs.org/fdir set size:undefined disposed:false
1552 silly placeDep ROOT any-promise@1.3.0 OK for: mz@2.7.0 want: ^1.0.0
1553 silly placeDep ROOT object-assign@4.1.1 OK for: mz@2.7.0 want: ^4.0.1
1554 silly placeDep ROOT thenify-all@1.6.0 OK for: mz@2.7.0 want: ^1.0.0
1555 silly fetch manifest thenify@>= 3.1.0 < 4
1556 silly packumentCache full:https://registry.npmjs.org/thenify cache-miss
1557 http fetch GET 200 https://registry.npmjs.org/thenify 406ms (cache miss)
1558 silly packumentCache full:https://registry.npmjs.org/thenify set size:undefined disposed:false
1559 silly placeDep ROOT @isaacs/fs-minipass@4.0.1 OK for: tar@7.5.13 want: ^4.0.0
1560 silly placeDep ROOT chownr@3.0.0 OK for: tar@7.5.13 want: ^3.0.0
1561 silly placeDep ROOT minipass@7.1.3 OK for: tar@7.5.13 want: ^7.1.2
1562 silly placeDep ROOT minizlib@3.1.0 OK for: tar@7.5.13 want: ^3.1.0
1563 silly placeDep node_modules/tar yallist@5.0.0 OK for: tar@7.5.13 want: ^5.0.0
1564 silly fetch manifest minipass@^7.0.4
1565 silly packumentCache full:https://registry.npmjs.org/minipass cache-hit
1566 silly placeDep ROOT ansi-escapes@4.3.2 OK for: terminal-link@2.1.1 want: ^4.2.1
1567 silly placeDep ROOT supports-hyperlinks@2.3.0 OK for: terminal-link@2.1.1 want: ^2.0.0
1568 silly fetch manifest type-fest@^0.21.3
1569 silly packumentCache full:https://registry.npmjs.org/type-fest cache-miss
1570 http fetch GET 200 https://registry.npmjs.org/type-fest 842ms (cache miss)
1571 silly packumentCache full:https://registry.npmjs.org/type-fest set size:undefined disposed:false
1572 silly placeDep node_modules/ansi-escapes type-fest@0.21.3 OK for: ansi-escapes@4.3.2 want: ^0.21.3
1573 silly placeDep ROOT @jridgewell/source-map@0.3.11 OK for: terser@5.46.1 want: ^0.3.3
1574 silly placeDep ROOT acorn@8.16.0 OK for: terser@5.46.1 want: ^8.15.0
1575 silly placeDep node_modules/terser commander@2.20.3 OK for: terser@5.46.1 want: ^2.20.0
1576 silly placeDep ROOT thenify@3.3.1 OK for: thenify-all@1.6.0 want: >= 3.1.0 < 4
1577 silly placeDep ROOT fdir@6.5.0 OK for: tinyglobby@0.2.16 want: ^6.5.0
1578 silly placeDep node_modules/tinyglobby picomatch@4.0.4 OK for: tinyglobby@0.2.16 want: ^4.0.4
1579 silly placeDep ROOT defaults@1.0.4 OK for: wcwidth@1.0.1 want: ^1.0.3
1580 silly fetch manifest clone@^1.0.2
1581 silly packumentCache full:https://registry.npmjs.org/clone cache-miss
1582 http fetch GET 200 https://registry.npmjs.org/clone 1052ms (cache miss)
1583 silly packumentCache full:https://registry.npmjs.org/clone set size:undefined disposed:false
1584 silly placeDep ROOT clone@1.0.4 OK for: defaults@1.0.4 want: ^1.0.2
1585 silly placeDep ROOT isexe@2.0.0 OK for: which@2.0.2 want: ^2.0.0
1586 silly placeDep ROOT simple-plist@1.3.1 OK for: xcode@3.0.1 want: ^1.1.0
1587 silly placeDep ROOT uuid@7.0.3 OK for: xcode@3.0.1 want: ^7.0.3
1588 silly fetch manifest bplist-parser@0.3.1
1589 silly packumentCache full:https://registry.npmjs.org/bplist-parser cache-miss
1590 silly fetch manifest plist@^3.0.5
1591 silly packumentCache full:https://registry.npmjs.org/plist cache-miss
1592 http fetch GET 200 https://registry.npmjs.org/bplist-parser 22ms (cache hit)
1593 silly packumentCache full:https://registry.npmjs.org/bplist-parser set size:21877 disposed:false
1594 http fetch GET 200 https://registry.npmjs.org/plist 647ms (cache miss)
1595 silly packumentCache full:https://registry.npmjs.org/plist set size:undefined disposed:false
1596 silly placeDep node_modules/simple-plist bplist-parser@0.3.1 OK for: simple-plist@1.3.1 want: 0.3.1
1597 silly placeDep ROOT plist@3.1.0 OK for: simple-plist@1.3.1 want: ^3.0.5
1598 silly placeDep ROOT sax@1.6.0 OK for: xml2js@0.6.0 want: >=0.6.0
1599 silly placeDep node_modules/xml2js xmlbuilder@11.0.1 OK for: xml2js@0.6.0 want: ~11.0.0
1600 silly placeDep node_modules/@expo/cli/node_modules/glob minimatch@10.2.5 OK for: glob@13.0.6 want: ^10.2.2
1601 silly placeDep ROOT path-scurry@2.0.2 OK for: glob@13.0.6 want: ^2.0.2
1602 silly fetch manifest brace-expansion@^5.0.5
1603 silly packumentCache full:https://registry.npmjs.org/brace-expansion cache-miss
1604 silly fetch manifest lru-cache@^11.0.0
1605 silly packumentCache full:https://registry.npmjs.org/lru-cache cache-miss
1606 http fetch GET 200 https://registry.npmjs.org/brace-expansion 8ms (cache hit)
1607 silly packumentCache full:https://registry.npmjs.org/brace-expansion set size:61740 disposed:false
1608 http fetch GET 200 https://registry.npmjs.org/lru-cache 10ms (cache hit)
1609 silly packumentCache full:https://registry.npmjs.org/lru-cache set size:432407 disposed:false
1610 silly placeDep node_modules/path-scurry lru-cache@11.3.3 OK for: path-scurry@2.0.2 want: ^11.0.0
1611 silly placeDep node_modules/@expo/config-plugins minimatch@10.2.5 OK for: glob@13.0.6 want: ^10.2.2
1612 silly placeDep node_modules/@expo/config-plugins brace-expansion@5.0.5 OK for: minimatch@10.2.5 want: ^5.0.5
1613 silly fetch manifest balanced-match@^4.0.2
1614 silly packumentCache full:https://registry.npmjs.org/balanced-match cache-miss
1615 http fetch GET 200 https://registry.npmjs.org/balanced-match 314ms (cache miss)
1616 silly packumentCache full:https://registry.npmjs.org/balanced-match set size:undefined disposed:false
1617 silly placeDep node_modules/@expo/config-plugins balanced-match@4.0.4 OK for: brace-expansion@5.0.5 want: ^4.0.2
1618 silly placeDep ROOT @babel/highlight@7.25.9 OK for: @babel/code-frame@7.10.4 want: ^7.10.4
1619 silly placeDep node_modules/@babel/highlight chalk@2.4.2 OK for: @babel/highlight@7.25.9 want: ^2.4.2
1620 silly placeDep node_modules/@babel/highlight ansi-styles@3.2.1 OK for: chalk@2.4.2 want: ^3.2.1
1621 silly placeDep node_modules/@babel/highlight escape-string-regexp@1.0.5 OK for: chalk@2.4.2 want: ^1.0.5
1622 silly placeDep node_modules/@babel/highlight supports-color@5.5.0 OK for: chalk@2.4.2 want: ^5.3.0
1623 silly fetch manifest color-convert@^1.9.0
1624 silly packumentCache full:https://registry.npmjs.org/color-convert cache-miss
1625 silly fetch manifest has-flag@^3.0.0
1626 silly packumentCache full:https://registry.npmjs.org/has-flag cache-miss
1627 http fetch GET 200 https://registry.npmjs.org/has-flag 321ms (cache miss)
1628 silly packumentCache full:https://registry.npmjs.org/has-flag set size:undefined disposed:false
1629 http fetch GET 200 https://registry.npmjs.org/color-convert 363ms (cache miss)
1630 silly packumentCache full:https://registry.npmjs.org/color-convert set size:undefined disposed:false
1631 silly placeDep node_modules/@babel/highlight color-convert@1.9.3 OK for: ansi-styles@3.2.1 want: ^1.9.0
1632 silly fetch manifest color-name@1.1.3
1633 silly packumentCache full:https://registry.npmjs.org/color-name cache-miss
1634 http fetch GET 200 https://registry.npmjs.org/color-name 313ms (cache miss)
1635 silly packumentCache full:https://registry.npmjs.org/color-name set size:undefined disposed:false
1636 silly placeDep node_modules/@babel/highlight color-name@1.1.3 OK for: color-convert@1.9.3 want: 1.1.3
1637 silly placeDep node_modules/@babel/highlight has-flag@3.0.0 OK for: supports-color@5.5.0 want: ^3.0.0
1638 silly placeDep node_modules/@expo/config minimatch@10.2.5 OK for: glob@13.0.6 want: ^10.2.2
1639 silly placeDep node_modules/@expo/config brace-expansion@5.0.5 OK for: minimatch@10.2.5 want: ^5.0.5
1640 silly placeDep node_modules/@expo/config balanced-match@4.0.4 OK for: brace-expansion@5.0.5 want: ^4.0.2
1641 silly placeDep node_modules/@expo/fingerprint/node_modules/glob minimatch@10.2.5 OK for: glob@13.0.6 want: ^10.2.2
1642 silly placeDep node_modules/@expo/metro-config/node_modules/glob minimatch@10.2.5 OK for: glob@13.0.6 want: ^10.2.2
1643 silly placeDep node_modules/@expo/metro-config hermes-estree@0.29.1 OK for: hermes-parser@0.29.1 want: 0.29.1
1644 silly placeDep node_modules/@react-native/community-cli-plugin @react-native/debugger-frontend@0.81.0 OK for: @react-native/dev-middleware@0.81.0 want: 0.81.0
1645 silly placeDep node_modules/@react-native/community-cli-plugin ws@6.2.3 OK for: @react-native/dev-middleware@0.81.0 want: ^6.2.3
1646 silly placeDep ROOT define-lazy-prop@2.0.0 OK for: open@8.4.2 want: ^2.0.0
1647 silly placeDep node_modules/compression ms@2.0.0 OK for: debug@2.6.9 want: 2.0.0
1648 silly placeDep node_modules/connect ms@2.0.0 OK for: debug@2.6.9 want: 2.0.0
1649 silly placeDep node_modules/expo @react-native/babel-preset@0.81.5 OK for: babel-preset-expo@54.0.10 want: 0.81.5
1650 silly placeDep ROOT babel-plugin-react-compiler@1.0.0 OK for: babel-preset-expo@54.0.10 want: ^1.0.0
1651 silly placeDep node_modules/expo babel-plugin-react-native-web@0.21.2 OK for: babel-preset-expo@54.0.10 want: ~0.21.0
1652 silly placeDep node_modules/expo babel-plugin-syntax-hermes-parser@0.29.1 OK for: babel-preset-expo@54.0.10 want: ^0.29.1
1653 silly fetch manifest @react-native/babel-plugin-codegen@0.81.5
1654 silly packumentCache full:https://registry.npmjs.org/@react-native%2fbabel-plugin-codegen cache-miss
1655 http fetch GET 200 https://registry.npmjs.org/@react-native%2fbabel-plugin-codegen 1229ms (cache miss)
1656 silly packumentCache full:https://registry.npmjs.org/@react-native%2fbabel-plugin-codegen set size:undefined disposed:false
1657 silly placeDep node_modules/expo @react-native/babel-plugin-codegen@0.81.5 OK for: @react-native/babel-preset@0.81.5 want: 0.81.5
1658 silly fetch manifest @react-native/codegen@0.81.5
1659 silly packumentCache full:https://registry.npmjs.org/@react-native%2fcodegen cache-miss
1660 http fetch GET 200 https://registry.npmjs.org/@react-native%2fcodegen 20ms (cache hit)
1661 silly packumentCache full:https://registry.npmjs.org/@react-native%2fcodegen set size:2734867 disposed:false
1662 silly placeDep node_modules/expo @react-native/codegen@0.81.5 OK for: @react-native/babel-plugin-codegen@0.81.5 want: 0.81.5
1663 silly placeDep node_modules/expo hermes-parser@0.29.1 OK for: @react-native/codegen@0.81.5 want: 0.29.1
1664 silly placeDep node_modules/expo hermes-estree@0.29.1 OK for: hermes-parser@0.29.1 want: 0.29.1
1665 silly placeDep node_modules/finalhandler ms@2.0.0 OK for: debug@2.6.9 want: 2.0.0
1666 silly placeDep node_modules/lighthouse-logger ms@2.0.0 OK for: debug@2.6.9 want: 2.0.0
1667 silly placeDep node_modules/log-symbols ansi-styles@3.2.1 OK for: chalk@2.4.2 want: ^3.2.1
1668 silly placeDep node_modules/log-symbols escape-string-regexp@1.0.5 OK for: chalk@2.4.2 want: ^1.0.5
1669 silly placeDep node_modules/log-symbols supports-color@5.5.0 OK for: chalk@2.4.2 want: ^5.3.0
1670 silly placeDep node_modules/log-symbols color-convert@1.9.3 OK for: ansi-styles@3.2.1 want: ^1.9.0
1671 silly placeDep node_modules/log-symbols color-name@1.1.3 OK for: color-convert@1.9.3 want: 1.1.3
1672 silly placeDep node_modules/log-symbols has-flag@3.0.0 OK for: supports-color@5.5.0 want: ^3.0.0
1673 silly placeDep node_modules/metro-babel-transformer hermes-estree@0.32.0 OK for: hermes-parser@0.32.0 want: 0.32.0
1674 silly placeDep node_modules/metro hermes-estree@0.32.0 OK for: hermes-parser@0.32.0 want: 0.32.0
1675 silly placeDep node_modules/ora ansi-styles@3.2.1 OK for: chalk@2.4.2 want: ^3.2.1
1676 silly placeDep node_modules/ora escape-string-regexp@1.0.5 OK for: chalk@2.4.2 want: ^1.0.5
1677 silly placeDep node_modules/ora supports-color@5.5.0 OK for: chalk@2.4.2 want: ^5.3.0
1678 silly placeDep node_modules/ora color-convert@1.9.3 OK for: ansi-styles@3.2.1 want: ^1.9.0
1679 silly placeDep node_modules/ora color-name@1.1.3 OK for: color-convert@1.9.3 want: 1.1.3
1680 silly placeDep node_modules/ora has-flag@3.0.0 OK for: supports-color@5.5.0 want: ^3.0.0
1681 silly placeDep node_modules/react-native hermes-parser@0.29.1 OK for: @react-native/codegen@0.81.0 want: 0.29.1
1682 silly placeDep node_modules/react-native hermes-estree@0.29.1 OK for: hermes-parser@0.29.1 want: 0.29.1
1683 silly placeDep node_modules/send/node_modules/debug ms@2.0.0 OK for: debug@2.6.9 want: 2.0.0
1684 silly placeDep node_modules/@expo/cli brace-expansion@5.0.5 OK for: minimatch@10.2.5 want: ^5.0.5
1685 silly placeDep node_modules/@expo/cli balanced-match@4.0.4 OK for: brace-expansion@5.0.5 want: ^4.0.2
1686 silly placeDep node_modules/@expo/fingerprint brace-expansion@5.0.5 OK for: minimatch@10.2.5 want: ^5.0.5
1687 silly placeDep node_modules/@expo/fingerprint balanced-match@4.0.4 OK for: brace-expansion@5.0.5 want: ^4.0.2
1688 silly placeDep node_modules/@expo/metro-config brace-expansion@5.0.5 OK for: minimatch@10.2.5 want: ^5.0.5
1689 silly placeDep node_modules/@expo/metro-config balanced-match@4.0.4 OK for: brace-expansion@5.0.5 want: ^4.0.2
1690 silly reify mark retired [
1690 silly reify   'C:\\Users\\Ansi\\Desktop\\FixNow\\node_modules\\@babel\\plugin-bugfix-firefox-class-in-computed-class-key'
1690 silly reify ]
1691 silly reify mark retired [
1691 silly reify   'C:\\Users\\Ansi\\Desktop\\FixNow\\node_modules\\@babel\\plugin-bugfix-safari-class-field-initializer-scope'
1691 silly reify ]
1692 silly reify mark retired [
1692 silly reify   'C:\\Users\\Ansi\\Desktop\\FixNow\\node_modules\\@babel\\plugin-bugfix-safari-id-destructuring-collision-in-function-expression'
1692 silly reify ]
1693 silly reify mark retired [
1693 silly reify   'C:\\Users\\Ansi\\Desktop\\FixNow\\node_modules\\@babel\\plugin-bugfix-v8-spread-parameters-in-optional-chaining'
1693 silly reify ]
1694 silly reify mark retired [
1694 silly reify   'C:\\Users\\Ansi\\Desktop\\FixNow\\node_modules\\@babel\\plugin-bugfix-v8-static-class-fields-redefine-readonly'
1694 silly reify ]
1695 silly reify mark retired [
1695 silly reify   'C:\\Users\\Ansi\\Desktop\\FixNow\\node_modules\\@babel\\plugin-proposal-class-properties'
1695 silly reify ]
1696 silly reify mark retired [
1696 silly reify   'C:\\Users\\Ansi\\Desktop\\FixNow\\node_modules\\@babel\\plugin-proposal-nullish-coalescing-operator'
1696 silly reify ]
1697 silly reify mark retired [
1697 silly reify   'C:\\Users\\Ansi\\Desktop\\FixNow\\node_modules\\@babel\\plugin-proposal-optional-chaining'
1697 silly reify ]
1698 silly reify mark retired [
1698 silly reify   'C:\\Users\\Ansi\\Desktop\\FixNow\\node_modules\\@babel\\plugin-proposal-private-property-in-object'
1698 silly reify ]
1699 silly reify mark retired [
1699 silly reify   'C:\\Users\\Ansi\\Desktop\\FixNow\\node_modules\\@babel\\plugin-syntax-import-assertions'
1699 silly reify ]
1700 silly reify mark retired [
1700 silly reify   'C:\\Users\\Ansi\\Desktop\\FixNow\\node_modules\\@babel\\plugin-syntax-unicode-sets-regex'
1700 silly reify ]
1701 silly reify mark retired [
1701 silly reify   'C:\\Users\\Ansi\\Desktop\\FixNow\\node_modules\\@babel\\plugin-transform-block-scoped-functions'
1701 silly reify ]
1702 silly reify mark retired [
1702 silly reify   'C:\\Users\\Ansi\\Desktop\\FixNow\\node_modules\\@babel\\plugin-transform-dotall-regex'
1702 silly reify ]
1703 silly reify mark retired [
1703 silly reify   'C:\\Users\\Ansi\\Desktop\\FixNow\\node_modules\\@babel\\plugin-transform-duplicate-keys'
1703 silly reify ]
1704 silly reify mark retired [
1704 silly reify   'C:\\Users\\Ansi\\Desktop\\FixNow\\node_modules\\@babel\\plugin-transform-duplicate-named-capturing-groups-regex'
1704 silly reify ]
1705 silly reify mark retired [
1705 silly reify   'C:\\Users\\Ansi\\Desktop\\FixNow\\node_modules\\@babel\\plugin-transform-dynamic-import'
1705 silly reify ]
1706 silly reify mark retired [
1706 silly reify   'C:\\Users\\Ansi\\Desktop\\FixNow\\node_modules\\@babel\\plugin-transform-explicit-resource-management'
1706 silly reify ]
1707 silly reify mark retired [
1707 silly reify   'C:\\Users\\Ansi\\Desktop\\FixNow\\node_modules\\@babel\\plugin-transform-exponentiation-operator'
1707 silly reify ]
1708 silly reify mark retired [
1708 silly reify   'C:\\Users\\Ansi\\Desktop\\FixNow\\node_modules\\@babel\\plugin-transform-json-strings'
1708 silly reify ]
1709 silly reify mark retired [
1709 silly reify   'C:\\Users\\Ansi\\Desktop\\FixNow\\node_modules\\@babel\\plugin-transform-member-expression-literals'
1709 silly reify ]
1710 silly reify mark retired [
1710 silly reify   'C:\\Users\\Ansi\\Desktop\\FixNow\\node_modules\\@babel\\plugin-transform-modules-amd'
1710 silly reify ]
1711 silly reify mark retired [
1711 silly reify   'C:\\Users\\Ansi\\Desktop\\FixNow\\node_modules\\@babel\\plugin-transform-modules-systemjs'
1711 silly reify ]
1712 silly reify mark retired [
1712 silly reify   'C:\\Users\\Ansi\\Desktop\\FixNow\\node_modules\\@babel\\plugin-transform-modules-umd'
1712 silly reify ]
1713 silly reify mark retired [
1713 silly reify   'C:\\Users\\Ansi\\Desktop\\FixNow\\node_modules\\@babel\\plugin-transform-new-target'
1713 silly reify ]
1714 silly reify mark retired [
1714 silly reify   'C:\\Users\\Ansi\\Desktop\\FixNow\\node_modules\\@babel\\plugin-transform-object-super'
1714 silly reify ]
1715 silly reify mark retired [
1715 silly reify   'C:\\Users\\Ansi\\Desktop\\FixNow\\node_modules\\@babel\\plugin-transform-property-literals'
1715 silly reify ]
1716 silly reify mark retired [
1716 silly reify   'C:\\Users\\Ansi\\Desktop\\FixNow\\node_modules\\@babel\\plugin-transform-regexp-modifiers'
1716 silly reify ]
1717 silly reify mark retired [
1717 silly reify   'C:\\Users\\Ansi\\Desktop\\FixNow\\node_modules\\@babel\\plugin-transform-reserved-words'
1717 silly reify ]
1718 silly reify mark retired [
1718 silly reify   'C:\\Users\\Ansi\\Desktop\\FixNow\\node_modules\\@babel\\plugin-transform-typeof-symbol'
1718 silly reify ]
1719 silly reify mark retired [
1719 silly reify   'C:\\Users\\Ansi\\Desktop\\FixNow\\node_modules\\@babel\\plugin-transform-unicode-escapes'
1719 silly reify ]
1720 silly reify mark retired [
1720 silly reify   'C:\\Users\\Ansi\\Desktop\\FixNow\\node_modules\\@babel\\plugin-transform-unicode-property-regex'
1720 silly reify ]
1721 silly reify mark retired [
1721 silly reify   'C:\\Users\\Ansi\\Desktop\\FixNow\\node_modules\\@babel\\plugin-transform-unicode-sets-regex'
1721 silly reify ]
1722 silly reify mark retired [
1722 silly reify   'C:\\Users\\Ansi\\Desktop\\FixNow\\node_modules\\@babel\\preset-env'
1722 silly reify ]
1723 silly reify mark retired [
1723 silly reify   'C:\\Users\\Ansi\\Desktop\\FixNow\\node_modules\\@babel\\preset-flow'
1723 silly reify ]
1724 silly reify mark retired [
1724 silly reify   'C:\\Users\\Ansi\\Desktop\\FixNow\\node_modules\\@babel\\preset-modules'
1724 silly reify ]
1725 silly reify mark retired [ 'C:\\Users\\Ansi\\Desktop\\FixNow\\node_modules\\@babel\\register' ]
1726 silly reify mark retired [
1726 silly reify   'C:\\Users\\Ansi\\Desktop\\FixNow\\node_modules\\@expo\\cli',
1726 silly reify   'C:\\Users\\Ansi\\Desktop\\FixNow\\node_modules\\.bin\\expo-internal',
1726 silly reify   'C:\\Users\\Ansi\\Desktop\\FixNow\\node_modules\\.bin\\expo-internal.cmd',
1726 silly reify   'C:\\Users\\Ansi\\Desktop\\FixNow\\node_modules\\.bin\\expo-internal.ps1'
1726 silly reify ]
1727 silly reify mark retired [ 'C:\\Users\\Ansi\\Desktop\\FixNow\\node_modules\\@expo\\config' ]
1728 silly reify mark retired [
1728 silly reify   'C:\\Users\\Ansi\\Desktop\\FixNow\\node_modules\\@expo\\config-plugins'
1728 silly reify ]
1729 silly reify mark retired [
1729 silly reify   'C:\\Users\\Ansi\\Desktop\\FixNow\\node_modules\\@expo\\config-types'
1729 silly reify ]
1730 silly reify mark retired [ 'C:\\Users\\Ansi\\Desktop\\FixNow\\node_modules\\@expo\\env' ]
1731 silly reify mark retired [
1731 silly reify   'C:\\Users\\Ansi\\Desktop\\FixNow\\node_modules\\@expo\\fingerprint',
1731 silly reify   'C:\\Users\\Ansi\\Desktop\\FixNow\\node_modules\\.bin\\fingerprint',
1731 silly reify   'C:\\Users\\Ansi\\Desktop\\FixNow\\node_modules\\.bin\\fingerprint.cmd',
1731 silly reify   'C:\\Users\\Ansi\\Desktop\\FixNow\\node_modules\\.bin\\fingerprint.ps1'
1731 silly reify ]
1732 silly reify mark retired [
1732 silly reify   'C:\\Users\\Ansi\\Desktop\\FixNow\\node_modules\\@expo\\image-utils'
1732 silly reify ]
1733 silly reify mark retired [ 'C:\\Users\\Ansi\\Desktop\\FixNow\\node_modules\\@expo\\json-file' ]
1734 silly reify mark retired [
1734 silly reify   'C:\\Users\\Ansi\\Desktop\\FixNow\\node_modules\\@expo\\metro-config'
1734 silly reify ]
1735 silly reify mark retired [
1735 silly reify   'C:\\Users\\Ansi\\Desktop\\FixNow\\node_modules\\@expo\\package-manager\\node_modules\\@expo\\json-file'
1735 silly reify ]
1736 silly reify mark retired [ 'C:\\Users\\Ansi\\Desktop\\FixNow\\node_modules\\@expo\\plist' ]
1737 silly reify mark retired [
1737 silly reify   'C:\\Users\\Ansi\\Desktop\\FixNow\\node_modules\\@expo\\prebuild-config'
1737 silly reify ]
1738 silly reify mark retired [ 'C:\\Users\\Ansi\\Desktop\\FixNow\\node_modules\\@isaacs\\cliui' ]
1739 silly reify mark retired [ 'C:\\Users\\Ansi\\Desktop\\FixNow\\node_modules\\@pkgjs\\parseargs' ]
1740 silly reify mark retired [
1740 silly reify   'C:\\Users\\Ansi\\Desktop\\FixNow\\node_modules\\@react-native\\assets-registry'
1740 silly reify ]
1741 silly reify mark retired [
1741 silly reify   'C:\\Users\\Ansi\\Desktop\\FixNow\\node_modules\\@react-native\\community-cli-plugin'
1741 silly reify ]
1742 silly reify mark retired [
1742 silly reify   'C:\\Users\\Ansi\\Desktop\\FixNow\\node_modules\\@react-native\\debugger-frontend'
1742 silly reify ]
1743 silly reify mark retired [
1743 silly reify   'C:\\Users\\Ansi\\Desktop\\FixNow\\node_modules\\@react-native\\dev-middleware'
1743 silly reify ]
1744 silly reify mark retired [
1744 silly reify   'C:\\Users\\Ansi\\Desktop\\FixNow\\node_modules\\@react-native\\gradle-plugin'
1744 silly reify ]
1745 silly reify mark retired [
1745 silly reify   'C:\\Users\\Ansi\\Desktop\\FixNow\\node_modules\\@react-native\\js-polyfills'
1745 silly reify ]
1746 silly reify mark retired [
1746 silly reify   'C:\\Users\\Ansi\\Desktop\\FixNow\\node_modules\\@react-native\\metro-babel-transformer'
1746 silly reify ]
1747 silly reify mark retired [
1747 silly reify   'C:\\Users\\Ansi\\Desktop\\FixNow\\node_modules\\@react-native\\normalize-colors'
1747 silly reify ]
1748 silly reify mark retired [
1748 silly reify   'C:\\Users\\Ansi\\Desktop\\FixNow\\node_modules\\@react-native\\virtualized-lists'
1748 silly reify ]
1749 silly reify mark retired [
1749 silly reify   'C:\\Users\\Ansi\\Desktop\\FixNow\\node_modules\\@types\\node-forge'
1749 silly reify ]
1750 silly reify mark retired [
1750 silly reify   'C:\\Users\\Ansi\\Desktop\\FixNow\\node_modules\\@types\\prop-types'
1750 silly reify ]
1751 silly reify mark retired [ 'C:\\Users\\Ansi\\Desktop\\FixNow\\node_modules\\@types\\react' ]
1752 silly reify mark retired [ 'C:\\Users\\Ansi\\Desktop\\FixNow\\node_modules\\ast-types' ]
1753 silly reify mark retired [ 'C:\\Users\\Ansi\\Desktop\\FixNow\\node_modules\\babel-core' ]
1754 silly reify mark retired [ 'C:\\Users\\Ansi\\Desktop\\FixNow\\node_modules\\caller-callsite' ]
1755 silly reify mark retired [ 'C:\\Users\\Ansi\\Desktop\\FixNow\\node_modules\\caller-path' ]
1756 silly reify mark retired [ 'C:\\Users\\Ansi\\Desktop\\FixNow\\node_modules\\callsites' ]
1757 silly reify mark retired [ 'C:\\Users\\Ansi\\Desktop\\FixNow\\node_modules\\clone-deep' ]
1758 silly reify mark retired [ 'C:\\Users\\Ansi\\Desktop\\FixNow\\node_modules\\commondir' ]
1759 silly reify mark retired [ 'C:\\Users\\Ansi\\Desktop\\FixNow\\node_modules\\cosmiconfig' ]
1760 silly reify mark retired [
1760 silly reify   'C:\\Users\\Ansi\\Desktop\\FixNow\\node_modules\\crypto-random-string'
1760 silly reify ]
1761 silly reify mark retired [
1761 silly reify   'C:\\Users\\Ansi\\Desktop\\FixNow\\node_modules\\detect-libc',
1761 silly reify   'C:\\Users\\Ansi\\Desktop\\FixNow\\node_modules\\.bin\\detect-libc',
1761 silly reify   'C:\\Users\\Ansi\\Desktop\\FixNow\\node_modules\\.bin\\detect-libc.cmd',
1761 silly reify   'C:\\Users\\Ansi\\Desktop\\FixNow\\node_modules\\.bin\\detect-libc.ps1'
1761 silly reify ]
1762 silly reify mark retired [ 'C:\\Users\\Ansi\\Desktop\\FixNow\\node_modules\\eastasianwidth' ]
1763 silly reify mark retired [ 'C:\\Users\\Ansi\\Desktop\\FixNow\\node_modules\\error-ex' ]
1764 silly reify mark retired [ 'C:\\Users\\Ansi\\Desktop\\FixNow\\node_modules\\esutils' ]
1765 silly reify mark retired [ 'C:\\Users\\Ansi\\Desktop\\FixNow\\node_modules\\execa' ]
1766 silly reify mark retired [
1766 silly reify   'C:\\Users\\Ansi\\Desktop\\FixNow\\node_modules\\expo',
1766 silly reify   'C:\\Users\\Ansi\\Desktop\\FixNow\\node_modules\\.bin\\expo',
1766 silly reify   'C:\\Users\\Ansi\\Desktop\\FixNow\\node_modules\\.bin\\expo.cmd',
1766 silly reify   'C:\\Users\\Ansi\\Desktop\\FixNow\\node_modules\\.bin\\expo.ps1',
1766 silly reify   'C:\\Users\\Ansi\\Desktop\\FixNow\\node_modules\\.bin\\expo-modules-autolinking',
1766 silly reify   'C:\\Users\\Ansi\\Desktop\\FixNow\\node_modules\\.bin\\expo-modules-autolinking.cmd',
1766 silly reify   'C:\\Users\\Ansi\\Desktop\\FixNow\\node_modules\\.bin\\expo-modules-autolinking.ps1',
1766 silly reify   'C:\\Users\\Ansi\\Desktop\\FixNow\\node_modules\\.bin\\fingerprint',
1766 silly reify   'C:\\Users\\Ansi\\Desktop\\FixNow\\node_modules\\.bin\\fingerprint.cmd',
1766 silly reify   'C:\\Users\\Ansi\\Desktop\\FixNow\\node_modules\\.bin\\fingerprint.ps1'
1766 silly reify ]
1767 silly reify mark retired [ 'C:\\Users\\Ansi\\Desktop\\FixNow\\node_modules\\expo-constants' ]
1768 silly reify mark retired [ 'C:\\Users\\Ansi\\Desktop\\FixNow\\node_modules\\expo-font' ]
1769 silly reify mark retired [
1769 silly reify   'C:\\Users\\Ansi\\Desktop\\FixNow\\node_modules\\expo-linear-gradient'
1769 silly reify ]
1770 silly reify mark retired [ 'C:\\Users\\Ansi\\Desktop\\FixNow\\node_modules\\expo-location' ]
1771 silly reify mark retired [
1771 silly reify   'C:\\Users\\Ansi\\Desktop\\FixNow\\node_modules\\expo-modules-autolinking',
1771 silly reify   'C:\\Users\\Ansi\\Desktop\\FixNow\\node_modules\\.bin\\expo-modules-autolinking',
1771 silly reify   'C:\\Users\\Ansi\\Desktop\\FixNow\\node_modules\\.bin\\expo-modules-autolinking.cmd',
1771 silly reify   'C:\\Users\\Ansi\\Desktop\\FixNow\\node_modules\\.bin\\expo-modules-autolinking.ps1'
1771 silly reify ]
1772 silly reify mark retired [ 'C:\\Users\\Ansi\\Desktop\\FixNow\\node_modules\\expo-modules-core' ]
1773 silly reify mark retired [ 'C:\\Users\\Ansi\\Desktop\\FixNow\\node_modules\\expo-status-bar' ]
1774 silly reify mark retired [ 'C:\\Users\\Ansi\\Desktop\\FixNow\\node_modules\\find-cache-dir' ]
1775 silly reify mark retired [ 'C:\\Users\\Ansi\\Desktop\\FixNow\\node_modules\\find-up' ]
1776 silly reify mark retired [ 'C:\\Users\\Ansi\\Desktop\\FixNow\\node_modules\\flow-parser' ]
1777 silly reify mark retired [ 'C:\\Users\\Ansi\\Desktop\\FixNow\\node_modules\\foreground-child' ]
1778 silly reify mark retired [ 'C:\\Users\\Ansi\\Desktop\\FixNow\\node_modules\\get-stream' ]
1779 silly reify mark retired [ 'C:\\Users\\Ansi\\Desktop\\FixNow\\node_modules\\human-signals' ]
1780 silly reify mark retired [ 'C:\\Users\\Ansi\\Desktop\\FixNow\\node_modules\\import-fresh' ]
1781 silly reify mark retired [ 'C:\\Users\\Ansi\\Desktop\\FixNow\\node_modules\\is-arrayish' ]
1782 silly reify mark retired [ 'C:\\Users\\Ansi\\Desktop\\FixNow\\node_modules\\is-directory' ]
1783 silly reify mark retired [ 'C:\\Users\\Ansi\\Desktop\\FixNow\\node_modules\\is-plain-object' ]
1784 silly reify mark retired [ 'C:\\Users\\Ansi\\Desktop\\FixNow\\node_modules\\is-stream' ]
1785 silly reify mark retired [ 'C:\\Users\\Ansi\\Desktop\\FixNow\\node_modules\\isobject' ]
1786 silly reify mark retired [ 'C:\\Users\\Ansi\\Desktop\\FixNow\\node_modules\\jackspeak' ]
1787 silly reify mark retired [ 'C:\\Users\\Ansi\\Desktop\\FixNow\\node_modules\\jsc-android' ]
1788 silly reify mark retired [
1788 silly reify   'C:\\Users\\Ansi\\Desktop\\FixNow\\node_modules\\jscodeshift',
1788 silly reify   'C:\\Users\\Ansi\\Desktop\\FixNow\\node_modules\\.bin\\jscodeshift',
1788 silly reify   'C:\\Users\\Ansi\\Desktop\\FixNow\\node_modules\\.bin\\jscodeshift.cmd',
1788 silly reify   'C:\\Users\\Ansi\\Desktop\\FixNow\\node_modules\\.bin\\jscodeshift.ps1'
1788 silly reify ]
1789 silly reify mark retired [
1789 silly reify   'C:\\Users\\Ansi\\Desktop\\FixNow\\node_modules\\json-parse-better-errors'
1789 silly reify ]
1790 silly reify mark retired [ 'C:\\Users\\Ansi\\Desktop\\FixNow\\node_modules\\kind-of' ]
1791 silly reify mark retired [ 'C:\\Users\\Ansi\\Desktop\\FixNow\\node_modules\\lightningcss' ]
1792 silly reify mark retired [
1792 silly reify   'C:\\Users\\Ansi\\Desktop\\FixNow\\node_modules\\lightningcss-win32-x64-msvc'
1792 silly reify ]
1793 silly reify mark retired [ 'C:\\Users\\Ansi\\Desktop\\FixNow\\node_modules\\locate-path' ]
1794 silly reify mark retired [ 'C:\\Users\\Ansi\\Desktop\\FixNow\\node_modules\\make-dir' ]
1795 silly reify mark retired [
1795 silly reify   'C:\\Users\\Ansi\\Desktop\\FixNow\\node_modules\\metro',
1795 silly reify   'C:\\Users\\Ansi\\Desktop\\FixNow\\node_modules\\.bin\\metro',
1795 silly reify   'C:\\Users\\Ansi\\Desktop\\FixNow\\node_modules\\.bin\\metro.cmd',
1795 silly reify   'C:\\Users\\Ansi\\Desktop\\FixNow\\node_modules\\.bin\\metro.ps1'
1795 silly reify ]
1796 silly reify mark retired [
1796 silly reify   'C:\\Users\\Ansi\\Desktop\\FixNow\\node_modules\\metro-babel-transformer'
1796 silly reify ]
1797 silly reify mark retired [ 'C:\\Users\\Ansi\\Desktop\\FixNow\\node_modules\\metro-cache' ]
1798 silly reify mark retired [ 'C:\\Users\\Ansi\\Desktop\\FixNow\\node_modules\\metro-cache-key' ]
1799 silly reify mark retired [ 'C:\\Users\\Ansi\\Desktop\\FixNow\\node_modules\\metro-config' ]
1800 silly reify mark retired [ 'C:\\Users\\Ansi\\Desktop\\FixNow\\node_modules\\metro-core' ]
1801 silly reify mark retired [ 'C:\\Users\\Ansi\\Desktop\\FixNow\\node_modules\\metro-file-map' ]
1802 silly reify mark retired [
1802 silly reify   'C:\\Users\\Ansi\\Desktop\\FixNow\\node_modules\\metro-minify-terser'
1802 silly reify ]
1803 silly reify mark retired [ 'C:\\Users\\Ansi\\Desktop\\FixNow\\node_modules\\metro-resolver' ]
1804 silly reify mark retired [ 'C:\\Users\\Ansi\\Desktop\\FixNow\\node_modules\\metro-runtime' ]
1805 silly reify mark retired [ 'C:\\Users\\Ansi\\Desktop\\FixNow\\node_modules\\metro-source-map' ]
1806 silly reify mark retired [
1806 silly reify   'C:\\Users\\Ansi\\Desktop\\FixNow\\node_modules\\metro-symbolicate',
1806 silly reify   'C:\\Users\\Ansi\\Desktop\\FixNow\\node_modules\\.bin\\metro-symbolicate',
1806 silly reify   'C:\\Users\\Ansi\\Desktop\\FixNow\\node_modules\\.bin\\metro-symbolicate.cmd',
1806 silly reify   'C:\\Users\\Ansi\\Desktop\\FixNow\\node_modules\\.bin\\metro-symbolicate.ps1'
1806 silly reify ]
1807 silly reify mark retired [
1807 silly reify   'C:\\Users\\Ansi\\Desktop\\FixNow\\node_modules\\metro-transform-plugins'
1807 silly reify ]
1808 silly reify mark retired [
1808 silly reify   'C:\\Users\\Ansi\\Desktop\\FixNow\\node_modules\\metro-transform-worker'
1808 silly reify ]
1809 silly reify mark retired [ 'C:\\Users\\Ansi\\Desktop\\FixNow\\node_modules\\mimic-fn' ]
1810 silly reify mark retired [ 'C:\\Users\\Ansi\\Desktop\\FixNow\\node_modules\\neo-async' ]
1811 silly reify mark retired [ 'C:\\Users\\Ansi\\Desktop\\FixNow\\node_modules\\node-dir' ]
1812 silly reify mark retired [ 'C:\\Users\\Ansi\\Desktop\\FixNow\\node_modules\\node-fetch' ]
1813 silly reify mark retired [ 'C:\\Users\\Ansi\\Desktop\\FixNow\\node_modules\\npm-run-path' ]
1814 silly reify mark retired [ 'C:\\Users\\Ansi\\Desktop\\FixNow\\node_modules\\ob1' ]
1815 silly reify mark retired [ 'C:\\Users\\Ansi\\Desktop\\FixNow\\node_modules\\onetime' ]
1816 silly reify mark retired [ 'C:\\Users\\Ansi\\Desktop\\FixNow\\node_modules\\p-locate' ]
1817 silly reify mark retired [
1817 silly reify   'C:\\Users\\Ansi\\Desktop\\FixNow\\node_modules\\package-json-from-dist'
1817 silly reify ]
1818 silly reify mark retired [ 'C:\\Users\\Ansi\\Desktop\\FixNow\\node_modules\\parse-json' ]
1819 silly reify mark retired [ 'C:\\Users\\Ansi\\Desktop\\FixNow\\node_modules\\path-scurry' ]
1820 silly reify mark retired [ 'C:\\Users\\Ansi\\Desktop\\FixNow\\node_modules\\pify' ]
1821 silly reify mark retired [ 'C:\\Users\\Ansi\\Desktop\\FixNow\\node_modules\\pkg-dir' ]
1822 silly reify mark retired [ 'C:\\Users\\Ansi\\Desktop\\FixNow\\node_modules\\prop-types' ]
1823 silly reify mark retired [ 'C:\\Users\\Ansi\\Desktop\\FixNow\\node_modules\\react' ]
1824 silly reify mark retired [
1824 silly reify   'C:\\Users\\Ansi\\Desktop\\FixNow\\node_modules\\react-devtools-core'
1824 silly reify ]
1825 silly reify mark retired [
1825 silly reify   'C:\\Users\\Ansi\\Desktop\\FixNow\\node_modules\\react-native',
1825 silly reify   'C:\\Users\\Ansi\\Desktop\\FixNow\\node_modules\\.bin\\react-native',
1825 silly reify   'C:\\Users\\Ansi\\Desktop\\FixNow\\node_modules\\.bin\\react-native.cmd',
1825 silly reify   'C:\\Users\\Ansi\\Desktop\\FixNow\\node_modules\\.bin\\react-native.ps1'
1825 silly reify ]
1826 silly reify mark retired [
1826 silly reify   'C:\\Users\\Ansi\\Desktop\\FixNow\\node_modules\\react-native-edge-to-edge'
1826 silly reify ]
1827 silly reify mark retired [
1827 silly reify   'C:\\Users\\Ansi\\Desktop\\FixNow\\node_modules\\react-native-gesture-handler'
1827 silly reify ]
1828 silly reify mark retired [
1828 silly reify   'C:\\Users\\Ansi\\Desktop\\FixNow\\node_modules\\react-native-reanimated'
1828 silly reify ]
1829 silly reify mark retired [
1829 silly reify   'C:\\Users\\Ansi\\Desktop\\FixNow\\node_modules\\react-native-safe-area-context'
1829 silly reify ]
1830 silly reify mark retired [
1830 silly reify   'C:\\Users\\Ansi\\Desktop\\FixNow\\node_modules\\react-native-screens'
1830 silly reify ]
1831 silly reify mark retired [ 'C:\\Users\\Ansi\\Desktop\\FixNow\\node_modules\\readline' ]
1832 silly reify mark retired [ 'C:\\Users\\Ansi\\Desktop\\FixNow\\node_modules\\recast' ]
1833 silly reify mark retired [
1833 silly reify   'C:\\Users\\Ansi\\Desktop\\FixNow\\node_modules\\restore-cursor\\node_modules\\mimic-fn'
1833 silly reify ]
1834 silly reify mark retired [
1834 silly reify   'C:\\Users\\Ansi\\Desktop\\FixNow\\node_modules\\restore-cursor\\node_modules\\onetime'
1834 silly reify ]
1835 silly reify mark retired [ 'C:\\Users\\Ansi\\Desktop\\FixNow\\node_modules\\scheduler' ]
1836 silly reify mark retired [ 'C:\\Users\\Ansi\\Desktop\\FixNow\\node_modules\\selfsigned' ]
1837 silly reify mark retired [ 'C:\\Users\\Ansi\\Desktop\\FixNow\\node_modules\\shallow-clone' ]
1838 silly reify mark retired [ 'C:\\Users\\Ansi\\Desktop\\FixNow\\node_modules\\string-width-cjs' ]
1839 silly reify mark retired [ 'C:\\Users\\Ansi\\Desktop\\FixNow\\node_modules\\strip-ansi-cjs' ]
1840 silly reify mark retired [
1840 silly reify   'C:\\Users\\Ansi\\Desktop\\FixNow\\node_modules\\strip-final-newline'
1840 silly reify ]
1841 silly reify mark retired [
1841 silly reify   'C:\\Users\\Ansi\\Desktop\\FixNow\\node_modules\\sucrase',
1841 silly reify   'C:\\Users\\Ansi\\Desktop\\FixNow\\node_modules\\.bin\\sucrase',
1841 silly reify   'C:\\Users\\Ansi\\Desktop\\FixNow\\node_modules\\.bin\\sucrase.cmd',
1841 silly reify   'C:\\Users\\Ansi\\Desktop\\FixNow\\node_modules\\.bin\\sucrase.ps1',
1841 silly reify   'C:\\Users\\Ansi\\Desktop\\FixNow\\node_modules\\.bin\\sucrase-node',
1841 silly reify   'C:\\Users\\Ansi\\Desktop\\FixNow\\node_modules\\.bin\\sucrase-node.cmd',
1841 silly reify   'C:\\Users\\Ansi\\Desktop\\FixNow\\node_modules\\.bin\\sucrase-node.ps1'
1841 silly reify ]
1842 silly reify mark retired [ 'C:\\Users\\Ansi\\Desktop\\FixNow\\node_modules\\temp' ]
1843 silly reify mark retired [ 'C:\\Users\\Ansi\\Desktop\\FixNow\\node_modules\\temp-dir' ]
1844 silly reify mark retired [ 'C:\\Users\\Ansi\\Desktop\\FixNow\\node_modules\\tr46' ]
1845 silly reify mark retired [ 'C:\\Users\\Ansi\\Desktop\\FixNow\\node_modules\\tslib' ]
1846 silly reify mark retired [ 'C:\\Users\\Ansi\\Desktop\\FixNow\\node_modules\\unique-string' ]
1847 silly reify mark retired [
1847 silly reify   'C:\\Users\\Ansi\\Desktop\\FixNow\\node_modules\\webidl-conversions'
1847 silly reify ]
1848 silly reify mark retired [ 'C:\\Users\\Ansi\\Desktop\\FixNow\\node_modules\\whatwg-url' ]
1849 silly reify mark retired [ 'C:\\Users\\Ansi\\Desktop\\FixNow\\node_modules\\wrap-ansi-cjs' ]
1850 silly reify moves {
1850 silly reify   'C:\\Users\\Ansi\\Desktop\\FixNow\\node_modules\\@babel\\plugin-bugfix-firefox-class-in-computed-class-key': 'C:\\Users\\Ansi\\Desktop\\FixNow\\node_modules\\@babel\\.plugin-bugfix-firefox-class-in-computed-class-key-r983qCa1',
1850 silly reify   'C:\\Users\\Ansi\\Desktop\\FixNow\\node_modules\\@babel\\plugin-bugfix-safari-class-field-initializer-scope': 'C:\\Users\\Ansi\\Desktop\\FixNow\\node_modules\\@babel\\.plugin-bugfix-safari-class-field-initializer-scope-bS3Vo7bQ',
1850 silly reify   'C:\\Users\\Ansi\\Desktop\\FixNow\\node_modules\\@babel\\plugin-bugfix-safari-id-destructuring-collision-in-function-expression': 'C:\\Users\\Ansi\\Desktop\\FixNow\\node_modules\\@babel\\.plugin-bugfix-safari-id-destructuring-collision-in-function-expression-G19yAbTB',
1850 silly reify   'C:\\Users\\Ansi\\Desktop\\FixNow\\node_modules\\@babel\\plugin-bugfix-v8-spread-parameters-in-optional-chaining': 'C:\\Users\\Ansi\\Desktop\\FixNow\\node_modules\\@babel\\.plugin-bugfix-v8-spread-parameters-in-optional-chaining-8bSQjdj6',
1850 silly reify   'C:\\Users\\Ansi\\Desktop\\FixNow\\node_modules\\@babel\\plugin-bugfix-v8-static-class-fields-redefine-readonly': 'C:\\Users\\Ansi\\Desktop\\FixNow\\node_modules\\@babel\\.plugin-bugfix-v8-static-class-fields-redefine-readonly-CIGZ7U1c',
1850 silly reify   'C:\\Users\\Ansi\\Desktop\\FixNow\\node_modules\\@babel\\plugin-proposal-class-properties': 'C:\\Users\\Ansi\\Desktop\\FixNow\\node_modules\\@babel\\.plugin-proposal-class-properties-vNksFSq9',
1850 silly reify   'C:\\Users\\Ansi\\Desktop\\FixNow\\node_modules\\@babel\\plugin-proposal-nullish-coalescing-operator': 'C:\\Users\\Ansi\\Desktop\\FixNow\\node_modules\\@babel\\.plugin-proposal-nullish-coalescing-operator-Vz24nsOB',
1850 silly reify   'C:\\Users\\Ansi\\Desktop\\FixNow\\node_modules\\@babel\\plugin-proposal-optional-chaining': 'C:\\Users\\Ansi\\Desktop\\FixNow\\node_modules\\@babel\\.plugin-proposal-optional-chaining-9ZNdfQJH',
1850 silly reify   'C:\\Users\\Ansi\\Desktop\\FixNow\\node_modules\\@babel\\plugin-proposal-private-property-in-object': 'C:\\Users\\Ansi\\Desktop\\FixNow\\node_modules\\@babel\\.plugin-proposal-private-property-in-object-znBln7zG',
1850 silly reify   'C:\\Users\\Ansi\\Desktop\\FixNow\\node_modules\\@babel\\plugin-syntax-import-assertions': 'C:\\Users\\Ansi\\Desktop\\FixNow\\node_modules\\@babel\\.plugin-syntax-import-assertions-u6JOtnAc',
1850 silly reify   'C:\\Users\\Ansi\\Desktop\\FixNow\\node_modules\\@babel\\plugin-syntax-unicode-sets-regex': 'C:\\Users\\Ansi\\Desktop\\FixNow\\node_modules\\@babel\\.plugin-syntax-unicode-sets-regex-PMjfbQOU',
1850 silly reify   'C:\\Users\\Ansi\\Desktop\\FixNow\\node_modules\\@babel\\plugin-transform-block-scoped-functions': 'C:\\Users\\Ansi\\Desktop\\FixNow\\node_modules\\@babel\\.plugin-transform-block-scoped-functions-g77W7HC5',
1850 silly reify   'C:\\Users\\Ansi\\Desktop\\FixNow\\node_modules\\@babel\\plugin-transform-dotall-regex': 'C:\\Users\\Ansi\\Desktop\\FixNow\\node_modules\\@babel\\.plugin-transform-dotall-regex-el6BGckI',
1850 silly reify   'C:\\Users\\Ansi\\Desktop\\FixNow\\node_modules\\@babel\\plugin-transform-duplicate-keys': 'C:\\Users\\Ansi\\Desktop\\FixNow\\node_modules\\@babel\\.plugin-transform-duplicate-keys-u0Pz8Sam',
1850 silly reify   'C:\\Users\\Ansi\\Desktop\\FixNow\\node_modules\\@babel\\plugin-transform-duplicate-named-capturing-groups-regex': 'C:\\Users\\Ansi\\Desktop\\FixNow\\node_modules\\@babel\\.plugin-transform-duplicate-named-capturing-groups-regex-xBIZx5dB',
1850 silly reify   'C:\\Users\\Ansi\\Desktop\\FixNow\\node_modules\\@babel\\plugin-transform-dynamic-import': 'C:\\Users\\Ansi\\Desktop\\FixNow\\node_modules\\@babel\\.plugin-transform-dynamic-import-odUiWm7f',
1850 silly reify   'C:\\Users\\Ansi\\Desktop\\FixNow\\node_modules\\@babel\\plugin-transform-explicit-resource-management': 'C:\\Users\\Ansi\\Desktop\\FixNow\\node_modules\\@babel\\.plugin-transform-explicit-resource-management-qHmoWuuj',
1850 silly reify   'C:\\Users\\Ansi\\Desktop\\FixNow\\node_modules\\@babel\\plugin-transform-exponentiation-operator': 'C:\\Users\\Ansi\\Desktop\\FixNow\\node_modules\\@babel\\.plugin-transform-exponentiation-operator-EHxDkmJN',
1850 silly reify   'C:\\Users\\Ansi\\Desktop\\FixNow\\node_modules\\@babel\\plugin-transform-json-strings': 'C:\\Users\\Ansi\\Desktop\\FixNow\\node_modules\\@babel\\.plugin-transform-json-strings-YjqwEeVj',
1850 silly reify   'C:\\Users\\Ansi\\Desktop\\FixNow\\node_modules\\@babel\\plugin-transform-member-expression-literals': 'C:\\Users\\Ansi\\Desktop\\FixNow\\node_modules\\@babel\\.plugin-transform-member-expression-literals-hIbd9LU1',
1850 silly reify   'C:\\Users\\Ansi\\Desktop\\FixNow\\node_modules\\@babel\\plugin-transform-modules-amd': 'C:\\Users\\Ansi\\Desktop\\FixNow\\node_modules\\@babel\\.plugin-transform-modules-amd-XXbVqVUo',
1850 silly reify   'C:\\Users\\Ansi\\Desktop\\FixNow\\node_modules\\@babel\\plugin-transform-modules-systemjs': 'C:\\Users\\Ansi\\Desktop\\FixNow\\node_modules\\@babel\\.plugin-transform-modules-systemjs-xm0hBCSk',
1850 silly reify   'C:\\Users\\Ansi\\Desktop\\FixNow\\node_modules\\@babel\\plugin-transform-modules-umd': 'C:\\Users\\Ansi\\Desktop\\FixNow\\node_modules\\@babel\\.plugin-transform-modules-umd-VqYGnPxt',
1850 silly reify   'C:\\Users\\Ansi\\Desktop\\FixNow\\node_modules\\@babel\\plugin-transform-new-target': 'C:\\Users\\Ansi\\Desktop\\FixNow\\node_modules\\@babel\\.plugin-transform-new-target-hOuI3ZmM',
1850 silly reify   'C:\\Users\\Ansi\\Desktop\\FixNow\\node_modules\\@babel\\plugin-transform-object-super': 'C:\\Users\\Ansi\\Desktop\\FixNow\\node_modules\\@babel\\.plugin-transform-object-super-HqatECu4',
1850 silly reify   'C:\\Users\\Ansi\\Desktop\\FixNow\\node_modules\\@babel\\plugin-transform-property-literals': 'C:\\Users\\Ansi\\Desktop\\FixNow\\node_modules\\@babel\\.plugin-transform-property-literals-CtLMA2BS',
1850 silly reify   'C:\\Users\\Ansi\\Desktop\\FixNow\\node_modules\\@babel\\plugin-transform-regexp-modifiers': 'C:\\Users\\Ansi\\Desktop\\FixNow\\node_modules\\@babel\\.plugin-transform-regexp-modifiers-GKreHCIq',
1850 silly reify   'C:\\Users\\Ansi\\Desktop\\FixNow\\node_modules\\@babel\\plugin-transform-reserved-words': 'C:\\Users\\Ansi\\Desktop\\FixNow\\node_modules\\@babel\\.plugin-transform-reserved-words-wm43lN5m',
1850 silly reify   'C:\\Users\\Ansi\\Desktop\\FixNow\\node_modules\\@babel\\plugin-transform-typeof-symbol': 'C:\\Users\\Ansi\\Desktop\\FixNow\\node_modules\\@babel\\.plugin-transform-typeof-symbol-unNZiJ0v',
1850 silly reify   'C:\\Users\\Ansi\\Desktop\\FixNow\\node_modules\\@babel\\plugin-transform-unicode-escapes': 'C:\\Users\\Ansi\\Desktop\\FixNow\\node_modules\\@babel\\.plugin-transform-unicode-escapes-Q2pwvmE5',
1850 silly reify   'C:\\Users\\Ansi\\Desktop\\FixNow\\node_modules\\@babel\\plugin-transform-unicode-property-regex': 'C:\\Users\\Ansi\\Desktop\\FixNow\\node_modules\\@babel\\.plugin-transform-unicode-property-regex-z3R3GFUw',
1850 silly reify   'C:\\Users\\Ansi\\Desktop\\FixNow\\node_modules\\@babel\\plugin-transform-unicode-sets-regex': 'C:\\Users\\Ansi\\Desktop\\FixNow\\node_modules\\@babel\\.plugin-transform-unicode-sets-regex-rSaaV5uF',
1850 silly reify   'C:\\Users\\Ansi\\Desktop\\FixNow\\node_modules\\@babel\\preset-env': 'C:\\Users\\Ansi\\Desktop\\FixNow\\node_modules\\@babel\\.preset-env-FALLqCZY',
1850 silly reify   'C:\\Users\\Ansi\\Desktop\\FixNow\\node_modules\\@babel\\preset-flow': 'C:\\Users\\Ansi\\Desktop\\FixNow\\node_modules\\@babel\\.preset-flow-0wMzB0cC',
1850 silly reify   'C:\\Users\\Ansi\\Desktop\\FixNow\\node_modules\\@babel\\preset-modules': 'C:\\Users\\Ansi\\Desktop\\FixNow\\node_modules\\@babel\\.preset-modules-4YEIsCNI',
1850 silly reify   'C:\\Users\\Ansi\\Desktop\\FixNow\\node_modules\\@babel\\register': 'C:\\Users\\Ansi\\Desktop\\FixNow\\node_modules\\@babel\\.register-Idb9ARLH',
1850 silly reify   'C:\\Users\\Ansi\\Desktop\\FixNow\\node_modules\\@expo\\cli': 'C:\\Users\\Ansi\\Desktop\\FixNow\\node_modules\\@expo\\.cli-nY4EYYBU',
1850 silly reify   'C:\\Users\\Ansi\\Desktop\\FixNow\\node_modules\\.bin\\expo-internal': 'C:\\Users\\Ansi\\Desktop\\FixNow\\node_modules\\.bin\\.expo-internal-YMuk6VMP',
1850 silly reify   'C:\\Users\\Ansi\\Desktop\\FixNow\\node_modules\\.bin\\expo-internal.cmd': 'C:\\Users\\Ansi\\Desktop\\FixNow\\node_modules\\.bin\\.expo-internal.cmd-amG0k5XC',
1850 silly reify   'C:\\Users\\Ansi\\Desktop\\FixNow\\node_modules\\.bin\\expo-internal.ps1': 'C:\\Users\\Ansi\\Desktop\\FixNow\\node_modules\\.bin\\.expo-internal.ps1-BlzeZ2fA',
1850 silly reify   'C:\\Users\\Ansi\\Desktop\\FixNow\\node_modules\\@expo\\config': 'C:\\Users\\Ansi\\Desktop\\FixNow\\node_modules\\@expo\\.config-kfz9KFR9',
1850 silly reify   'C:\\Users\\Ansi\\Desktop\\FixNow\\node_modules\\@expo\\config-plugins': 'C:\\Users\\Ansi\\Desktop\\FixNow\\node_modules\\@expo\\.config-plugins-964n9KTi',
1850 silly reify   'C:\\Users\\Ansi\\Desktop\\FixNow\\node_modules\\@expo\\config-types': 'C:\\Users\\Ansi\\Desktop\\FixNow\\node_modules\\@expo\\.config-types-UYbCChg0',
1850 silly reify   'C:\\Users\\Ansi\\Desktop\\FixNow\\node_modules\\@expo\\env': 'C:\\Users\\Ansi\\Desktop\\FixNow\\node_modules\\@expo\\.env-JSXYReG6',
1850 silly reify   'C:\\Users\\Ansi\\Desktop\\FixNow\\node_modules\\@expo\\fingerprint': 'C:\\Users\\Ansi\\Desktop\\FixNow\\node_modules\\@expo\\.fingerprint-9cGH5Tt8',
1850 silly reify   'C:\\Users\\Ansi\\Desktop\\FixNow\\node_modules\\.bin\\fingerprint': 'C:\\Users\\Ansi\\Desktop\\FixNow\\node_modules\\.bin\\.fingerprint-K2lNIb9r',
1850 silly reify   'C:\\Users\\Ansi\\Desktop\\FixNow\\node_modules\\.bin\\fingerprint.cmd': 'C:\\Users\\Ansi\\Desktop\\FixNow\\node_modules\\.bin\\.fingerprint.cmd-oRevh5oi',
1850 silly reify   'C:\\Users\\Ansi\\Desktop\\FixNow\\node_modules\\.bin\\fingerprint.ps1': 'C:\\Users\\Ansi\\Desktop\\FixNow\\node_modules\\.bin\\.fingerprint.ps1-CQOl6nPU',
1850 silly reify   'C:\\Users\\Ansi\\Desktop\\FixNow\\node_modules\\@expo\\image-utils': 'C:\\Users\\Ansi\\Desktop\\FixNow\\node_modules\\@expo\\.image-utils-fEeMb512',
1850 silly reify   'C:\\Users\\Ansi\\Desktop\\FixNow\\node_modules\\@expo\\json-file': 'C:\\Users\\Ansi\\Desktop\\FixNow\\node_modules\\@expo\\.json-file-12uRiP9O',
1850 silly reify   'C:\\Users\\Ansi\\Desktop\\FixNow\\node_modules\\@expo\\metro-config': 'C:\\Users\\Ansi\\Desktop\\FixNow\\node_modules\\@expo\\.metro-config-wZ02QFSo',
1850 silly reify   'C:\\Users\\Ansi\\Desktop\\FixNow\\node_modules\\@expo\\package-manager\\node_modules\\@expo\\json-file': 'C:\\Users\\Ansi\\Desktop\\FixNow\\node_modules\\@expo\\package-manager\\node_modules\\@expo\\.json-file-A5GwDDZd',
1850 silly reify   'C:\\Users\\Ansi\\Desktop\\FixNow\\node_modules\\@expo\\plist': 'C:\\Users\\Ansi\\Desktop\\FixNow\\node_modules\\@expo\\.plist-YLe0Gxvv',
1850 silly reify   'C:\\Users\\Ansi\\Desktop\\FixNow\\node_modules\\@expo\\prebuild-config': 'C:\\Users\\Ansi\\Desktop\\FixNow\\node_modules\\@expo\\.prebuild-config-6GppbDzb',
1850 silly reify   'C:\\Users\\Ansi\\Desktop\\FixNow\\node_modules\\@isaacs\\cliui': 'C:\\Users\\Ansi\\Desktop\\FixNow\\node_modules\\@isaacs\\.cliui-aEz9hOpE',
1850 silly reify   'C:\\Users\\Ansi\\Desktop\\FixNow\\node_modules\\@pkgjs\\parseargs': 'C:\\Users\\Ansi\\Desktop\\FixNow\\node_modules\\@pkgjs\\.parseargs-ixHpaCDd',
1850 silly reify   'C:\\Users\\Ansi\\Desktop\\FixNow\\node_modules\\@react-native\\assets-registry': 'C:\\Users\\Ansi\\Desktop\\FixNow\\node_modules\\@react-native\\.assets-registry-hJDLtZA3',
1850 silly reify   'C:\\Users\\Ansi\\Desktop\\FixNow\\node_modules\\@react-native\\community-cli-plugin': 'C:\\Users\\Ansi\\Desktop\\FixNow\\node_modules\\@react-native\\.community-cli-plugin-Re8ccyKz',
1850 silly reify   'C:\\Users\\Ansi\\Desktop\\FixNow\\node_modules\\@react-native\\debugger-frontend': 'C:\\Users\\Ansi\\Desktop\\FixNow\\node_modules\\@react-native\\.debugger-frontend-GVqNOEqM',
1850 silly reify   'C:\\Users\\Ansi\\Desktop\\FixNow\\node_modules\\@react-native\\dev-middleware': 'C:\\Users\\Ansi\\Desktop\\FixNow\\node_modules\\@react-native\\.dev-middleware-k6ExC72y',
1850 silly reify   'C:\\Users\\Ansi\\Desktop\\FixNow\\node_modules\\@react-native\\gradle-plugin': 'C:\\Users\\Ansi\\Desktop\\FixNow\\node_modules\\@react-native\\.gradle-plugin-T99KiHCc',
1850 silly reify   'C:\\Users\\Ansi\\Desktop\\FixNow\\node_modules\\@react-native\\js-polyfills': 'C:\\Users\\Ansi\\Desktop\\FixNow\\node_modules\\@react-native\\.js-polyfills-JJq7lhdP',
1850 silly reify   'C:\\Users\\Ansi\\Desktop\\FixNow\\node_modules\\@react-native\\metro-babel-transformer': 'C:\\Users\\Ansi\\Desktop\\FixNow\\node_modules\\@react-native\\.metro-babel-transformer-CUh0tj4F',
1850 silly reify   'C:\\Users\\Ansi\\Desktop\\FixNow\\node_modules\\@react-native\\normalize-colors': 'C:\\Users\\Ansi\\Desktop\\FixNow\\node_modules\\@react-native\\.normalize-colors-KpZ8BRkO',
1850 silly reify   'C:\\Users\\Ansi\\Desktop\\FixNow\\node_modules\\@react-native\\virtualized-lists': 'C:\\Users\\Ansi\\Desktop\\FixNow\\node_modules\\@react-native\\.virtualized-lists-Px5gxkkd',
1850 silly reify   'C:\\Users\\Ansi\\Desktop\\FixNow\\node_modules\\@types\\node-forge': 'C:\\Users\\Ansi\\Desktop\\FixNow\\node_modules\\@types\\.node-forge-KKCZsGNC',
1850 silly reify   'C:\\Users\\Ansi\\Desktop\\FixNow\\node_modules\\@types\\prop-types': 'C:\\Users\\Ansi\\Desktop\\FixNow\\node_modules\\@types\\.prop-types-cFgk5Lqb',
1850 silly reify   'C:\\Users\\Ansi\\Desktop\\FixNow\\node_modules\\@types\\react': 'C:\\Users\\Ansi\\Desktop\\FixNow\\node_modules\\@types\\.react-FRpVwc3r',
1850 silly reify   'C:\\Users\\Ansi\\Desktop\\FixNow\\node_modules\\ast-types': 'C:\\Users\\Ansi\\Desktop\\FixNow\\node_modules\\.ast-types-WGahuPZ6',
1850 silly reify   'C:\\Users\\Ansi\\Desktop\\FixNow\\node_modules\\babel-core': 'C:\\Users\\Ansi\\Desktop\\FixNow\\node_modules\\.babel-core-Gt2PfHbJ',
1850 silly reify   'C:\\Users\\Ansi\\Desktop\\FixNow\\node_modules\\caller-callsite': 'C:\\Users\\Ansi\\Desktop\\FixNow\\node_modules\\.caller-callsite-POvcN3j4',
1850 silly reify   'C:\\Users\\Ansi\\Desktop\\FixNow\\node_modules\\caller-path': 'C:\\Users\\Ansi\\Desktop\\FixNow\\node_modules\\.caller-path-vUZW5KIn',
1850 silly reify   'C:\\Users\\Ansi\\Desktop\\FixNow\\node_modules\\callsites': 'C:\\Users\\Ansi\\Desktop\\FixNow\\node_modules\\.callsites-Swf71fN1',
1850 silly reify   'C:\\Users\\Ansi\\Desktop\\FixNow\\node_modules\\clone-deep': 'C:\\Users\\Ansi\\Desktop\\FixNow\\node_modules\\.clone-deep-OfU2Gvxy',
1850 silly reify   'C:\\Users\\Ansi\\Desktop\\FixNow\\node_modules\\commondir': 'C:\\Users\\Ansi\\Desktop\\FixNow\\node_modules\\.commondir-uOiSaGk5',
1850 silly reify   'C:\\Users\\Ansi\\Desktop\\FixNow\\node_modules\\cosmiconfig': 'C:\\Users\\Ansi\\Desktop\\FixNow\\node_modules\\.cosmiconfig-ZBKe142V',
1850 silly reify   'C:\\Users\\Ansi\\Desktop\\FixNow\\node_modules\\crypto-random-string': 'C:\\Users\\Ansi\\Desktop\\FixNow\\node_modules\\.crypto-random-string-NihSMvcB',
1850 silly reify   'C:\\Users\\Ansi\\Desktop\\FixNow\\node_modules\\detect-libc': 'C:\\Users\\Ansi\\Desktop\\FixNow\\node_modules\\.detect-libc-OMLeV09B',
1850 silly reify   'C:\\Users\\Ansi\\Desktop\\FixNow\\node_modules\\.bin\\detect-libc': 'C:\\Users\\Ansi\\Desktop\\FixNow\\node_modules\\.bin\\.detect-libc-jtOznMy8',
1850 silly reify   'C:\\Users\\Ansi\\Desktop\\FixNow\\node_modules\\.bin\\detect-libc.cmd': 'C:\\Users\\Ansi\\Desktop\\FixNow\\node_modules\\.bin\\.detect-libc.cmd-MLjI5fcU',
1850 silly reify   'C:\\Users\\Ansi\\Desktop\\FixNow\\node_modules\\.bin\\detect-libc.ps1': 'C:\\Users\\Ansi\\Desktop\\FixNow\\node_modules\\.bin\\.detect-libc.ps1-yJDqO98Z',
1850 silly reify   'C:\\Users\\Ansi\\Desktop\\FixNow\\node_modules\\eastasianwidth': 'C:\\Users\\Ansi\\Desktop\\FixNow\\node_modules\\.eastasianwidth-NlxNm8SM',
1850 silly reify   'C:\\Users\\Ansi\\Desktop\\FixNow\\node_modules\\error-ex': 'C:\\Users\\Ansi\\Desktop\\FixNow\\node_modules\\.error-ex-ezeyc2Zs',
1850 silly reify   'C:\\Users\\Ansi\\Desktop\\FixNow\\node_modules\\esutils': 'C:\\Users\\Ansi\\Desktop\\FixNow\\node_modules\\.esutils-wpT2GpBN',
1850 silly reify   'C:\\Users\\Ansi\\Desktop\\FixNow\\node_modules\\execa': 'C:\\Users\\Ansi\\Desktop\\FixNow\\node_modules\\.execa-jECGLU9G',
1850 silly reify   'C:\\Users\\Ansi\\Desktop\\FixNow\\node_modules\\expo': 'C:\\Users\\Ansi\\Desktop\\FixNow\\node_modules\\.expo-hR5nZQDQ',
1850 silly reify   'C:\\Users\\Ansi\\Desktop\\FixNow\\node_modules\\.bin\\expo': 'C:\\Users\\Ansi\\Desktop\\FixNow\\node_modules\\.bin\\.expo-9nZcsHNh',
1850 silly reify   'C:\\Users\\Ansi\\Desktop\\FixNow\\node_modules\\.bin\\expo.cmd': 'C:\\Users\\Ansi\\Desktop\\FixNow\\node_modules\\.bin\\.expo.cmd-3aTyxDqZ',
1850 silly reify   'C:\\Users\\Ansi\\Desktop\\FixNow\\node_modules\\.bin\\expo.ps1': 'C:\\Users\\Ansi\\Desktop\\FixNow\\node_modules\\.bin\\.expo.ps1-XvshilSL',
1850 silly reify   'C:\\Users\\Ansi\\Desktop\\FixNow\\node_modules\\.bin\\expo-modules-autolinking': 'C:\\Users\\Ansi\\Desktop\\FixNow\\node_modules\\.bin\\.expo-modules-autolinking-3dviH7yD',
1850 silly reify   'C:\\Users\\Ansi\\Desktop\\FixNow\\node_modules\\.bin\\expo-modules-autolinking.cmd': 'C:\\Users\\Ansi\\Desktop\\FixNow\\node_modules\\.bin\\.expo-modules-autolinking.cmd-rhRAz7bN',
1850 silly reify   'C:\\Users\\Ansi\\Desktop\\FixNow\\node_modules\\.bin\\expo-modules-autolinking.ps1': 'C:\\Users\\Ansi\\Desktop\\FixNow\\node_modules\\.bin\\.expo-modules-autolinking.ps1-wmG83hAq',
1850 silly reify   'C:\\Users\\Ansi\\Desktop\\FixNow\\node_modules\\expo-constants': 'C:\\Users\\Ansi\\Desktop\\FixNow\\node_modules\\.expo-constants-RmMXmAwf',
1850 silly reify   'C:\\Users\\Ansi\\Desktop\\FixNow\\node_modules\\expo-font': 'C:\\Users\\Ansi\\Desktop\\FixNow\\node_modules\\.expo-font-pDfkmW4t',
1850 silly reify   'C:\\Users\\Ansi\\Desktop\\FixNow\\node_modules\\expo-linear-gradient': 'C:\\Users\\Ansi\\Desktop\\FixNow\\node_modules\\.expo-linear-gradient-PYuxgxED',
1850 silly reify   'C:\\Users\\Ansi\\Desktop\\FixNow\\node_modules\\expo-location': 'C:\\Users\\Ansi\\Desktop\\FixNow\\node_modules\\.expo-location-JZ06aevO',
1850 silly reify   'C:\\Users\\Ansi\\Desktop\\FixNow\\node_modules\\expo-modules-autolinking': 'C:\\Users\\Ansi\\Desktop\\FixNow\\node_modules\\.expo-modules-autolinking-dW7yDxKO',
1850 silly reify   'C:\\Users\\Ansi\\Desktop\\FixNow\\node_modules\\expo-modules-core': 'C:\\Users\\Ansi\\Desktop\\FixNow\\node_modules\\.expo-modules-core-1QThvDw5',
1850 silly reify   'C:\\Users\\Ansi\\Desktop\\FixNow\\node_modules\\expo-status-bar': 'C:\\Users\\Ansi\\Desktop\\FixNow\\node_modules\\.expo-status-bar-PU3U0Q3w',
1850 silly reify   'C:\\Users\\Ansi\\Desktop\\FixNow\\node_modules\\find-cache-dir': 'C:\\Users\\Ansi\\Desktop\\FixNow\\node_modules\\.find-cache-dir-nl0ecufF',
1850 silly reify   'C:\\Users\\Ansi\\Desktop\\FixNow\\node_modules\\find-up': 'C:\\Users\\Ansi\\Desktop\\FixNow\\node_modules\\.find-up-4BH8Egnu',
1850 silly reify   'C:\\Users\\Ansi\\Desktop\\FixNow\\node_modules\\flow-parser': 'C:\\Users\\Ansi\\Desktop\\FixNow\\node_modules\\.flow-parser-vonfU0pl',
1850 silly reify   'C:\\Users\\Ansi\\Desktop\\FixNow\\node_modules\\foreground-child': 'C:\\Users\\Ansi\\Desktop\\FixNow\\node_modules\\.foreground-child-CIeuPCob',
1850 silly reify   'C:\\Users\\Ansi\\Desktop\\FixNow\\node_modules\\get-stream': 'C:\\Users\\Ansi\\Desktop\\FixNow\\node_modules\\.get-stream-TIRlE148',
1850 silly reify   'C:\\Users\\Ansi\\Desktop\\FixNow\\node_modules\\human-signals': 'C:\\Users\\Ansi\\Desktop\\FixNow\\node_modules\\.human-signals-5VRWI8Hy',
1850 silly reify   'C:\\Users\\Ansi\\Desktop\\FixNow\\node_modules\\import-fresh': 'C:\\Users\\Ansi\\Desktop\\FixNow\\node_modules\\.import-fresh-7YQweYyx',
1850 silly reify   'C:\\Users\\Ansi\\Desktop\\FixNow\\node_modules\\is-arrayish': 'C:\\Users\\Ansi\\Desktop\\FixNow\\node_modules\\.is-arrayish-kFlR0oTU',
1850 silly reify   'C:\\Users\\Ansi\\Desktop\\FixNow\\node_modules\\is-directory': 'C:\\Users\\Ansi\\Desktop\\FixNow\\node_modules\\.is-directory-vtrYUJKl',
1850 silly reify   'C:\\Users\\Ansi\\Desktop\\FixNow\\node_modules\\is-plain-object': 'C:\\Users\\Ansi\\Desktop\\FixNow\\node_modules\\.is-plain-object-dIzZQpOW',
1850 silly reify   'C:\\Users\\Ansi\\Desktop\\FixNow\\node_modules\\is-stream': 'C:\\Users\\Ansi\\Desktop\\FixNow\\node_modules\\.is-stream-pPC8qDn8',
1850 silly reify   'C:\\Users\\Ansi\\Desktop\\FixNow\\node_modules\\isobject': 'C:\\Users\\Ansi\\Desktop\\FixNow\\node_modules\\.isobject-YWbvd0RV',
1850 silly reify   'C:\\Users\\Ansi\\Desktop\\FixNow\\node_modules\\jackspeak': 'C:\\Users\\Ansi\\Desktop\\FixNow\\node_modules\\.jackspeak-PdEMbvjb',
1850 silly reify   'C:\\Users\\Ansi\\Desktop\\FixNow\\node_modules\\jsc-android': 'C:\\Users\\Ansi\\Desktop\\FixNow\\node_modules\\.jsc-android-WdJ84HAK',
1850 silly reify   'C:\\Users\\Ansi\\Desktop\\FixNow\\node_modules\\jscodeshift': 'C:\\Users\\Ansi\\Desktop\\FixNow\\node_modules\\.jscodeshift-AIynmDUg',
1850 silly reify   'C:\\Users\\Ansi\\Desktop\\FixNow\\node_modules\\.bin\\jscodeshift': 'C:\\Users\\Ansi\\Desktop\\FixNow\\node_modules\\.bin\\.jscodeshift-4CTXPDpm',
1850 silly reify   'C:\\Users\\Ansi\\Desktop\\FixNow\\node_modules\\.bin\\jscodeshift.cmd': 'C:\\Users\\Ansi\\Desktop\\FixNow\\node_modules\\.bin\\.jscodeshift.cmd-LuwtO054',
1850 silly reify   'C:\\Users\\Ansi\\Desktop\\FixNow\\node_modules\\.bin\\jscodeshift.ps1': 'C:\\Users\\Ansi\\Desktop\\FixNow\\node_modules\\.bin\\.jscodeshift.ps1-5ttqaEf3',
1850 silly reify   'C:\\Users\\Ansi\\Desktop\\FixNow\\node_modules\\json-parse-better-errors': 'C:\\Users\\Ansi\\Desktop\\FixNow\\node_modules\\.json-parse-better-errors-t6qLRRkb',
1850 silly reify   'C:\\Users\\Ansi\\Desktop\\FixNow\\node_modules\\kind-of': 'C:\\Users\\Ansi\\Desktop\\FixNow\\node_modules\\.kind-of-aIwTtlt2',
1850 silly reify   'C:\\Users\\Ansi\\Desktop\\FixNow\\node_modules\\lightningcss': 'C:\\Users\\Ansi\\Desktop\\FixNow\\node_modules\\.lightningcss-uAbudHyk',
1850 silly reify   'C:\\Users\\Ansi\\Desktop\\FixNow\\node_modules\\lightningcss-win32-x64-msvc': 'C:\\Users\\Ansi\\Desktop\\FixNow\\node_modules\\.lightningcss-win32-x64-msvc-jahGX3K7',
1850 silly reify   'C:\\Users\\Ansi\\Desktop\\FixNow\\node_modules\\locate-path': 'C:\\Users\\Ansi\\Desktop\\FixNow\\node_modules\\.locate-path-SNkL7dHt',
1850 silly reify   'C:\\Users\\Ansi\\Desktop\\FixNow\\node_modules\\make-dir': 'C:\\Users\\Ansi\\Desktop\\FixNow\\node_modules\\.make-dir-VlVjitcj',
1850 silly reify   'C:\\Users\\Ansi\\Desktop\\FixNow\\node_modules\\metro': 'C:\\Users\\Ansi\\Desktop\\FixNow\\node_modules\\.metro-aPUfZCsX',
1850 silly reify   'C:\\Users\\Ansi\\Desktop\\FixNow\\node_modules\\.bin\\metro': 'C:\\Users\\Ansi\\Desktop\\FixNow\\node_modules\\.bin\\.metro-Q9IyO09V',
1850 silly reify   'C:\\Users\\Ansi\\Desktop\\FixNow\\node_modules\\.bin\\metro.cmd': 'C:\\Users\\Ansi\\Desktop\\FixNow\\node_modules\\.bin\\.metro.cmd-wMGM2TaM',
1850 silly reify   'C:\\Users\\Ansi\\Desktop\\FixNow\\node_modules\\.bin\\metro.ps1': 'C:\\Users\\Ansi\\Desktop\\FixNow\\node_modules\\.bin\\.metro.ps1-Tk22zw0m',
1850 silly reify   'C:\\Users\\Ansi\\Desktop\\FixNow\\node_modules\\metro-babel-transformer': 'C:\\Users\\Ansi\\Desktop\\FixNow\\node_modules\\.metro-babel-transformer-cQK3TLvM',
1850 silly reify   'C:\\Users\\Ansi\\Desktop\\FixNow\\node_modules\\metro-cache': 'C:\\Users\\Ansi\\Desktop\\FixNow\\node_modules\\.metro-cache-ZeUoCZ4Q',
1850 silly reify   'C:\\Users\\Ansi\\Desktop\\FixNow\\node_modules\\metro-cache-key': 'C:\\Users\\Ansi\\Desktop\\FixNow\\node_modules\\.metro-cache-key-eJF85AVS',
1850 silly reify   'C:\\Users\\Ansi\\Desktop\\FixNow\\node_modules\\metro-config': 'C:\\Users\\Ansi\\Desktop\\FixNow\\node_modules\\.metro-config-29LxYp8F',
1850 silly reify   'C:\\Users\\Ansi\\Desktop\\FixNow\\node_modules\\metro-core': 'C:\\Users\\Ansi\\Desktop\\FixNow\\node_modules\\.metro-core-T7JRc9FD',
1850 silly reify   'C:\\Users\\Ansi\\Desktop\\FixNow\\node_modules\\metro-file-map': 'C:\\Users\\Ansi\\Desktop\\FixNow\\node_modules\\.metro-file-map-ck9DINIv',
1850 silly reify   'C:\\Users\\Ansi\\Desktop\\FixNow\\node_modules\\metro-minify-terser': 'C:\\Users\\Ansi\\Desktop\\FixNow\\node_modules\\.metro-minify-terser-qIFHZh8U',
1850 silly reify   'C:\\Users\\Ansi\\Desktop\\FixNow\\node_modules\\metro-resolver': 'C:\\Users\\Ansi\\Desktop\\FixNow\\node_modules\\.metro-resolver-iVE70grv',
1850 silly reify   'C:\\Users\\Ansi\\Desktop\\FixNow\\node_modules\\metro-runtime': 'C:\\Users\\Ansi\\Desktop\\FixNow\\node_modules\\.metro-runtime-CTdjpBjK',
1850 silly reify   'C:\\Users\\Ansi\\Desktop\\FixNow\\node_modules\\metro-source-map': 'C:\\Users\\Ansi\\Desktop\\FixNow\\node_modules\\.metro-source-map-fj3ud9Zf',
1850 silly reify   'C:\\Users\\Ansi\\Desktop\\FixNow\\node_modules\\metro-symbolicate': 'C:\\Users\\Ansi\\Desktop\\FixNow\\node_modules\\.metro-symbolicate-hzjlsPNj',
1850 silly reify   'C:\\Users\\Ansi\\Desktop\\FixNow\\node_modules\\.bin\\metro-symbolicate': 'C:\\Users\\Ansi\\Desktop\\FixNow\\node_modules\\.bin\\.metro-symbolicate-lcgARTcc',
1850 silly reify   'C:\\Users\\Ansi\\Desktop\\FixNow\\node_modules\\.bin\\metro-symbolicate.cmd': 'C:\\Users\\Ansi\\Desktop\\FixNow\\node_modules\\.bin\\.metro-symbolicate.cmd-KpgXEeuu',
1850 silly reify   'C:\\Users\\Ansi\\Desktop\\FixNow\\node_modules\\.bin\\metro-symbolicate.ps1': 'C:\\Users\\Ansi\\Desktop\\FixNow\\node_modules\\.bin\\.metro-symbolicate.ps1-MDEEYffW',
1850 silly reify   'C:\\Users\\Ansi\\Desktop\\FixNow\\node_modules\\metro-transform-plugins': 'C:\\Users\\Ansi\\Desktop\\FixNow\\node_modules\\.metro-transform-plugins-UY5vAIeZ',
1850 silly reify   'C:\\Users\\Ansi\\Desktop\\FixNow\\node_modules\\metro-transform-worker': 'C:\\Users\\Ansi\\Desktop\\FixNow\\node_modules\\.metro-transform-worker-9tg91pmA',
1850 silly reify   'C:\\Users\\Ansi\\Desktop\\FixNow\\node_modules\\mimic-fn': 'C:\\Users\\Ansi\\Desktop\\FixNow\\node_modules\\.mimic-fn-ET2RqyXE',
1850 silly reify   'C:\\Users\\Ansi\\Desktop\\FixNow\\node_modules\\neo-async': 'C:\\Users\\Ansi\\Desktop\\FixNow\\node_modules\\.neo-async-MjnorBWY',
1850 silly reify   'C:\\Users\\Ansi\\Desktop\\FixNow\\node_modules\\node-dir': 'C:\\Users\\Ansi\\Desktop\\FixNow\\node_modules\\.node-dir-tUXJoIz2',
1850 silly reify   'C:\\Users\\Ansi\\Desktop\\FixNow\\node_modules\\node-fetch': 'C:\\Users\\Ansi\\Desktop\\FixNow\\node_modules\\.node-fetch-fykwGdSX',
1850 silly reify   'C:\\Users\\Ansi\\Desktop\\FixNow\\node_modules\\npm-run-path': 'C:\\Users\\Ansi\\Desktop\\FixNow\\node_modules\\.npm-run-path-gAT3SQze',
1850 silly reify   'C:\\Users\\Ansi\\Desktop\\FixNow\\node_modules\\ob1': 'C:\\Users\\Ansi\\Desktop\\FixNow\\node_modules\\.ob1-ndFiqxSh',
1850 silly reify   'C:\\Users\\Ansi\\Desktop\\FixNow\\node_modules\\onetime': 'C:\\Users\\Ansi\\Desktop\\FixNow\\node_modules\\.onetime-Vn0CXAOn',
1850 silly reify   'C:\\Users\\Ansi\\Desktop\\FixNow\\node_modules\\p-locate': 'C:\\Users\\Ansi\\Desktop\\FixNow\\node_modules\\.p-locate-KkSUqvNW',
1850 silly reify   'C:\\Users\\Ansi\\Desktop\\FixNow\\node_modules\\package-json-from-dist': 'C:\\Users\\Ansi\\Desktop\\FixNow\\node_modules\\.package-json-from-dist-e72PLx80',
1850 silly reify   'C:\\Users\\Ansi\\Desktop\\FixNow\\node_modules\\parse-json': 'C:\\Users\\Ansi\\Desktop\\FixNow\\node_modules\\.parse-json-r5TOKdFd',
1850 silly reify   'C:\\Users\\Ansi\\Desktop\\FixNow\\node_modules\\path-scurry': 'C:\\Users\\Ansi\\Desktop\\FixNow\\node_modules\\.path-scurry-TcNNJ4cl',
1850 silly reify   'C:\\Users\\Ansi\\Desktop\\FixNow\\node_modules\\pify': 'C:\\Users\\Ansi\\Desktop\\FixNow\\node_modules\\.pify-90FrLHdZ',
1850 silly reify   'C:\\Users\\Ansi\\Desktop\\FixNow\\node_modules\\pkg-dir': 'C:\\Users\\Ansi\\Desktop\\FixNow\\node_modules\\.pkg-dir-Lw5NS8m4',
1850 silly reify   'C:\\Users\\Ansi\\Desktop\\FixNow\\node_modules\\prop-types': 'C:\\Users\\Ansi\\Desktop\\FixNow\\node_modules\\.prop-types-fIDl7jZc',
1850 silly reify   'C:\\Users\\Ansi\\Desktop\\FixNow\\node_modules\\react': 'C:\\Users\\Ansi\\Desktop\\FixNow\\node_modules\\.react-NxHGej4o',
1850 silly reify   'C:\\Users\\Ansi\\Desktop\\FixNow\\node_modules\\react-devtools-core': 'C:\\Users\\Ansi\\Desktop\\FixNow\\node_modules\\.react-devtools-core-tdWd91nx',
1850 silly reify   'C:\\Users\\Ansi\\Desktop\\FixNow\\node_modules\\react-native': 'C:\\Users\\Ansi\\Desktop\\FixNow\\node_modules\\.react-native-ZH4x0y9H',
1850 silly reify   'C:\\Users\\Ansi\\Desktop\\FixNow\\node_modules\\.bin\\react-native': 'C:\\Users\\Ansi\\Desktop\\FixNow\\node_modules\\.bin\\.react-native-P1c3Y3iZ',
1850 silly reify   'C:\\Users\\Ansi\\Desktop\\FixNow\\node_modules\\.bin\\react-native.cmd': 'C:\\Users\\Ansi\\Desktop\\FixNow\\node_modules\\.bin\\.react-native.cmd-0UxZobW6',
1850 silly reify   'C:\\Users\\Ansi\\Desktop\\FixNow\\node_modules\\.bin\\react-native.ps1': 'C:\\Users\\Ansi\\Desktop\\FixNow\\node_modules\\.bin\\.react-native.ps1-9stsBcAY',
1850 silly reify   'C:\\Users\\Ansi\\Desktop\\FixNow\\node_modules\\react-native-edge-to-edge': 'C:\\Users\\Ansi\\Desktop\\FixNow\\node_modules\\.react-native-edge-to-edge-PXL4UPdd',
1850 silly reify   'C:\\Users\\Ansi\\Desktop\\FixNow\\node_modules\\react-native-gesture-handler': 'C:\\Users\\Ansi\\Desktop\\FixNow\\node_modules\\.react-native-gesture-handler-eGYvUCcE',
1850 silly reify   'C:\\Users\\Ansi\\Desktop\\FixNow\\node_modules\\react-native-reanimated': 'C:\\Users\\Ansi\\Desktop\\FixNow\\node_modules\\.react-native-reanimated-fc3cjb52',
1850 silly reify   'C:\\Users\\Ansi\\Desktop\\FixNow\\node_modules\\react-native-safe-area-context': 'C:\\Users\\Ansi\\Desktop\\FixNow\\node_modules\\.react-native-safe-area-context-A6hKOzTE',
1850 silly reify   'C:\\Users\\Ansi\\Desktop\\FixNow\\node_modules\\react-native-screens': 'C:\\Users\\Ansi\\Desktop\\FixNow\\node_modules\\.react-native-screens-VgytzOhx',
1850 silly reify   'C:\\Users\\Ansi\\Desktop\\FixNow\\node_modules\\readline': 'C:\\Users\\Ansi\\Desktop\\FixNow\\node_modules\\.readline-MEdznRuj',
1850 silly reify   'C:\\Users\\Ansi\\Desktop\\FixNow\\node_modules\\recast': 'C:\\Users\\Ansi\\Desktop\\FixNow\\node_modules\\.recast-lEDqVPxL',
1850 silly reify   'C:\\Users\\Ansi\\Desktop\\FixNow\\node_modules\\restore-cursor\\node_modules\\mimic-fn': 'C:\\Users\\Ansi\\Desktop\\FixNow\\node_modules\\restore-cursor\\node_modules\\.mimic-fn-zqLkN0EF',
1850 silly reify   'C:\\Users\\Ansi\\Desktop\\FixNow\\node_modules\\restore-cursor\\node_modules\\onetime': 'C:\\Users\\Ansi\\Desktop\\FixNow\\node_modules\\restore-cursor\\node_modules\\.onetime-AwvGemQX',
1850 silly reify   'C:\\Users\\Ansi\\Desktop\\FixNow\\node_modules\\scheduler': 'C:\\Users\\Ansi\\Desktop\\FixNow\\node_modules\\.scheduler-vU7b4Bta',
1850 silly reify   'C:\\Users\\Ansi\\Desktop\\FixNow\\node_modules\\selfsigned': 'C:\\Users\\Ansi\\Desktop\\FixNow\\node_modules\\.selfsigned-vP9WJbyn',
1850 silly reify   'C:\\Users\\Ansi\\Desktop\\FixNow\\node_modules\\shallow-clone': 'C:\\Users\\Ansi\\Desktop\\FixNow\\node_modules\\.shallow-clone-Mbol4vmB',
1850 silly reify   'C:\\Users\\Ansi\\Desktop\\FixNow\\node_modules\\string-width-cjs': 'C:\\Users\\Ansi\\Desktop\\FixNow\\node_modules\\.string-width-cjs-OwerdGtG',
1850 silly reify   'C:\\Users\\Ansi\\Desktop\\FixNow\\node_modules\\strip-ansi-cjs': 'C:\\Users\\Ansi\\Desktop\\FixNow\\node_modules\\.strip-ansi-cjs-76TScSAl',
1850 silly reify   'C:\\Users\\Ansi\\Desktop\\FixNow\\node_modules\\strip-final-newline': 'C:\\Users\\Ansi\\Desktop\\FixNow\\node_modules\\.strip-final-newline-gmFYXycs',
1850 silly reify   'C:\\Users\\Ansi\\Desktop\\FixNow\\node_modules\\sucrase': 'C:\\Users\\Ansi\\Desktop\\FixNow\\node_modules\\.sucrase-xyCDtIvv',
1850 silly reify   'C:\\Users\\Ansi\\Desktop\\FixNow\\node_modules\\.bin\\sucrase': 'C:\\Users\\Ansi\\Desktop\\FixNow\\node_modules\\.bin\\.sucrase-iY4ZxatN',
1850 silly reify   'C:\\Users\\Ansi\\Desktop\\FixNow\\node_modules\\.bin\\sucrase.cmd': 'C:\\Users\\Ansi\\Desktop\\FixNow\\node_modules\\.bin\\.sucrase.cmd-bVCZS105',
1850 silly reify   'C:\\Users\\Ansi\\Desktop\\FixNow\\node_modules\\.bin\\sucrase.ps1': 'C:\\Users\\Ansi\\Desktop\\FixNow\\node_modules\\.bin\\.sucrase.ps1-Q6eoj9gK',
1850 silly reify   'C:\\Users\\Ansi\\Desktop\\FixNow\\node_modules\\.bin\\sucrase-node': 'C:\\Users\\Ansi\\Desktop\\FixNow\\node_modules\\.bin\\.sucrase-node-lVcsBl7Z',
1850 silly reify   'C:\\Users\\Ansi\\Desktop\\FixNow\\node_modules\\.bin\\sucrase-node.cmd': 'C:\\Users\\Ansi\\Desktop\\FixNow\\node_modules\\.bin\\.sucrase-node.cmd-mjW1RaCu',
1850 silly reify   'C:\\Users\\Ansi\\Desktop\\FixNow\\node_modules\\.bin\\sucrase-node.ps1': 'C:\\Users\\Ansi\\Desktop\\FixNow\\node_modules\\.bin\\.sucrase-node.ps1-TtTYlbyh',
1850 silly reify   'C:\\Users\\Ansi\\Desktop\\FixNow\\node_modules\\temp': 'C:\\Users\\Ansi\\Desktop\\FixNow\\node_modules\\.temp-P192k8iW',
1850 silly reify   'C:\\Users\\Ansi\\Desktop\\FixNow\\node_modules\\temp-dir': 'C:\\Users\\Ansi\\Desktop\\FixNow\\node_modules\\.temp-dir-JmsqF9ci',
1850 silly reify   'C:\\Users\\Ansi\\Desktop\\FixNow\\node_modules\\tr46': 'C:\\Users\\Ansi\\Desktop\\FixNow\\node_modules\\.tr46-MP9iSesS',
1850 silly reify   'C:\\Users\\Ansi\\Desktop\\FixNow\\node_modules\\tslib': 'C:\\Users\\Ansi\\Desktop\\FixNow\\node_modules\\.tslib-10Ey5DqD',
1850 silly reify   'C:\\Users\\Ansi\\Desktop\\FixNow\\node_modules\\unique-string': 'C:\\Users\\Ansi\\Desktop\\FixNow\\node_modules\\.unique-string-N6Ubvvzh',
1850 silly reify   'C:\\Users\\Ansi\\Desktop\\FixNow\\node_modules\\webidl-conversions': 'C:\\Users\\Ansi\\Desktop\\FixNow\\node_modules\\.webidl-conversions-NH50o2ox',
1850 silly reify   'C:\\Users\\Ansi\\Desktop\\FixNow\\node_modules\\whatwg-url': 'C:\\Users\\Ansi\\Desktop\\FixNow\\node_modules\\.whatwg-url-7IeBhNi7',
1850 silly reify   'C:\\Users\\Ansi\\Desktop\\FixNow\\node_modules\\wrap-ansi-cjs': 'C:\\Users\\Ansi\\Desktop\\FixNow\\node_modules\\.wrap-ansi-cjs-QAy3yOVh'
1850 silly reify }
1851 silly audit bulk request {
1851 silly audit   '@babel/code-frame': [ '7.29.0', '7.10.4' ],
1851 silly audit   '@babel/compat-data': [ '7.29.0' ],
1851 silly audit   '@babel/core': [ '7.29.0' ],
1851 silly audit   '@babel/generator': [ '7.29.1' ],
1851 silly audit   '@babel/helper-annotate-as-pure': [ '7.27.3' ],
1851 silly audit   '@babel/helper-compilation-targets': [ '7.28.6' ],
1851 silly audit   '@babel/helper-create-class-features-plugin': [ '7.28.6' ],
1851 silly audit   '@babel/helper-create-regexp-features-plugin': [ '7.28.5' ],
1851 silly audit   '@babel/helper-define-polyfill-provider': [ '0.6.8' ],
1851 silly audit   '@babel/helper-globals': [ '7.28.0' ],
1851 silly audit   '@babel/helper-member-expression-to-functions': [ '7.28.5' ],
1851 silly audit   '@babel/helper-module-imports': [ '7.28.6' ],
1851 silly audit   '@babel/helper-module-transforms': [ '7.28.6' ],
1851 silly audit   '@babel/helper-optimise-call-expression': [ '7.27.1' ],
1851 silly audit   '@babel/helper-plugin-utils': [ '7.28.6' ],
1851 silly audit   '@babel/helper-remap-async-to-generator': [ '7.27.1' ],
1851 silly audit   '@babel/helper-replace-supers': [ '7.28.6' ],
1851 silly audit   '@babel/helper-skip-transparent-expression-wrappers': [ '7.27.1' ],
1851 silly audit   '@babel/helper-string-parser': [ '7.27.1' ],
1851 silly audit   '@babel/helper-validator-identifier': [ '7.28.5' ],
1851 silly audit   '@babel/helper-validator-option': [ '7.27.1' ],
1851 silly audit   '@babel/helper-wrap-function': [ '7.28.6' ],
1851 silly audit   '@babel/helpers': [ '7.29.2' ],
1851 silly audit   'ansi-styles': [ '4.3.0', '5.2.0', '3.2.1' ],
1851 silly audit   chalk: [ '4.1.2', '2.4.2' ],
1851 silly audit   'color-convert': [ '2.0.1', '1.9.3' ],
1851 silly audit   'color-name': [ '1.1.4', '1.1.3' ],
1851 silly audit   'escape-string-regexp': [ '4.0.0', '2.0.0', '1.0.5' ],
1851 silly audit   'has-flag': [ '4.0.0', '3.0.0' ],
1851 silly audit   'supports-color': [ '8.1.1', '7.2.0', '5.5.0' ],
1851 silly audit   '@babel/parser': [ '7.29.2' ],
1851 silly audit   '@babel/plugin-proposal-decorators': [ '7.29.0' ],
1851 silly audit   '@babel/plugin-proposal-export-default-from': [ '7.27.1' ],
1851 silly audit   '@babel/plugin-syntax-async-generators': [ '7.8.4' ],
1851 silly audit   '@babel/plugin-syntax-bigint': [ '7.8.3' ],
1851 silly audit   '@babel/plugin-syntax-class-properties': [ '7.12.13' ],
1851 silly audit   '@babel/plugin-syntax-class-static-block': [ '7.14.5' ],
1851 silly audit   '@babel/plugin-syntax-decorators': [ '7.28.6' ],
1851 silly audit   '@babel/plugin-syntax-dynamic-import': [ '7.8.3' ],
1851 silly audit   '@babel/plugin-syntax-export-default-from': [ '7.28.6' ],
1851 silly audit   '@babel/plugin-syntax-flow': [ '7.28.6' ],
1851 silly audit   '@babel/plugin-syntax-import-attributes': [ '7.28.6' ],
1851 silly audit   '@babel/plugin-syntax-import-meta': [ '7.10.4' ],
1851 silly audit   '@babel/plugin-syntax-json-strings': [ '7.8.3' ],
1851 silly audit   '@babel/plugin-syntax-jsx': [ '7.28.6' ],
1851 silly audit   '@babel/plugin-syntax-logical-assignment-operators': [ '7.10.4' ],
1851 silly audit   '@babel/plugin-syntax-nullish-coalescing-operator': [ '7.8.3' ],
1851 silly audit   '@babel/plugin-syntax-numeric-separator': [ '7.10.4' ],
1851 silly audit   '@babel/plugin-syntax-object-rest-spread': [ '7.8.3' ],
1851 silly audit   '@babel/plugin-syntax-optional-catch-binding': [ '7.8.3' ],
1851 silly audit   '@babel/plugin-syntax-optional-chaining': [ '7.8.3' ],
1851 silly audit   '@babel/plugin-syntax-private-property-in-object': [ '7.14.5' ],
1851 silly audit   '@babel/plugin-syntax-top-level-await': [ '7.14.5' ],
1851 silly audit   '@babel/plugin-syntax-typescript': [ '7.28.6' ],
1851 silly audit   '@babel/plugin-transform-arrow-functions': [ '7.27.1' ],
1851 silly audit   '@babel/plugin-transform-async-generator-functions': [ '7.29.0' ],
1851 silly audit   '@babel/plugin-transform-async-to-generator': [ '7.28.6' ],
1851 silly audit   '@babel/plugin-transform-block-scoping': [ '7.28.6' ],
1851 silly audit   '@babel/plugin-transform-class-properties': [ '7.28.6' ],
1851 silly audit   '@babel/plugin-transform-class-static-block': [ '7.28.6' ],
1851 silly audit   '@babel/plugin-transform-classes': [ '7.28.6' ],
1851 silly audit   '@babel/plugin-transform-computed-properties': [ '7.28.6' ],
1851 silly audit   '@babel/plugin-transform-destructuring': [ '7.28.5' ],
1851 silly audit   '@babel/plugin-transform-export-namespace-from': [ '7.27.1' ],
1851 silly audit   '@babel/plugin-transform-flow-strip-types': [ '7.27.1' ],
1851 silly audit   '@babel/plugin-transform-for-of': [ '7.27.1' ],
1851 silly audit   '@babel/plugin-transform-function-name': [ '7.27.1' ],
1851 silly audit   '@babel/plugin-transform-literals': [ '7.27.1' ],
1851 silly audit   '@babel/plugin-transform-logical-assignment-operators': [ '7.28.6' ],
1851 silly audit   '@babel/plugin-transform-modules-commonjs': [ '7.28.6' ],
1851 silly audit   '@babel/plugin-transform-named-capturing-groups-regex': [ '7.29.0' ],
1851 silly audit   '@babel/plugin-transform-nullish-coalescing-operator': [ '7.28.6' ],
1851 silly audit   '@babel/plugin-transform-numeric-separator': [ '7.28.6' ],
1851 silly audit   '@babel/plugin-transform-object-rest-spread': [ '7.28.6' ],
1851 silly audit   '@babel/plugin-transform-optional-catch-binding': [ '7.28.6' ],
1851 silly audit   '@babel/plugin-transform-optional-chaining': [ '7.28.6' ],
1851 silly audit   '@babel/plugin-transform-parameters': [ '7.27.7' ],
1851 silly audit   '@babel/plugin-transform-private-methods': [ '7.28.6' ],
1851 silly audit   '@babel/plugin-transform-private-property-in-object': [ '7.28.6' ],
1851 silly audit   '@babel/plugin-transform-react-display-name': [ '7.28.0' ],
1851 silly audit   '@babel/plugin-transform-react-jsx': [ '7.28.6' ],
1851 silly audit   '@babel/plugin-transform-react-jsx-development': [ '7.27.1' ],
1851 silly audit   '@babel/plugin-transform-react-jsx-self': [ '7.27.1' ],
1851 silly audit   '@babel/plugin-transform-react-jsx-source': [ '7.27.1' ],
1851 silly audit   '@babel/plugin-transform-react-pure-annotations': [ '7.27.1' ],
1851 silly audit   '@babel/plugin-transform-regenerator': [ '7.29.0' ],
1851 silly audit   '@babel/plugin-transform-runtime': [ '7.29.0' ],
1851 silly audit   '@babel/plugin-transform-shorthand-properties': [ '7.27.1' ],
1851 silly audit   '@babel/plugin-transform-spread': [ '7.28.6' ],
1851 silly audit   '@babel/plugin-transform-sticky-regex': [ '7.27.1' ],
1851 silly audit   '@babel/plugin-transform-template-literals': [ '7.27.1' ],
1851 silly audit   '@babel/plugin-transform-typescript': [ '7.28.6' ],
1851 silly audit   '@babel/plugin-transform-unicode-regex': [ '7.27.1' ],
1851 silly audit   'babel-plugin-polyfill-corejs3': [ '0.13.0' ],
1851 silly audit   '@babel/preset-react': [ '7.28.5' ],
1851 silly audit   '@babel/preset-typescript': [ '7.28.5' ],
1851 silly audit   '@babel/runtime': [ '7.29.2' ],
1851 silly audit   '@babel/template': [ '7.28.6' ],
1851 silly audit   '@babel/traverse': [ '7.29.0' ],
1851 silly audit   '@babel/types': [ '7.29.0' ],
1851 silly audit   '@egjs/hammerjs': [ '2.0.17' ],
1851 silly audit   glob: [ '7.2.3', '13.0.6' ],
1851 silly audit   semver: [ '6.3.1', '7.7.4', '7.7.2' ],
1851 silly audit   debug: [ '4.4.3', '3.2.7', '2.6.9' ],
1851 silly audit   '@expo/vector-icons': [ '14.1.0', '15.1.1' ],
1851 silly audit   'ansi-regex': [ '5.0.1', '4.1.1' ],
1851 silly audit   'emoji-regex': [ '8.0.0' ],
1851 silly audit   'string-width': [ '4.2.3' ],
1851 silly audit   'strip-ansi': [ '6.0.1', '5.2.0' ],
1851 silly audit   'wrap-ansi': [ '7.0.0' ],
1851 silly audit   '@istanbuljs/load-nyc-config': [ '1.1.0' ],
1851 silly audit   argparse: [ '1.0.10', '2.0.1' ],
1851 silly audit   'find-up': [ '4.1.0' ],
1851 silly audit   'js-yaml': [ '3.14.2', '4.1.1' ],
1851 silly audit   'locate-path': [ '5.0.0' ],
1851 silly audit   'p-limit': [ '2.3.0', '3.1.0' ],
1851 silly audit   'p-locate': [ '4.1.0' ],
1851 silly audit   '@istanbuljs/schema': [ '0.1.3' ],
1851 silly audit   '@jest/create-cache-key-function': [ '29.7.0' ],
1851 silly audit   '@jest/environment': [ '29.7.0' ],
1851 silly audit   '@jest/fake-timers': [ '29.7.0' ],
1851 silly audit   '@jest/schemas': [ '29.6.3' ],
1851 silly audit   '@jest/transform': [ '29.7.0' ],
1851 silly audit   '@jest/types': [ '29.6.3' ],
1851 silly audit   '@jridgewell/gen-mapping': [ '0.3.13' ],
1851 silly audit   '@jridgewell/remapping': [ '2.3.5' ],
1851 silly audit   '@jridgewell/resolve-uri': [ '3.1.2' ],
1851 silly audit   '@jridgewell/sourcemap-codec': [ '1.5.5' ],
1851 silly audit   '@jridgewell/trace-mapping': [ '0.3.31' ],
1851 silly audit   '@react-native/babel-plugin-codegen': [ '0.79.6', '0.81.5' ],
1851 silly audit   '@react-native/babel-preset': [ '0.79.6', '0.81.5' ],
1851 silly audit   '@react-native/codegen': [ '0.79.6', '0.81.0', '0.81.5' ],
1851 silly audit   ms: [ '2.1.3', '2.0.0' ],
1851 silly audit   ws: [ '6.2.3', '8.20.0', '7.5.10' ],
1851 silly audit   'hermes-estree': [ '0.25.1', '0.29.1', '0.32.0' ],
1851 silly audit   'hermes-parser': [ '0.25.1', '0.29.1', '0.32.0' ],
1851 silly audit   '@react-navigation/bottom-tabs': [ '6.6.1' ],
1851 silly audit   '@react-navigation/core': [ '6.4.17' ],
1851 silly audit   '@react-navigation/elements': [ '1.3.31' ],
1851 silly audit   '@react-navigation/native': [ '6.1.18' ],
1851 silly audit   '@react-navigation/native-stack': [ '6.11.0' ],
1851 silly audit   '@react-navigation/routers': [ '6.1.9' ],
1851 silly audit   '@sinclair/typebox': [ '0.27.10' ],
1851 silly audit   '@sinonjs/commons': [ '3.0.1' ],
1851 silly audit   '@sinonjs/fake-timers': [ '10.3.0' ],
1851 silly audit   '@types/babel__core': [ '7.20.5' ],
1851 silly audit   '@types/babel__generator': [ '7.27.0' ],
1851 silly audit   '@types/babel__template': [ '7.4.4' ],
1851 silly audit   '@types/babel__traverse': [ '7.28.0' ],
1851 silly audit   '@types/graceful-fs': [ '4.1.9' ],
1851 silly audit   '@types/hammerjs': [ '2.0.46' ],
1851 silly audit   '@types/istanbul-lib-coverage': [ '2.0.6' ],
1851 silly audit   '@types/istanbul-lib-report': [ '3.0.3' ],
1851 silly audit   '@types/istanbul-reports': [ '3.0.4' ],
1851 silly audit   '@types/node': [ '25.6.0' ],
1851 silly audit   '@types/stack-utils': [ '2.0.3' ],
1851 silly audit   '@types/yargs': [ '17.0.35' ],
1851 silly audit   '@types/yargs-parser': [ '21.0.3' ],
1851 silly audit   'abort-controller': [ '3.0.0' ],
1851 silly audit   anser: [ '1.4.10' ],
1851 silly audit   'type-fest': [ '0.7.1', '0.21.3' ],
1851 silly audit   anymatch: [ '3.1.3' ],
1851 silly audit   picomatch: [ '2.3.2', '3.0.2', '4.0.4' ],
1851 silly audit   asap: [ '2.0.6' ],
1851 silly audit   'async-limiter': [ '1.0.1' ],
1851 silly audit   'babel-jest': [ '29.7.0' ],
1851 silly audit   'babel-plugin-istanbul': [ '6.1.1' ],
1851 silly audit   'babel-plugin-jest-hoist': [ '29.6.3' ],
1851 silly audit   'babel-plugin-polyfill-corejs2': [ '0.4.17' ],
1851 silly audit   'babel-plugin-polyfill-regenerator': [ '0.6.8' ],
1851 silly audit   'babel-plugin-react-native-web': [ '0.19.13', '0.21.2' ],
1851 silly audit   'babel-plugin-syntax-hermes-parser': [ '0.25.1', '0.29.1' ],
1851 silly audit   'babel-plugin-transform-flow-enums': [ '0.0.2' ],
1851 silly audit   'babel-preset-current-node-syntax': [ '1.2.0' ],
1851 silly audit   'babel-preset-expo': [ '13.2.5', '54.0.10' ],
1851 silly audit   'babel-preset-jest': [ '29.6.3' ],
1851 silly audit   'balanced-match': [ '1.0.2', '4.0.4' ],
1851 silly audit   'base64-js': [ '1.5.1' ],
1851 silly audit   'baseline-browser-mapping': [ '2.10.17' ],
1851 silly audit   'brace-expansion': [ '1.1.13', '2.0.3', '5.0.5' ],
1851 silly audit   braces: [ '3.0.3' ],
1851 silly audit   browserslist: [ '4.28.2' ],
1851 silly audit   bser: [ '2.1.1' ],
1851 silly audit   buffer: [ '5.7.1' ],
1851 silly audit   camelcase: [ '5.3.1', '6.3.0' ],
1851 silly audit   'caniuse-lite': [ '1.0.30001787' ],
1851 silly audit   'ci-info': [ '3.9.0', '2.0.0' ],
1851 silly audit   cliui: [ '8.0.1' ],
1851 silly audit   color: [ '4.2.3' ],
1851 silly audit   'color-string': [ '1.9.1' ],
1851 silly audit   commander: [ '12.1.0', '7.2.0', '4.1.1', '2.20.3' ],
1851 silly audit   'concat-map': [ '0.0.1' ],
1851 silly audit   'convert-source-map': [ '2.0.0' ],
1851 silly audit   'core-js-compat': [ '3.49.0' ],
1851 silly audit   csstype: [ '3.2.3' ],
1851 silly audit   'decode-uri-component': [ '0.2.2' ],
1851 silly audit   'electron-to-chromium': [ '1.5.334' ],
1851 silly audit   escalade: [ '3.2.0' ],
1851 silly audit   esprima: [ '4.0.1' ],
1851 silly audit   'event-target-shim': [ '5.0.1' ],
1851 silly audit   'write-file-atomic': [ '4.0.2' ],
1851 silly audit   'expo-font': [ '14.0.11' ],
1851 silly audit   'fast-deep-equal': [ '3.1.3' ],
1851 silly audit   'fast-json-stable-stringify': [ '2.1.0' ],
1851 silly audit   'fb-watchman': [ '2.0.2' ],
1851 silly audit   'fill-range': [ '7.1.1' ],
1851 silly audit   'filter-obj': [ '1.1.0' ],
1851 silly audit   fontfaceobserver: [ '2.3.0' ],
1851 silly audit   'signal-exit': [ '3.0.7' ],
1851 silly audit   'fs.realpath': [ '1.0.0' ],
1851 silly audit   fsevents: [ '2.3.3' ],
1851 silly audit   'function-bind': [ '1.1.2' ],
1851 silly audit   gensync: [ '1.0.0-beta.2' ],
1851 silly audit   'get-caller-file': [ '2.0.5' ],
1851 silly audit   'get-package-type': [ '0.1.0' ],
1851 silly audit   minimatch: [ '3.1.5', '9.0.9', '10.2.5' ],
1851 silly audit   'graceful-fs': [ '4.2.11' ],
1851 silly audit   hasown: [ '2.0.2' ],
1851 silly audit   'hoist-non-react-statics': [ '3.3.2' ],
1851 silly audit   'lru-cache': [ '5.1.1', '10.4.3', '11.3.3' ],
1851 silly audit   ieee754: [ '1.2.1' ],
1851 silly audit   'resolve-from': [ '5.0.0' ],
1851 silly audit   imurmurhash: [ '0.1.4' ],
1851 silly audit   inflight: [ '1.0.6' ],
1851 silly audit   inherits: [ '2.0.4' ],
1851 silly audit   invariant: [ '2.2.4' ],
1851 silly audit   'is-arrayish': [ '0.3.4' ],
1851 silly audit   'is-core-module': [ '2.16.1' ],
1851 silly audit   'is-fullwidth-code-point': [ '3.0.0' ],
1851 silly audit   'is-number': [ '7.0.0' ],
1851 silly audit   'istanbul-lib-coverage': [ '3.2.2' ],
1851 silly audit   'istanbul-lib-instrument': [ '5.2.1' ],
1851 silly audit   'jest-environment-node': [ '29.7.0' ],
1851 silly audit   'jest-haste-map': [ '29.7.0' ],
1851 silly audit   'jest-message-util': [ '29.7.0' ],
1851 silly audit   'jest-mock': [ '29.7.0' ],
1851 silly audit   'jest-regex-util': [ '29.6.3' ],
1851 silly audit   'jest-util': [ '29.7.0' ],
1851 silly audit   'jest-worker': [ '29.7.0' ],
1851 silly audit   'js-tokens': [ '4.0.0' ],
1851 silly audit   jsesc: [ '3.1.0' ],
1851 silly audit   json5: [ '2.2.3' ],
1851 silly audit   'lodash.debounce': [ '4.0.8' ],
1851 silly audit   'loose-envify': [ '1.4.0' ],
1851 silly audit   makeerror: [ '1.0.12' ],
1851 silly audit   'memoize-one': [ '5.2.1' ],
1851 silly audit   'merge-stream': [ '2.0.0' ],
1851 silly audit   micromatch: [ '4.0.8' ],
1851 silly audit   nanoid: [ '3.3.11' ],
1851 silly audit   'node-int64': [ '0.4.0' ],
1851 silly audit   'node-releases': [ '2.0.37' ],
1851 silly audit   'normalize-path': [ '3.0.0' ],
1851 silly audit   nullthrows: [ '1.1.1' ],
1851 silly audit   once: [ '1.4.0' ],
1851 silly audit   'p-try': [ '2.2.0' ],
1851 silly audit   'path-exists': [ '4.0.0' ],
1851 silly audit   'path-is-absolute': [ '1.0.1' ],
1851 silly audit   'path-parse': [ '1.0.7' ],
1851 silly audit   picocolors: [ '1.1.1' ],
1851 silly audit   pirates: [ '4.0.7' ],
1851 silly audit   'pretty-format': [ '29.7.0' ],
1851 silly audit   'react-is': [ '18.3.1', '16.13.1' ],
1851 silly audit   promise: [ '8.3.0' ],
1851 silly audit   punycode: [ '2.3.1' ],
1851 silly audit   'query-string': [ '7.1.3' ],
1851 silly audit   'react-freeze': [ '1.0.4' ],
1851 silly audit   'react-native-is-edge-to-edge': [ '1.3.1' ],
1851 silly audit   'react-refresh': [ '0.14.2' ],
1851 silly audit   regenerate: [ '1.4.2' ],
1851 silly audit   'regenerate-unicode-properties': [ '10.2.2' ],
1851 silly audit   'regenerator-runtime': [ '0.13.11' ],
1851 silly audit   'regexpu-core': [ '6.4.0' ],
1851 silly audit   regjsgen: [ '0.8.0' ],
1851 silly audit   regjsparser: [ '0.13.1' ],
1851 silly audit   'require-directory': [ '2.1.1' ],
1851 silly audit   resolve: [ '1.22.11', '1.7.1' ],
1851 silly audit   'simple-swizzle': [ '0.2.4' ],
1851 silly audit   slash: [ '3.0.0' ],
1851 silly audit   'split-on-first': [ '1.1.0' ],
1851 silly audit   'sprintf-js': [ '1.0.3' ],
1851 silly audit   'stack-utils': [ '2.0.6' ],
1851 silly audit   'stacktrace-parser': [ '0.1.11' ],
1851 silly audit   'strict-uri-encode': [ '2.0.0' ],
1851 silly audit   'supports-preserve-symlinks-flag': [ '1.0.0' ],
1851 silly audit   yallist: [ '3.1.1', '5.0.0' ],
1851 silly audit   'test-exclude': [ '6.0.0' ],
1851 silly audit   tmpl: [ '1.0.5' ],
1851 silly audit   'to-regex-range': [ '5.0.1' ],
1851 silly audit   'type-detect': [ '4.0.8' ],
1851 silly audit   typescript: [ '5.9.3' ],
1851 silly audit   'undici-types': [ '7.19.2' ],
1851 silly audit   'unicode-canonical-property-names-ecmascript': [ '2.0.1' ],
1851 silly audit   'unicode-match-property-ecmascript': [ '2.0.0' ],
1851 silly audit   'unicode-match-property-value-ecmascript': [ '2.2.1' ],
1851 silly audit   'unicode-property-aliases-ecmascript': [ '2.2.0' ],
1851 silly audit   'update-browserslist-db': [ '1.2.3' ],
1851 silly audit   'use-latest-callback': [ '0.2.6' ],
1851 silly audit   walker: [ '1.0.8' ],
1851 silly audit   'warn-once': [ '0.1.1' ],
1851 silly audit   'webidl-conversions': [ '5.0.0' ],
1851 silly audit   'whatwg-fetch': [ '3.6.20' ],
1851 silly audit   'whatwg-url-without-unicode': [ '8.0.0-3' ],
1851 silly audit   wrappy: [ '1.0.2' ],
1851 silly audit   y18n: [ '5.0.8' ],
1851 silly audit   yargs: [ '17.7.2' ],
1851 silly audit   'yargs-parser': [ '21.1.1' ],
1851 silly audit   '@types/react': [ '19.2.14' ],
1851 silly audit   expo: [ '54.0.33' ],
1851 silly audit   'expo-constants': [ '18.0.13' ],
1851 silly audit   'expo-linear-gradient': [ '15.0.8' ],
1851 silly audit   'expo-location': [ '19.0.8' ],
1851 silly audit   'expo-status-bar': [ '3.0.9' ],
1851 silly audit   react: [ '19.1.0' ],
1851 silly audit   'react-native': [ '0.81.0' ],
1851 silly audit   'react-native-gesture-handler': [ '2.28.0' ],
1851 silly audit   'react-native-reanimated': [ '4.1.7' ],
1851 silly audit   'react-native-safe-area-context': [ '5.6.2' ],
1851 silly audit   'react-native-screens': [ '4.16.0' ],
1851 silly audit   'react-native-worklets': [ '0.5.2' ],
1851 silly audit   '@expo/cli': [ '54.0.23' ],
1851 silly audit   '@expo/config': [ '12.0.13' ],
1851 silly audit   '@expo/config-plugins': [ '54.0.4' ],
1851 silly audit   '@expo/devtools': [ '0.1.8' ],
1851 silly audit   '@expo/fingerprint': [ '0.15.4' ],
1851 silly audit   '@expo/metro': [ '54.2.0' ],
1851 silly audit   '@expo/metro-config': [ '54.0.14' ],
1851 silly audit   '@ungap/structured-clone': [ '1.3.0' ],
1851 silly audit   'expo-asset': [ '12.0.12' ],
1851 silly audit   'expo-file-system': [ '19.0.21' ],
1851 silly audit   'expo-keep-awake': [ '15.0.8' ],
1851 silly audit   'expo-modules-autolinking': [ '3.0.24' ],
1851 silly audit   'expo-modules-core': [ '3.0.29' ],
1851 silly audit   '@0no-co/graphql.web': [ '1.2.0' ],
1851 silly audit   '@expo/code-signing-certificates': [ '0.0.6' ],
1851 silly audit   '@expo/devcert': [ '1.2.1' ],
1851 silly audit   '@expo/env': [ '2.0.11' ],
1851 silly audit   '@expo/image-utils': [ '0.8.13' ],
1851 silly audit   '@expo/json-file': [ '10.0.13' ],
1851 silly audit   '@expo/osascript': [ '2.4.2' ],
1851 silly audit   '@expo/package-manager': [ '1.10.4' ],
1851 silly audit   '@expo/plist': [ '0.4.8' ],
1851 silly audit   '@expo/prebuild-config': [ '54.0.8' ],
1851 silly audit   '@expo/schema-utils': [ '0.1.8' ],
1851 silly audit   '@expo/spawn-async': [ '1.7.2' ],
1851 silly audit   '@expo/ws-tunnel': [ '1.0.6' ],
1851 silly audit   '@expo/xcpretty': [ '4.4.3' ],
1851 silly audit   '@react-native/dev-middleware': [ '0.81.5', '0.81.0' ],
1851 silly audit   '@urql/core': [ '5.2.0' ],
1851 silly audit   '@urql/exchange-retry': [ '1.3.2' ],
1851 silly audit   accepts: [ '1.3.8' ],
1851 silly audit   arg: [ '5.0.2' ],
1851 silly audit   'better-opn': [ '3.0.2' ],
1851 silly audit   'bplist-creator': [ '0.1.0' ],
1851 silly audit   'bplist-parser': [ '0.3.2', '0.3.1' ],
1851 silly audit   compression: [ '1.8.1' ],
1851 silly audit   connect: [ '3.7.0' ],
1851 silly audit   'env-editor': [ '0.4.2' ],
1851 silly audit   'expo-server': [ '1.0.5' ],
1851 silly audit   'freeport-async': [ '2.0.0' ],
1851 silly audit   getenv: [ '2.0.0' ],
1851 silly audit   'lan-network': [ '0.1.7' ],
1851 silly audit   'node-forge': [ '1.4.0' ],
1851 silly audit   'npm-package-arg': [ '11.0.3' ],
1851 silly audit   ora: [ '3.4.0' ],
1851 silly audit   'pretty-bytes': [ '5.6.0' ],
1851 silly audit   progress: [ '2.0.3' ],
1851 silly audit   prompts: [ '2.4.2' ],
1851 silly audit   'qrcode-terminal': [ '0.11.0' ],
1851 silly audit   'require-from-string': [ '2.0.2' ],
1851 silly audit   requireg: [ '0.2.2' ],
1851 silly audit   'resolve.exports': [ '2.0.3' ],
1851 silly audit   send: [ '0.19.2' ],
1851 silly audit   slugify: [ '1.6.9' ],
1851 silly audit   'source-map-support': [ '0.5.21' ],
1851 silly audit   'structured-headers': [ '0.4.1' ],
1851 silly audit   tar: [ '7.5.13' ],
1851 silly audit   'terminal-link': [ '2.1.1' ],
1851 silly audit   undici: [ '6.24.1' ],
1851 silly audit   '@expo/config-types': [ '54.0.10' ],
1851 silly audit   deepmerge: [ '4.3.1' ],
1851 silly audit   'resolve-workspace-root': [ '2.0.1' ],
1851 silly audit   sucrase: [ '3.35.1' ],
1851 silly audit   '@expo/sdk-runtime-versions': [ '1.0.0' ],
1851 silly audit   xcode: [ '3.0.1' ],
1851 silly audit   xml2js: [ '0.6.0' ],
1851 silly audit   '@expo/sudo-prompt': [ '9.3.2' ],
1851 silly audit   dotenv: [ '16.4.7' ],
1851 silly audit   'dotenv-expand': [ '11.0.7' ],
1851 silly audit   ignore: [ '5.3.2' ],
1851 silly audit   '@expo/require-utils': [ '55.0.4' ],
1851 silly audit   'jimp-compact': [ '0.16.1' ],
1851 silly audit   'parse-png': [ '2.1.0' ],
1851 silly audit   metro: [ '0.83.3' ],
1851 silly audit   'metro-babel-transformer': [ '0.83.3' ],
1851 silly audit   'metro-cache': [ '0.83.3' ],
1851 silly audit   'metro-cache-key': [ '0.83.3' ],
1851 silly audit   'metro-config': [ '0.83.3' ],
1851 silly audit   'metro-core': [ '0.83.3' ],
1851 silly audit   'metro-file-map': [ '0.83.3' ],
1851 silly audit   'metro-minify-terser': [ '0.83.3' ],
1851 silly audit   'metro-resolver': [ '0.83.3' ],
1851 silly audit   'metro-runtime': [ '0.83.3' ],
1851 silly audit   'metro-source-map': [ '0.83.3' ],
1851 silly audit   'metro-symbolicate': [ '0.83.3' ],
1851 silly audit   'metro-transform-plugins': [ '0.83.3' ],
1851 silly audit   'metro-transform-worker': [ '0.83.3' ],
1851 silly audit   'jsc-safe-url': [ '0.2.4' ],
1851 silly audit   lightningcss: [ '1.32.0' ],
1851 silly audit   postcss: [ '8.4.49' ],
1851 silly audit   '@xmldom/xmldom': [ '0.8.12' ],
1851 silly audit   xmlbuilder: [ '15.1.1', '11.0.1' ],
1851 silly audit   '@react-native/normalize-colors': [ '0.81.5', '0.81.0' ],
1851 silly audit   'cross-spawn': [ '7.0.6' ],
1851 silly audit   '@isaacs/ttlcache': [ '1.4.1' ],
1851 silly audit   '@react-native/debugger-frontend': [ '0.81.5', '0.81.0' ],
1851 silly audit   'chrome-launcher': [ '0.15.2' ],
1851 silly audit   'chromium-edge-launcher': [ '0.2.0' ],
1851 silly audit   open: [ '7.4.2', '8.4.2' ],
1851 silly audit   'serve-static': [ '1.16.3' ],
1851 silly audit   wonka: [ '6.3.6' ],
1851 silly audit   'mime-types': [ '2.1.35' ],
1851 silly audit   negotiator: [ '0.6.3', '0.6.4' ],
1851 silly audit   'stream-buffers': [ '2.2.0' ],
1851 silly audit   'big-integer': [ '1.6.52' ],
1851 silly audit   'is-wsl': [ '2.2.0' ],
1851 silly audit   'lighthouse-logger': [ '1.4.2' ],
1851 silly audit   mkdirp: [ '1.0.4' ],
1851 silly audit   rimraf: [ '3.0.2' ],
1851 silly audit   bytes: [ '3.1.2' ],
1851 silly audit   compressible: [ '2.0.18' ],
1851 silly audit   'on-headers': [ '1.1.0' ],
1851 silly audit   'safe-buffer': [ '5.2.1' ],
1851 silly audit   vary: [ '1.1.2' ],
1851 silly audit   'mime-db': [ '1.54.0', '1.52.0' ],
1851 silly audit   finalhandler: [ '1.1.2' ],
1851 silly audit   parseurl: [ '1.3.3' ],
1851 silly audit   'utils-merge': [ '1.0.1' ],
1851 silly audit   'path-key': [ '3.1.1' ],
1851 silly audit   'shebang-command': [ '2.0.0' ],
1851 silly audit   which: [ '2.0.2' ],
1851 silly audit   encodeurl: [ '1.0.2', '2.0.0' ],
1851 silly audit   'escape-html': [ '1.0.3' ],
1851 silly audit   'on-finished': [ '2.3.0', '2.4.1' ],
1851 silly audit   statuses: [ '1.5.0', '2.0.2' ],
1851 silly audit   unpipe: [ '1.0.0' ],
1851 silly audit   'is-docker': [ '2.2.1' ],
1851 silly audit   marky: [ '1.3.0' ],
1851 silly audit   'detect-libc': [ '2.1.2' ],
1851 silly audit   'lightningcss-android-arm64': [ '1.32.0' ],
1851 silly audit   'lightningcss-darwin-arm64': [ '1.32.0' ],
1851 silly audit   'lightningcss-darwin-x64': [ '1.32.0' ],
1851 silly audit   'lightningcss-freebsd-x64': [ '1.32.0' ],
1851 silly audit   'lightningcss-linux-arm-gnueabihf': [ '1.32.0' ],
1851 silly audit   'lightningcss-linux-arm64-gnu': [ '1.32.0' ],
1851 silly audit   'lightningcss-linux-arm64-musl': [ '1.32.0' ],
1851 silly audit   'lightningcss-linux-x64-gnu': [ '1.32.0' ],
1851 silly audit   'lightningcss-linux-x64-musl': [ '1.32.0' ],
1851 silly audit   'lightningcss-win32-arm64-msvc': [ '1.32.0' ],
1851 silly audit   'lightningcss-win32-x64-msvc': [ '1.32.0' ],
1851 silly audit   'error-stack-parser': [ '2.1.4' ],
1851 silly audit   'flow-enums-runtime': [ '0.0.6' ],
1851 silly audit   'image-size': [ '1.2.1' ],
1851 silly audit   'lodash.throttle': [ '4.1.1' ],
1851 silly audit   'serialize-error': [ '2.1.0' ],
1851 silly audit   'source-map': [ '0.5.7', '0.6.1' ],
1851 silly audit   throat: [ '5.0.0' ],
1851 silly audit   stackframe: [ '1.3.4' ],
1851 silly audit   queue: [ '6.0.2' ],
1851 silly audit   'exponential-backoff': [ '3.1.3' ],
1851 silly audit   'https-proxy-agent': [ '7.0.6' ],
1851 silly audit   'agent-base': [ '7.1.4' ],
1851 silly audit   'jest-validate': [ '29.7.0' ],
1851 silly audit   yaml: [ '2.8.3' ],
1851 silly audit   'jest-get-type': [ '29.6.3' ],
1851 silly audit   leven: [ '3.1.0' ],
1851 silly audit   terser: [ '5.46.1' ],
1851 silly audit   ob1: [ '0.83.3' ],
1851 silly audit   vlq: [ '1.0.1' ],
1851 silly audit   'hosted-git-info': [ '7.0.2' ],
1851 silly audit   'proc-log': [ '4.2.0' ],
1851 silly audit   'validate-npm-package-name': [ '5.0.1' ],
1851 silly audit   'ee-first': [ '1.1.1' ],
1851 silly audit   'cli-cursor': [ '2.1.0' ],
1851 silly audit   'cli-spinners': [ '2.9.2' ],
1851 silly audit   'log-symbols': [ '2.2.0' ],
1851 silly audit   wcwidth: [ '1.0.1' ],
1851 silly audit   'restore-cursor': [ '2.0.0' ],
1851 silly audit   'yocto-queue': [ '0.1.0' ],
1851 silly audit   pngjs: [ '3.4.0' ],
1851 silly audit   'source-map-js': [ '1.2.1' ],
1851 silly audit   kleur: [ '3.0.3' ],
1851 silly audit   sisteransi: [ '1.0.5' ],
1851 silly audit   '@react-native/assets-registry': [ '0.81.0' ],
1851 silly audit   '@react-native/community-cli-plugin': [ '0.81.0' ],
1851 silly audit   '@react-native/gradle-plugin': [ '0.81.0' ],
1851 silly audit   '@react-native/js-polyfills': [ '0.81.0' ],
1851 silly audit   '@react-native/virtualized-lists': [ '0.81.0' ],
1851 silly audit   'react-devtools-core': [ '6.1.5' ],
1851 silly audit   scheduler: [ '0.26.0' ],
1851 silly audit   'shell-quote': [ '1.8.3' ],
1851 silly audit   'nested-error-stacks': [ '2.0.1' ],
1851 silly audit   rc: [ '1.2.8' ],
1851 silly audit   'deep-extend': [ '0.6.0' ],
1851 silly audit   ini: [ '1.3.8' ],
1851 silly audit   minimist: [ '1.2.8' ],
1851 silly audit   'strip-json-comments': [ '2.0.1' ],
1851 silly audit   onetime: [ '2.0.1' ],
1851 silly audit   'mimic-fn': [ '1.2.0' ],
1851 silly audit   depd: [ '2.0.0' ],
1851 silly audit   destroy: [ '1.2.0' ],
1851 silly audit   etag: [ '1.8.1' ],
1851 silly audit   fresh: [ '0.5.2' ],
1851 silly audit   'http-errors': [ '2.0.1' ],
1851 silly audit   mime: [ '1.6.0' ],
1851 silly audit   'range-parser': [ '1.2.1' ],
1851 silly audit   setprototypeof: [ '1.2.0' ],
1851 silly audit   toidentifier: [ '1.0.1' ],
1851 silly audit   'shebang-regex': [ '3.0.0' ],
1851 silly audit   'buffer-from': [ '1.1.2' ],
1851 silly audit   'lines-and-columns': [ '1.2.4' ],
1851 silly audit   mz: [ '2.7.0' ],
1851 silly audit   tinyglobby: [ '0.2.16' ],
1851 silly audit   'ts-interface-checker': [ '0.1.13' ],
1851 silly audit   'any-promise': [ '1.3.0' ],
1851 silly audit   'object-assign': [ '4.1.1' ],
1851 silly audit   'thenify-all': [ '1.6.0' ],
1851 silly audit   '@isaacs/fs-minipass': [ '4.0.1' ],
1851 silly audit   chownr: [ '3.0.0' ],
1851 silly audit   minipass: [ '7.1.3' ],
1851 silly audit   minizlib: [ '3.1.0' ],
1851 silly audit   'ansi-escapes': [ '4.3.2' ],
1851 silly audit   'supports-hyperlinks': [ '2.3.0' ],
1851 silly audit   '@jridgewell/source-map': [ '0.3.11' ],
1851 silly audit   acorn: [ '8.16.0' ],
1851 silly audit   thenify: [ '3.3.1' ],
1851 silly audit   fdir: [ '6.5.0' ],
1851 silly audit   defaults: [ '1.0.4' ],
1851 silly audit   clone: [ '1.0.4' ],
1851 silly audit   isexe: [ '2.0.0' ],
1851 silly audit   'simple-plist': [ '1.3.1' ],
1851 silly audit   uuid: [ '7.0.3' ],
1851 silly audit   plist: [ '3.1.0' ],
1851 silly audit   sax: [ '1.6.0' ],
1851 silly audit   'path-scurry': [ '2.0.2' ],
1851 silly audit   '@babel/highlight': [ '7.25.9' ],
1851 silly audit   'define-lazy-prop': [ '2.0.0' ],
1851 silly audit   'babel-plugin-react-compiler': [ '1.0.0' ]
1851 silly audit }
1852 verbose reify failed optional dependency C:\Users\Ansi\Desktop\FixNow\node_modules\lightningcss-win32-arm64-msvc
1853 silly reify mark deleted [
1853 silly reify   'C:\\Users\\Ansi\\Desktop\\FixNow\\node_modules\\lightningcss-win32-arm64-msvc'
1853 silly reify ]
1854 verbose reify failed optional dependency C:\Users\Ansi\Desktop\FixNow\node_modules\lightningcss-linux-x64-musl
1855 silly reify mark deleted [
1855 silly reify   'C:\\Users\\Ansi\\Desktop\\FixNow\\node_modules\\lightningcss-linux-x64-musl'
1855 silly reify ]
1856 verbose reify failed optional dependency C:\Users\Ansi\Desktop\FixNow\node_modules\lightningcss-linux-x64-gnu
1857 silly reify mark deleted [
1857 silly reify   'C:\\Users\\Ansi\\Desktop\\FixNow\\node_modules\\lightningcss-linux-x64-gnu'
1857 silly reify ]
1858 verbose reify failed optional dependency C:\Users\Ansi\Desktop\FixNow\node_modules\lightningcss-linux-arm64-musl
1859 silly reify mark deleted [
1859 silly reify   'C:\\Users\\Ansi\\Desktop\\FixNow\\node_modules\\lightningcss-linux-arm64-musl'
1859 silly reify ]
1860 verbose reify failed optional dependency C:\Users\Ansi\Desktop\FixNow\node_modules\lightningcss-linux-arm64-gnu
1861 silly reify mark deleted [
1861 silly reify   'C:\\Users\\Ansi\\Desktop\\FixNow\\node_modules\\lightningcss-linux-arm64-gnu'
1861 silly reify ]
1862 verbose reify failed optional dependency C:\Users\Ansi\Desktop\FixNow\node_modules\lightningcss-linux-arm-gnueabihf
1863 silly reify mark deleted [
1863 silly reify   'C:\\Users\\Ansi\\Desktop\\FixNow\\node_modules\\lightningcss-linux-arm-gnueabihf'
1863 silly reify ]
1864 verbose reify failed optional dependency C:\Users\Ansi\Desktop\FixNow\node_modules\lightningcss-freebsd-x64
1865 silly reify mark deleted [
1865 silly reify   'C:\\Users\\Ansi\\Desktop\\FixNow\\node_modules\\lightningcss-freebsd-x64'
1865 silly reify ]
1866 verbose reify failed optional dependency C:\Users\Ansi\Desktop\FixNow\node_modules\lightningcss-darwin-x64
1867 silly reify mark deleted [
1867 silly reify   'C:\\Users\\Ansi\\Desktop\\FixNow\\node_modules\\lightningcss-darwin-x64'
1867 silly reify ]
1868 verbose reify failed optional dependency C:\Users\Ansi\Desktop\FixNow\node_modules\lightningcss-darwin-arm64
1869 silly reify mark deleted [
1869 silly reify   'C:\\Users\\Ansi\\Desktop\\FixNow\\node_modules\\lightningcss-darwin-arm64'
1869 silly reify ]
1870 verbose reify failed optional dependency C:\Users\Ansi\Desktop\FixNow\node_modules\lightningcss-android-arm64
1871 silly reify mark deleted [
1871 silly reify   'C:\\Users\\Ansi\\Desktop\\FixNow\\node_modules\\lightningcss-android-arm64'
1871 silly reify ]
1872 verbose reify failed optional dependency C:\Users\Ansi\Desktop\FixNow\node_modules\fsevents
1873 silly reify mark deleted [ 'C:\\Users\\Ansi\\Desktop\\FixNow\\node_modules\\fsevents' ]
1874 silly tarball no local data for sucrase@https://registry.npmjs.org/sucrase/-/sucrase-3.35.1.tgz. Extracting by manifest.
1875 silly tarball no local data for metro-file-map@https://registry.npmjs.org/metro-file-map/-/metro-file-map-0.83.3.tgz. Extracting by manifest.
1876 silly tarball no local data for expo-modules-autolinking@https://registry.npmjs.org/expo-modules-autolinking/-/expo-modules-autolinking-3.0.24.tgz. Extracting by manifest.
1877 silly tarball no local data for expo-constants@https://registry.npmjs.org/expo-constants/-/expo-constants-18.0.13.tgz. Extracting by manifest.
1878 silly tarball no local data for @react-native/dev-middleware@https://registry.npmjs.org/@react-native/dev-middleware/-/dev-middleware-0.81.5.tgz. Extracting by manifest.
1879 silly tarball no local data for @expo/json-file@https://registry.npmjs.org/@expo/json-file/-/json-file-10.0.13.tgz. Extracting by manifest.
1880 silly tarball no local data for babel-plugin-react-compiler@https://registry.npmjs.org/babel-plugin-react-compiler/-/babel-plugin-react-compiler-1.0.0.tgz. Extracting by manifest.
1881 silly tarball no local data for fdir@https://registry.npmjs.org/fdir/-/fdir-6.5.0.tgz. Extracting by manifest.
1882 silly tarball no local data for tinyglobby@https://registry.npmjs.org/tinyglobby/-/tinyglobby-0.2.16.tgz. Extracting by manifest.
1883 silly tarball no local data for yaml@https://registry.npmjs.org/yaml/-/yaml-2.8.3.tgz. Extracting by manifest.
1884 silly tarball no local data for agent-base@https://registry.npmjs.org/agent-base/-/agent-base-7.1.4.tgz. Extracting by manifest.
1885 silly tarball no local data for https-proxy-agent@https://registry.npmjs.org/https-proxy-agent/-/https-proxy-agent-7.0.6.tgz. Extracting by manifest.
1886 silly tarball no local data for @expo/require-utils@https://registry.npmjs.org/@expo/require-utils/-/require-utils-55.0.4.tgz. Extracting by manifest.
1887 silly tarball no local data for expo-server@https://registry.npmjs.org/expo-server/-/expo-server-1.0.5.tgz. Extracting by manifest.
1888 silly tarball no local data for expo-keep-awake@https://registry.npmjs.org/expo-keep-awake/-/expo-keep-awake-15.0.8.tgz. Extracting by manifest.
1889 silly tarball no local data for expo-file-system@https://registry.npmjs.org/expo-file-system/-/expo-file-system-19.0.21.tgz. Extracting by manifest.
1890 silly tarball no local data for @ungap/structured-clone@https://registry.npmjs.org/@ungap/structured-clone/-/structured-clone-1.3.0.tgz. Extracting by manifest.
1891 silly tarball no local data for expo-asset@https://registry.npmjs.org/expo-asset/-/expo-asset-12.0.12.tgz. Extracting by manifest.
1892 silly tarball no local data for @expo/metro@https://registry.npmjs.org/@expo/metro/-/metro-54.2.0.tgz. Extracting by manifest.
1893 silly tarball no local data for @expo/devtools@https://registry.npmjs.org/@expo/devtools/-/devtools-0.1.8.tgz. Extracting by manifest.
1894 silly tarball no local data for react-native-worklets@https://registry.npmjs.org/react-native-worklets/-/react-native-worklets-0.5.2.tgz. Extracting by manifest.
1895 silly tarball no local data for scheduler@https://registry.npmjs.org/scheduler/-/scheduler-0.26.0.tgz. Extracting by manifest.
1896 silly tarball no local data for react-native-screens@https://registry.npmjs.org/react-native-screens/-/react-native-screens-4.16.0.tgz. Extracting by manifest.
1897 silly tarball no local data for react-native-safe-area-context@https://registry.npmjs.org/react-native-safe-area-context/-/react-native-safe-area-context-5.6.2.tgz. Extracting by manifest.
1898 silly tarball no local data for react-native-reanimated@https://registry.npmjs.org/react-native-reanimated/-/react-native-reanimated-4.1.7.tgz. Extracting by manifest.
1899 silly tarball no local data for react-native-gesture-handler@https://registry.npmjs.org/react-native-gesture-handler/-/react-native-gesture-handler-2.28.0.tgz. Extracting by manifest.
1900 silly tarball no local data for react-devtools-core@https://registry.npmjs.org/react-devtools-core/-/react-devtools-core-6.1.5.tgz. Extracting by manifest.
1901 silly tarball no local data for react-native@https://registry.npmjs.org/react-native/-/react-native-0.81.0.tgz. Extracting by manifest.
1902 silly tarball no local data for react@https://registry.npmjs.org/react/-/react-19.1.0.tgz. Extracting by manifest.
1903 silly tarball no local data for path-scurry@https://registry.npmjs.org/path-scurry/-/path-scurry-2.0.2.tgz. Extracting by manifest.
1904 silly tarball no local data for onetime@https://registry.npmjs.org/onetime/-/onetime-2.0.1.tgz. Extracting by manifest.
1905 silly tarball no local data for mimic-fn@https://registry.npmjs.org/mimic-fn/-/mimic-fn-1.2.0.tgz. Extracting by manifest.
1906 silly tarball no local data for ob1@https://registry.npmjs.org/ob1/-/ob1-0.83.3.tgz. Extracting by manifest.
1907 silly tarball no local data for metro-transform-worker@https://registry.npmjs.org/metro-transform-worker/-/metro-transform-worker-0.83.3.tgz. Extracting by manifest.
1908 silly tarball no local data for metro-transform-plugins@https://registry.npmjs.org/metro-transform-plugins/-/metro-transform-plugins-0.83.3.tgz. Extracting by manifest.
1909 silly tarball no local data for metro-symbolicate@https://registry.npmjs.org/metro-symbolicate/-/metro-symbolicate-0.83.3.tgz. Extracting by manifest.
1910 silly tarball no local data for metro-source-map@https://registry.npmjs.org/metro-source-map/-/metro-source-map-0.83.3.tgz. Extracting by manifest.
1911 silly tarball no local data for metro-runtime@https://registry.npmjs.org/metro-runtime/-/metro-runtime-0.83.3.tgz. Extracting by manifest.
1912 silly tarball no local data for metro-minify-terser@https://registry.npmjs.org/metro-minify-terser/-/metro-minify-terser-0.83.3.tgz. Extracting by manifest.
1913 silly tarball no local data for metro-resolver@https://registry.npmjs.org/metro-resolver/-/metro-resolver-0.83.3.tgz. Extracting by manifest.
1914 silly tarball no local data for metro-core@https://registry.npmjs.org/metro-core/-/metro-core-0.83.3.tgz. Extracting by manifest.
1915 silly tarball no local data for metro-cache-key@https://registry.npmjs.org/metro-cache-key/-/metro-cache-key-0.83.3.tgz. Extracting by manifest.
1916 silly tarball no local data for metro-cache@https://registry.npmjs.org/metro-cache/-/metro-cache-0.83.3.tgz. Extracting by manifest.
1917 silly tarball no local data for metro-babel-transformer@https://registry.npmjs.org/metro-babel-transformer/-/metro-babel-transformer-0.83.3.tgz. Extracting by manifest.
1918 silly tarball no local data for metro-config@https://registry.npmjs.org/metro-config/-/metro-config-0.83.3.tgz. Extracting by manifest.
1919 silly tarball no local data for lightningcss-win32-x64-msvc@https://registry.npmjs.org/lightningcss-win32-x64-msvc/-/lightningcss-win32-x64-msvc-1.32.0.tgz. Extracting by manifest.
1920 silly tarball no local data for metro@https://registry.npmjs.org/metro/-/metro-0.83.3.tgz. Extracting by manifest.
1921 silly tarball no local data for lightningcss@https://registry.npmjs.org/lightningcss/-/lightningcss-1.32.0.tgz. Extracting by manifest.
1922 silly tarball no local data for expo-modules-core@https://registry.npmjs.org/expo-modules-core/-/expo-modules-core-3.0.29.tgz. Extracting by manifest.
1923 silly tarball no local data for expo-status-bar@https://registry.npmjs.org/expo-status-bar/-/expo-status-bar-3.0.9.tgz. Extracting by manifest.
1924 silly tarball no local data for expo-location@https://registry.npmjs.org/expo-location/-/expo-location-19.0.8.tgz. Extracting by manifest.
1925 silly tarball no local data for @types/react@https://registry.npmjs.org/@types/react/-/react-19.2.14.tgz. Extracting by manifest.
1926 silly tarball no local data for expo-linear-gradient@https://registry.npmjs.org/expo-linear-gradient/-/expo-linear-gradient-15.0.8.tgz. Extracting by manifest.
1927 silly tarball no local data for expo@https://registry.npmjs.org/expo/-/expo-54.0.33.tgz. Extracting by manifest.
1928 silly tarball no local data for detect-libc@https://registry.npmjs.org/detect-libc/-/detect-libc-2.1.2.tgz. Extracting by manifest.
1929 silly tarball no local data for @react-native/virtualized-lists@https://registry.npmjs.org/@react-native/virtualized-lists/-/virtualized-lists-0.81.0.tgz. Extracting by manifest.
1930 silly tarball no local data for @react-native/normalize-colors@https://registry.npmjs.org/@react-native/normalize-colors/-/normalize-colors-0.81.5.tgz. Extracting by manifest.
1931 silly tarball no local data for @react-native/js-polyfills@https://registry.npmjs.org/@react-native/js-polyfills/-/js-polyfills-0.81.0.tgz. Extracting by manifest.
1932 silly tarball no local data for @react-native/gradle-plugin@https://registry.npmjs.org/@react-native/gradle-plugin/-/gradle-plugin-0.81.0.tgz. Extracting by manifest.
1933 silly tarball no local data for @react-native/debugger-frontend@https://registry.npmjs.org/@react-native/debugger-frontend/-/debugger-frontend-0.81.5.tgz. Extracting by manifest.
1934 silly tarball no local data for @react-native/assets-registry@https://registry.npmjs.org/@react-native/assets-registry/-/assets-registry-0.81.0.tgz. Extracting by manifest.
1935 silly tarball no local data for @react-native/community-cli-plugin@https://registry.npmjs.org/@react-native/community-cli-plugin/-/community-cli-plugin-0.81.0.tgz. Extracting by manifest.
1936 silly tarball no local data for @expo/prebuild-config@https://registry.npmjs.org/@expo/prebuild-config/-/prebuild-config-54.0.8.tgz. Extracting by manifest.
1937 silly tarball no local data for @expo/metro-config@https://registry.npmjs.org/@expo/metro-config/-/metro-config-54.0.14.tgz. Extracting by manifest.
1938 silly tarball no local data for @expo/image-utils@https://registry.npmjs.org/@expo/image-utils/-/image-utils-0.8.13.tgz. Extracting by manifest.
1939 silly tarball no local data for @expo/plist@https://registry.npmjs.org/@expo/plist/-/plist-0.4.8.tgz. Extracting by manifest.
1940 silly tarball no local data for @expo/fingerprint@https://registry.npmjs.org/@expo/fingerprint/-/fingerprint-0.15.4.tgz. Extracting by manifest.
1941 silly tarball no local data for @expo/config-types@https://registry.npmjs.org/@expo/config-types/-/config-types-54.0.10.tgz. Extracting by manifest.
1942 silly tarball no local data for @expo/env@https://registry.npmjs.org/@expo/env/-/env-2.0.11.tgz. Extracting by manifest.
1943 silly tarball no local data for @expo/config-plugins@https://registry.npmjs.org/@expo/config-plugins/-/config-plugins-54.0.4.tgz. Extracting by manifest.
1944 silly tarball no local data for picomatch@https://registry.npmjs.org/picomatch/-/picomatch-4.0.4.tgz. Extracting by manifest.
1945 silly tarball no local data for @expo/config@https://registry.npmjs.org/@expo/config/-/config-12.0.13.tgz. Extracting by manifest.
1946 silly tarball no local data for @expo/cli@https://registry.npmjs.org/@expo/cli/-/cli-54.0.23.tgz. Extracting by manifest.
1947 silly tarball no local data for semver@https://registry.npmjs.org/semver/-/semver-7.7.2.tgz. Extracting by manifest.
1948 silly tarball no local data for semver@https://registry.npmjs.org/semver/-/semver-7.7.4.tgz. Extracting by manifest.
1949 silly tarball no local data for hermes-estree@https://registry.npmjs.org/hermes-estree/-/hermes-estree-0.29.1.tgz. Extracting by manifest.
1950 silly tarball no local data for hermes-parser@https://registry.npmjs.org/hermes-parser/-/hermes-parser-0.29.1.tgz. Extracting by manifest.
1951 silly tarball no local data for babel-plugin-syntax-hermes-parser@https://registry.npmjs.org/babel-plugin-syntax-hermes-parser/-/babel-plugin-syntax-hermes-parser-0.29.1.tgz. Extracting by manifest.
1952 silly tarball no local data for @react-native/normalize-colors@https://registry.npmjs.org/@react-native/normalize-colors/-/normalize-colors-0.81.0.tgz. Extracting by manifest.
1953 silly tarball no local data for @react-native/codegen@https://registry.npmjs.org/@react-native/codegen/-/codegen-0.81.0.tgz. Extracting by manifest.
1954 silly tarball no local data for lru-cache@https://registry.npmjs.org/lru-cache/-/lru-cache-11.3.3.tgz. Extracting by manifest.
1955 silly tarball no local data for hermes-estree@https://registry.npmjs.org/hermes-estree/-/hermes-estree-0.32.0.tgz. Extracting by manifest.
1956 silly tarball no local data for hermes-estree@https://registry.npmjs.org/hermes-estree/-/hermes-estree-0.32.0.tgz. Extracting by manifest.
1957 silly tarball no local data for hermes-parser@https://registry.npmjs.org/hermes-parser/-/hermes-parser-0.32.0.tgz. Extracting by manifest.
1958 silly tarball no local data for hermes-parser@https://registry.npmjs.org/hermes-parser/-/hermes-parser-0.32.0.tgz. Extracting by manifest.
1959 silly tarball no local data for hermes-estree@https://registry.npmjs.org/hermes-estree/-/hermes-estree-0.29.1.tgz. Extracting by manifest.
1960 silly tarball no local data for hermes-parser@https://registry.npmjs.org/hermes-parser/-/hermes-parser-0.29.1.tgz. Extracting by manifest.
1961 silly tarball no local data for @react-native/babel-plugin-codegen@https://registry.npmjs.org/@react-native/babel-plugin-codegen/-/babel-plugin-codegen-0.81.5.tgz. Extracting by manifest.
1962 silly tarball no local data for @react-native/codegen@https://registry.npmjs.org/@react-native/codegen/-/codegen-0.81.5.tgz. Extracting by manifest.
1963 silly tarball no local data for babel-plugin-syntax-hermes-parser@https://registry.npmjs.org/babel-plugin-syntax-hermes-parser/-/babel-plugin-syntax-hermes-parser-0.29.1.tgz. Extracting by manifest.
1964 silly tarball no local data for babel-plugin-react-native-web@https://registry.npmjs.org/babel-plugin-react-native-web/-/babel-plugin-react-native-web-0.21.2.tgz. Extracting by manifest.
1965 silly tarball no local data for @expo/vector-icons@https://registry.npmjs.org/@expo/vector-icons/-/vector-icons-15.1.1.tgz. Extracting by manifest.
1966 silly tarball no local data for expo-font@https://registry.npmjs.org/expo-font/-/expo-font-14.0.11.tgz. Extracting by manifest.
1967 silly tarball no local data for @react-native/debugger-frontend@https://registry.npmjs.org/@react-native/debugger-frontend/-/debugger-frontend-0.81.0.tgz. Extracting by manifest.
1968 silly tarball no local data for @react-native/dev-middleware@https://registry.npmjs.org/@react-native/dev-middleware/-/dev-middleware-0.81.0.tgz. Extracting by manifest.
1969 silly tarball no local data for babel-preset-expo@https://registry.npmjs.org/babel-preset-expo/-/babel-preset-expo-54.0.10.tgz. Extracting by manifest.
1970 silly tarball no local data for @react-native/babel-preset@https://registry.npmjs.org/@react-native/babel-preset/-/babel-preset-0.81.5.tgz. Extracting by manifest.
1971 silly tarball no local data for balanced-match@https://registry.npmjs.org/balanced-match/-/balanced-match-4.0.4.tgz. Extracting by manifest.
1972 silly tarball no local data for brace-expansion@https://registry.npmjs.org/brace-expansion/-/brace-expansion-5.0.5.tgz. Extracting by manifest.
1973 silly tarball no local data for hermes-estree@https://registry.npmjs.org/hermes-estree/-/hermes-estree-0.29.1.tgz. Extracting by manifest.
1974 silly tarball no local data for glob@https://registry.npmjs.org/glob/-/glob-13.0.6.tgz. Extracting by manifest.
1975 silly tarball no local data for hermes-parser@https://registry.npmjs.org/hermes-parser/-/hermes-parser-0.29.1.tgz. Extracting by manifest.
1976 silly tarball no local data for minimatch@https://registry.npmjs.org/minimatch/-/minimatch-10.2.5.tgz. Extracting by manifest.
1977 silly tarball no local data for balanced-match@https://registry.npmjs.org/balanced-match/-/balanced-match-4.0.4.tgz. Extracting by manifest.
1978 silly tarball no local data for brace-expansion@https://registry.npmjs.org/brace-expansion/-/brace-expansion-5.0.5.tgz. Extracting by manifest.
1979 silly tarball no local data for glob@https://registry.npmjs.org/glob/-/glob-13.0.6.tgz. Extracting by manifest.
1980 silly tarball no local data for minimatch@https://registry.npmjs.org/minimatch/-/minimatch-10.2.5.tgz. Extracting by manifest.
1981 silly tarball no local data for balanced-match@https://registry.npmjs.org/balanced-match/-/balanced-match-4.0.4.tgz. Extracting by manifest.
1982 silly tarball no local data for brace-expansion@https://registry.npmjs.org/brace-expansion/-/brace-expansion-5.0.5.tgz. Extracting by manifest.
1983 silly tarball no local data for glob@https://registry.npmjs.org/glob/-/glob-13.0.6.tgz. Extracting by manifest.
1984 silly tarball no local data for minimatch@https://registry.npmjs.org/minimatch/-/minimatch-10.2.5.tgz. Extracting by manifest.
1985 silly tarball no local data for brace-expansion@https://registry.npmjs.org/brace-expansion/-/brace-expansion-5.0.5.tgz. Extracting by manifest.
1986 silly tarball no local data for balanced-match@https://registry.npmjs.org/balanced-match/-/balanced-match-4.0.4.tgz. Extracting by manifest.
1987 silly tarball no local data for minimatch@https://registry.npmjs.org/minimatch/-/minimatch-10.2.5.tgz. Extracting by manifest.
1988 silly tarball no local data for balanced-match@https://registry.npmjs.org/balanced-match/-/balanced-match-4.0.4.tgz. Extracting by manifest.
1989 silly tarball no local data for glob@https://registry.npmjs.org/glob/-/glob-13.0.6.tgz. Extracting by manifest.
1990 silly tarball no local data for brace-expansion@https://registry.npmjs.org/brace-expansion/-/brace-expansion-5.0.5.tgz. Extracting by manifest.
1991 silly tarball no local data for minimatch@https://registry.npmjs.org/minimatch/-/minimatch-10.2.5.tgz. Extracting by manifest.
1992 silly tarball no local data for glob@https://registry.npmjs.org/glob/-/glob-13.0.6.tgz. Extracting by manifest.
1993 http fetch GET 200 https://registry.npmjs.org/expo-constants/-/expo-constants-18.0.13.tgz 1109ms (cache miss)
1994 http fetch GET 200 https://registry.npmjs.org/sucrase/-/sucrase-3.35.1.tgz 1338ms (cache miss)
1995 http fetch GET 200 https://registry.npmjs.org/expo-keep-awake/-/expo-keep-awake-15.0.8.tgz 1922ms (cache miss)
1996 http fetch POST 200 https://registry.npmjs.org/-/npm/v1/security/advisories/bulk 2424ms
1997 silly audit report {}
1998 http fetch GET 200 https://registry.npmjs.org/@ungap/structured-clone/-/structured-clone-1.3.0.tgz 2313ms (cache miss)
1999 http fetch GET 200 https://registry.npmjs.org/expo-file-system/-/expo-file-system-19.0.21.tgz 2829ms (cache miss)
2000 http fetch GET 200 https://registry.npmjs.org/expo-asset/-/expo-asset-12.0.12.tgz 3220ms (cache miss)
2001 http fetch GET 200 https://registry.npmjs.org/@react-native/dev-middleware/-/dev-middleware-0.81.5.tgz 3581ms (cache miss)
2002 http fetch GET 200 https://registry.npmjs.org/@expo/metro/-/metro-54.2.0.tgz 4274ms (cache miss)
2003 http fetch GET 200 https://registry.npmjs.org/@expo/json-file/-/json-file-10.0.13.tgz 4336ms (cache miss)
2004 http fetch GET 200 https://registry.npmjs.org/expo-modules-autolinking/-/expo-modules-autolinking-3.0.24.tgz 4557ms (cache miss)
2005 http fetch GET 200 https://registry.npmjs.org/scheduler/-/scheduler-0.26.0.tgz 4815ms (cache miss)
2006 http fetch GET 200 https://registry.npmjs.org/@expo/devtools/-/devtools-0.1.8.tgz 5167ms (cache miss)
2007 http fetch GET 200 https://registry.npmjs.org/react-native-worklets/-/react-native-worklets-0.5.2.tgz 6657ms (cache miss)
2008 http fetch GET 200 https://registry.npmjs.org/react-native-safe-area-context/-/react-native-safe-area-context-5.6.2.tgz 6659ms (cache miss)
2009 http fetch GET 200 https://registry.npmjs.org/react/-/react-19.1.0.tgz 8753ms (cache miss)
2010 http fetch GET 200 https://registry.npmjs.org/tinyglobby/-/tinyglobby-0.2.16.tgz 10099ms (cache miss)
2011 http fetch GET 200 https://registry.npmjs.org/agent-base/-/agent-base-7.1.4.tgz 10308ms (cache miss)
2012 http fetch GET 200 https://registry.npmjs.org/https-proxy-agent/-/https-proxy-agent-7.0.6.tgz 10317ms (cache miss)
2013 http fetch GET 200 https://registry.npmjs.org/expo-server/-/expo-server-1.0.5.tgz 10919ms (cache miss)
2014 http fetch GET 200 https://registry.npmjs.org/@expo/require-utils/-/require-utils-55.0.4.tgz 11057ms (cache miss)
2015 http fetch GET 200 https://registry.npmjs.org/fdir/-/fdir-6.5.0.tgz 13206ms (cache miss)
2016 http fetch GET 200 https://registry.npmjs.org/onetime/-/onetime-2.0.1.tgz 13532ms (cache miss)
2017 http fetch GET 200 https://registry.npmjs.org/ob1/-/ob1-0.83.3.tgz 14341ms (cache miss)
2018 http fetch GET 200 https://registry.npmjs.org/metro-transform-worker/-/metro-transform-worker-0.83.3.tgz 15030ms (cache miss)
2019 http fetch GET 200 https://registry.npmjs.org/mimic-fn/-/mimic-fn-1.2.0.tgz 17214ms (cache miss)
2020 http fetch GET 200 https://registry.npmjs.org/metro-source-map/-/metro-source-map-0.83.3.tgz 17219ms (cache miss)
2021 http fetch GET 200 https://registry.npmjs.org/metro-runtime/-/metro-runtime-0.83.3.tgz 17786ms (cache miss)
2022 http fetch GET 200 https://registry.npmjs.org/metro-minify-terser/-/metro-minify-terser-0.83.3.tgz 19632ms (cache miss)
2023 http fetch GET 200 https://registry.npmjs.org/metro-transform-plugins/-/metro-transform-plugins-0.83.3.tgz 20362ms (cache miss)
2024 http fetch GET 200 https://registry.npmjs.org/path-scurry/-/path-scurry-2.0.2.tgz 21115ms (cache miss)
2025 http fetch GET 200 https://registry.npmjs.org/metro-symbolicate/-/metro-symbolicate-0.83.3.tgz 21176ms (cache miss)
2026 http fetch GET 200 https://registry.npmjs.org/metro-cache-key/-/metro-cache-key-0.83.3.tgz 21362ms (cache miss)
2027 http fetch GET 200 https://registry.npmjs.org/metro-core/-/metro-core-0.83.3.tgz 21528ms (cache miss)
2028 http fetch GET 200 https://registry.npmjs.org/metro-cache/-/metro-cache-0.83.3.tgz 21620ms (cache miss)
2029 http fetch GET 200 https://registry.npmjs.org/metro-babel-transformer/-/metro-babel-transformer-0.83.3.tgz 22650ms (cache miss)
2030 http fetch GET 200 https://registry.npmjs.org/metro-resolver/-/metro-resolver-0.83.3.tgz 25516ms (cache miss)
2031 http fetch GET 200 https://registry.npmjs.org/yaml/-/yaml-2.8.3.tgz 25629ms (cache miss)
2032 http fetch GET 200 https://registry.npmjs.org/metro-config/-/metro-config-0.83.3.tgz 26402ms (cache miss)
2033 http fetch GET 200 https://registry.npmjs.org/expo-linear-gradient/-/expo-linear-gradient-15.0.8.tgz 30732ms (cache miss)
2034 http fetch GET 200 https://registry.npmjs.org/react-native-reanimated/-/react-native-reanimated-4.1.7.tgz 33375ms (cache miss)
2035 http fetch GET 200 https://registry.npmjs.org/react-native-screens/-/react-native-screens-4.16.0.tgz 33518ms (cache miss)
2036 http fetch GET 200 https://registry.npmjs.org/metro-file-map/-/metro-file-map-0.83.3.tgz 33577ms (cache miss)
2037 http fetch GET 200 https://registry.npmjs.org/react-native-gesture-handler/-/react-native-gesture-handler-2.28.0.tgz 36220ms (cache miss)
2038 http fetch GET 200 https://registry.npmjs.org/@types/react/-/react-19.2.14.tgz 36511ms (cache miss)
2039 http fetch GET 200 https://registry.npmjs.org/expo-status-bar/-/expo-status-bar-3.0.9.tgz 36551ms (cache miss)
2040 http fetch GET 200 https://registry.npmjs.org/@react-native/virtualized-lists/-/virtualized-lists-0.81.0.tgz 37026ms (cache miss)
2041 http fetch GET 200 https://registry.npmjs.org/metro/-/metro-0.83.3.tgz 37096ms (cache miss)
2042 http fetch GET 200 https://registry.npmjs.org/@react-native/normalize-colors/-/normalize-colors-0.81.5.tgz 37089ms (cache miss)
2043 http fetch GET 200 https://registry.npmjs.org/detect-libc/-/detect-libc-2.1.2.tgz 38518ms (cache miss)
2044 http fetch GET 200 https://registry.npmjs.org/@react-native/js-polyfills/-/js-polyfills-0.81.0.tgz 39725ms (cache miss)
2045 http fetch GET 200 https://registry.npmjs.org/react-devtools-core/-/react-devtools-core-6.1.5.tgz 40386ms (cache miss)
2046 http fetch GET 200 https://registry.npmjs.org/@react-native/assets-registry/-/assets-registry-0.81.0.tgz 40409ms (cache miss)
2047 http fetch GET 200 https://registry.npmjs.org/@react-native/community-cli-plugin/-/community-cli-plugin-0.81.0.tgz 40468ms (cache miss)
2048 http fetch GET 200 https://registry.npmjs.org/@react-native/gradle-plugin/-/gradle-plugin-0.81.0.tgz 40792ms (cache miss)
2049 http fetch GET 200 https://registry.npmjs.org/expo-location/-/expo-location-19.0.8.tgz 41758ms (cache miss)
2050 http fetch GET 200 https://registry.npmjs.org/@expo/image-utils/-/image-utils-0.8.13.tgz 41880ms (cache miss)
2051 http fetch GET 200 https://registry.npmjs.org/expo-modules-core/-/expo-modules-core-3.0.29.tgz 42272ms (cache miss)
2052 http fetch GET 200 https://registry.npmjs.org/lightningcss/-/lightningcss-1.32.0.tgz 43023ms (cache miss)
2053 http fetch GET 200 https://registry.npmjs.org/@expo/plist/-/plist-0.4.8.tgz 43651ms (cache miss)
2054 http fetch GET 200 https://registry.npmjs.org/@expo/env/-/env-2.0.11.tgz 43868ms (cache miss)
2055 http fetch GET 200 https://registry.npmjs.org/expo/-/expo-54.0.33.tgz 44248ms (cache miss)
2056 http fetch GET 200 https://registry.npmjs.org/@expo/metro-config/-/metro-config-54.0.14.tgz 44270ms (cache miss)
2057 http fetch GET 200 https://registry.npmjs.org/@expo/config-types/-/config-types-54.0.10.tgz 44455ms (cache miss)
2058 http fetch GET 200 https://registry.npmjs.org/picomatch/-/picomatch-4.0.4.tgz 44534ms (cache miss)
2059 http fetch GET 200 https://registry.npmjs.org/@expo/fingerprint/-/fingerprint-0.15.4.tgz 44643ms (cache miss)
2060 http fetch GET 200 https://registry.npmjs.org/@expo/config/-/config-12.0.13.tgz 45641ms (cache miss)
2061 http fetch GET 200 https://registry.npmjs.org/semver/-/semver-7.7.2.tgz 46876ms (cache miss)
2062 http fetch GET 200 https://registry.npmjs.org/babel-plugin-syntax-hermes-parser/-/babel-plugin-syntax-hermes-parser-0.29.1.tgz 47245ms (cache miss)
2063 http fetch GET 200 https://registry.npmjs.org/@react-native/normalize-colors/-/normalize-colors-0.81.0.tgz 47526ms (cache miss)
2064 http fetch GET 200 https://registry.npmjs.org/hermes-estree/-/hermes-estree-0.29.1.tgz 47546ms (cache miss)
2065 http fetch GET 200 https://registry.npmjs.org/semver/-/semver-7.7.4.tgz 49006ms (cache miss)
2066 http fetch GET 200 https://registry.npmjs.org/hermes-estree/-/hermes-estree-0.32.0.tgz 49157ms (cache miss)
2067 http fetch GET 200 https://registry.npmjs.org/hermes-estree/-/hermes-estree-0.32.0.tgz 49735ms (cache miss)
2068 http fetch GET 200 https://registry.npmjs.org/lru-cache/-/lru-cache-11.3.3.tgz 50121ms (cache miss)
2069 http fetch GET 200 https://registry.npmjs.org/@react-native/babel-plugin-codegen/-/babel-plugin-codegen-0.81.5.tgz 52833ms (cache miss)
2070 http fetch GET 200 https://registry.npmjs.org/hermes-estree/-/hermes-estree-0.29.1.tgz 53141ms (cache miss)
2071 http fetch GET 200 https://registry.npmjs.org/hermes-parser/-/hermes-parser-0.29.1.tgz 54045ms (cache miss)
2072 http fetch GET 200 https://registry.npmjs.org/babel-plugin-react-native-web/-/babel-plugin-react-native-web-0.21.2.tgz 54472ms (cache miss)
2073 http fetch GET 200 https://registry.npmjs.org/babel-plugin-syntax-hermes-parser/-/babel-plugin-syntax-hermes-parser-0.29.1.tgz 54523ms (cache miss)
2074 http fetch GET 200 https://registry.npmjs.org/hermes-parser/-/hermes-parser-0.32.0.tgz 57681ms (cache miss)
2075 http fetch GET 200 https://registry.npmjs.org/@expo/config-plugins/-/config-plugins-54.0.4.tgz 57931ms (cache miss)
2076 http fetch GET 200 https://registry.npmjs.org/expo-font/-/expo-font-14.0.11.tgz 58080ms (cache miss)
2077 http fetch GET 200 https://registry.npmjs.org/@react-native/dev-middleware/-/dev-middleware-0.81.0.tgz 58770ms (cache miss)
2078 http fetch GET 200 https://registry.npmjs.org/@react-native/babel-preset/-/babel-preset-0.81.5.tgz 59984ms (cache miss)
2079 http fetch GET 200 https://registry.npmjs.org/@react-native/codegen/-/codegen-0.81.5.tgz 60121ms (cache miss)
2080 http fetch GET 200 https://registry.npmjs.org/babel-preset-expo/-/babel-preset-expo-54.0.10.tgz 60395ms (cache miss)
2081 http fetch GET 200 https://registry.npmjs.org/hermes-parser/-/hermes-parser-0.32.0.tgz 60800ms (cache miss)
2082 http fetch GET 200 https://registry.npmjs.org/@react-native/codegen/-/codegen-0.81.0.tgz 60965ms (cache miss)
2083 http fetch GET 200 https://registry.npmjs.org/balanced-match/-/balanced-match-4.0.4.tgz 61104ms (cache miss)
2084 http fetch GET 200 https://registry.npmjs.org/hermes-parser/-/hermes-parser-0.29.1.tgz 62196ms (cache miss)
2085 http fetch GET 200 https://registry.npmjs.org/balanced-match/-/balanced-match-4.0.4.tgz 64047ms (cache miss)
2086 http fetch GET 200 https://registry.npmjs.org/brace-expansion/-/brace-expansion-5.0.5.tgz 64462ms (cache miss)
2087 http fetch GET 200 https://registry.npmjs.org/brace-expansion/-/brace-expansion-5.0.5.tgz 64553ms (cache miss)
2088 http fetch GET 200 https://registry.npmjs.org/minimatch/-/minimatch-10.2.5.tgz 65629ms (cache miss)
2089 http fetch GET 200 https://registry.npmjs.org/balanced-match/-/balanced-match-4.0.4.tgz 66797ms (cache miss)
2090 http fetch GET 200 https://registry.npmjs.org/brace-expansion/-/brace-expansion-5.0.5.tgz 67375ms (cache miss)
2091 http fetch GET 200 https://registry.npmjs.org/minimatch/-/minimatch-10.2.5.tgz 68447ms (cache miss)
2092 http fetch GET 200 https://registry.npmjs.org/babel-plugin-react-compiler/-/babel-plugin-react-compiler-1.0.0.tgz 69040ms (cache miss)
2093 http fetch GET 200 https://registry.npmjs.org/hermes-estree/-/hermes-estree-0.29.1.tgz 70595ms (cache miss)
2094 http fetch GET 200 https://registry.npmjs.org/@react-native/debugger-frontend/-/debugger-frontend-0.81.5.tgz 71665ms (cache miss)
2095 http fetch GET 200 https://registry.npmjs.org/balanced-match/-/balanced-match-4.0.4.tgz 72330ms (cache miss)
2096 http fetch GET 200 https://registry.npmjs.org/glob/-/glob-13.0.6.tgz 72349ms (cache miss)
2097 http fetch GET 200 https://registry.npmjs.org/hermes-parser/-/hermes-parser-0.29.1.tgz 72510ms (cache miss)
2098 http fetch GET 200 https://registry.npmjs.org/minimatch/-/minimatch-10.2.5.tgz 73044ms (cache miss)
2099 warn tar ENOENT: Cannot cd into 'C:/Users/Ansi/Desktop/FixNow/node_modules/@expo/cli/node_modules/balanced-match'
2100 silly tar CwdError: ENOENT: Cannot cd into 'C:/Users/Ansi/Desktop/FixNow/node_modules/@expo/cli/node_modules/balanced-match'
2100 silly tar     at C:\Program Files\nodejs\node_modules\npm\node_modules\tar\lib\mkdir.js:43:12
2100 silly tar     at callback (C:\Program Files\nodejs\node_modules\npm\node_modules\graceful-fs\polyfills.js:306:20)
2100 silly tar     at FSReqCallback.oncomplete (node:fs:197:21) {
2100 silly tar   path: 'C:/Users/Ansi/Desktop/FixNow/node_modules/@expo/cli/node_modules/balanced-match',
2100 silly tar   code: 'ENOENT'
2100 silly tar }
2101 warn tarball tarball data for balanced-match@https://registry.npmjs.org/balanced-match/-/balanced-match-4.0.4.tgz (sha512-BLrgEcRTwX2o6gGxGOCNyMvGSp35YofuYzw9h1IMTRmKqttAZZVU67bdb9Pr2vUHA8+j3i2tJfjO6C6+4myGTA==) seems to be corrupted. Trying again.
2102 http fetch GET 200 https://registry.npmjs.org/balanced-match/-/balanced-match-4.0.4.tgz 73546ms (cache miss)
2103 http fetch GET 200 https://registry.npmjs.org/balanced-match/-/balanced-match-4.0.4.tgz 26ms (cache hit)
2104 warn tar ENOENT: Cannot cd into 'C:/Users/Ansi/Desktop/FixNow/node_modules/@expo/cli/node_modules/balanced-match'
2105 silly tar CwdError: ENOENT: Cannot cd into 'C:/Users/Ansi/Desktop/FixNow/node_modules/@expo/cli/node_modules/balanced-match'
2105 silly tar     at C:\Program Files\nodejs\node_modules\npm\node_modules\tar\lib\mkdir.js:43:12
2105 silly tar     at callback (C:\Program Files\nodejs\node_modules\npm\node_modules\graceful-fs\polyfills.js:306:20)
2105 silly tar     at FSReqCallback.oncomplete (node:fs:197:21) {
2105 silly tar   path: 'C:/Users/Ansi/Desktop/FixNow/node_modules/@expo/cli/node_modules/balanced-match',
2105 silly tar   code: 'ENOENT'
2105 silly tar }
2106 warn tarball tarball data for balanced-match@https://registry.npmjs.org/balanced-match/-/balanced-match-4.0.4.tgz (sha512-BLrgEcRTwX2o6gGxGOCNyMvGSp35YofuYzw9h1IMTRmKqttAZZVU67bdb9Pr2vUHA8+j3i2tJfjO6C6+4myGTA==) seems to be corrupted. Trying again.
2107 http fetch GET 200 https://registry.npmjs.org/glob/-/glob-13.0.6.tgz 73756ms (cache miss)
2108 http fetch GET 200 https://registry.npmjs.org/minimatch/-/minimatch-10.2.5.tgz 73908ms (cache miss)
2109 warn tar ENOENT: Cannot cd into 'C:/Users/Ansi/Desktop/FixNow/node_modules/@expo/cli/node_modules/brace-expansion'
2110 silly tar CwdError: ENOENT: Cannot cd into 'C:/Users/Ansi/Desktop/FixNow/node_modules/@expo/cli/node_modules/brace-expansion'
2110 silly tar     at C:\Program Files\nodejs\node_modules\npm\node_modules\tar\lib\mkdir.js:43:12
2110 silly tar     at callback (C:\Program Files\nodejs\node_modules\npm\node_modules\graceful-fs\polyfills.js:306:20)
2110 silly tar     at FSReqCallback.oncomplete (node:fs:197:21) {
2110 silly tar   path: 'C:/Users/Ansi/Desktop/FixNow/node_modules/@expo/cli/node_modules/brace-expansion',
2110 silly tar   code: 'ENOENT'
2110 silly tar }
2111 warn tarball tarball data for brace-expansion@https://registry.npmjs.org/brace-expansion/-/brace-expansion-5.0.5.tgz (sha512-VZznLgtwhn+Mact9tfiwx64fA9erHH/MCXEUfB/0bX/6Fz6ny5EGTXYltMocqg4xFAQZtnO3DHWWXi8RiuN7cQ==) seems to be corrupted. Trying again.
2112 warn tarball tarball data for brace-expansion@https://registry.npmjs.org/brace-expansion/-/brace-expansion-5.0.5.tgz (sha512-VZznLgtwhn+Mact9tfiwx64fA9erHH/MCXEUfB/0bX/6Fz6ny5EGTXYltMocqg4xFAQZtnO3DHWWXi8RiuN7cQ==) seems to be corrupted. Trying again.
2113 http fetch GET 200 https://registry.npmjs.org/brace-expansion/-/brace-expansion-5.0.5.tgz 74064ms (cache miss)
2114 http fetch GET 200 https://registry.npmjs.org/@expo/prebuild-config/-/prebuild-config-54.0.8.tgz 74165ms (cache miss)
2115 warn tar ENOENT: Cannot cd into 'C:/Users/Ansi/Desktop/FixNow/node_modules/@expo/config/node_modules/brace-expansion'
2116 silly tar CwdError: ENOENT: Cannot cd into 'C:/Users/Ansi/Desktop/FixNow/node_modules/@expo/config/node_modules/brace-expansion'
2116 silly tar     at C:\Program Files\nodejs\node_modules\npm\node_modules\tar\lib\mkdir.js:43:12
2116 silly tar     at callback (C:\Program Files\nodejs\node_modules\npm\node_modules\graceful-fs\polyfills.js:306:20)
2116 silly tar     at FSReqCallback.oncomplete (node:fs:197:21) {
2116 silly tar   path: 'C:/Users/Ansi/Desktop/FixNow/node_modules/@expo/config/node_modules/brace-expansion',
2116 silly tar   code: 'ENOENT'
2116 silly tar }
2117 warn tarball tarball data for brace-expansion@https://registry.npmjs.org/brace-expansion/-/brace-expansion-5.0.5.tgz (sha512-VZznLgtwhn+Mact9tfiwx64fA9erHH/MCXEUfB/0bX/6Fz6ny5EGTXYltMocqg4xFAQZtnO3DHWWXi8RiuN7cQ==) seems to be corrupted. Trying again.
2118 http fetch GET 200 https://registry.npmjs.org/brace-expansion/-/brace-expansion-5.0.5.tgz 75707ms (cache miss)
2119 http fetch GET 200 https://registry.npmjs.org/brace-expansion/-/brace-expansion-5.0.5.tgz 40ms (cache hit)
2120 warn tar ENOENT: Cannot cd into 'C:/Users/Ansi/Desktop/FixNow/node_modules/@expo/config/node_modules/brace-expansion'
2121 silly tar CwdError: ENOENT: Cannot cd into 'C:/Users/Ansi/Desktop/FixNow/node_modules/@expo/config/node_modules/brace-expansion'
2121 silly tar     at C:\Program Files\nodejs\node_modules\npm\node_modules\tar\lib\mkdir.js:43:12
2121 silly tar     at callback (C:\Program Files\nodejs\node_modules\npm\node_modules\graceful-fs\polyfills.js:306:20)
2121 silly tar     at FSReqCallback.oncomplete (node:fs:197:21) {
2121 silly tar   path: 'C:/Users/Ansi/Desktop/FixNow/node_modules/@expo/config/node_modules/brace-expansion',
2121 silly tar   code: 'ENOENT'
2121 silly tar }
2122 warn tarball tarball data for brace-expansion@https://registry.npmjs.org/brace-expansion/-/brace-expansion-5.0.5.tgz (sha512-VZznLgtwhn+Mact9tfiwx64fA9erHH/MCXEUfB/0bX/6Fz6ny5EGTXYltMocqg4xFAQZtnO3DHWWXi8RiuN7cQ==) seems to be corrupted. Trying again.
2123 http fetch GET 200 https://registry.npmjs.org/glob/-/glob-13.0.6.tgz 75899ms (cache miss)
2124 http fetch GET 200 https://registry.npmjs.org/@expo/vector-icons/-/vector-icons-15.1.1.tgz 76612ms (cache miss)
2125 http fetch GET 200 https://registry.npmjs.org/glob/-/glob-13.0.6.tgz 76732ms (cache miss)
2126 http fetch GET 200 https://registry.npmjs.org/@expo/cli/-/cli-54.0.23.tgz 76852ms (cache miss)
2127 http fetch GET 200 https://registry.npmjs.org/glob/-/glob-13.0.6.tgz 77490ms (cache miss)
2128 http fetch GET 200 https://registry.npmjs.org/minimatch/-/minimatch-10.2.5.tgz 77867ms (cache miss)
2129 http fetch GET 200 https://registry.npmjs.org/lightningcss-win32-x64-msvc/-/lightningcss-win32-x64-msvc-1.32.0.tgz 85339ms (cache miss)
2130 http fetch GET 200 https://registry.npmjs.org/@react-native/debugger-frontend/-/debugger-frontend-0.81.0.tgz 114829ms (cache miss)
2131 warn tar TAR_ENTRY_ERROR ENOENT: no such file or directory, open 'C:\Users\Ansi\Desktop\FixNow\node_modules\react-native\ReactCommon\react\nativemodule\microtasks\NativeMicrotasks.h'
2132 silly tar TAR_ENTRY_ERROR ENOENT: no such file or directory, open 'C:\Users\Ansi\Desktop\FixNow\node_modules\react-native\ReactCommon\react\nativemodule\microtasks\NativeMicrotasks.h' [Error: ENOENT: no such file or directory, open 'C:\Users\Ansi\Desktop\FixNow\node_modules\react-native\ReactCommon\react\nativemodule\microtasks\NativeMicrotasks.h'] {
2132 silly tar   errno: -4058,
2132 silly tar   code: 'ENOENT',
2132 silly tar   syscall: 'open',
2132 silly tar   path: 'C:\\Users\\Ansi\\Desktop\\FixNow\\node_modules\\react-native\\ReactCommon\\react\\nativemodule\\microtasks\\NativeMicrotasks.h',
2132 silly tar   entry: ReadEntry {
2132 silly tar     _events: [Object: null prototype] {},
2132 silly tar     _eventsCount: 0,
2132 silly tar     _maxListeners: undefined,
2132 silly tar     writable: false,
2132 silly tar     readable: false,
2132 silly tar     extended: null,
2132 silly tar     globalExtended: null,
2132 silly tar     header: Header {
2132 silly tar       cksumValid: true,
2132 silly tar       needPax: false,
2132 silly tar       nullBlock: false,
2132 silly tar       block: null,
2132 silly tar       path: 'package/ReactCommon/react/nativemodule/microtasks/NativeMicrotasks.h',
2132 silly tar       mode: 420,
2132 silly tar       uid: null,
2132 silly tar       gid: null,
2132 silly tar       size: 658,
2132 silly tar       mtime: 1985-10-26T08:15:00.000Z,
2132 silly tar       cksum: 9788,
2132 silly tar       linkpath: '',
2132 silly tar       uname: '',
2132 silly tar       gname: '',
2132 silly tar       devmaj: 0,
2132 silly tar       devmin: 0,
2132 silly tar       atime: null,
2132 silly tar       ctime: null,
2132 silly tar       [Symbol(type)]: '0'
2132 silly tar     },
2132 silly tar     startBlockSize: 1024,
2132 silly tar     blockRemain: 0,
2132 silly tar     remain: 0,
2132 silly tar     type: 'File',
2132 silly tar     meta: false,
2132 silly tar     ignore: false,
2132 silly tar     path: 'ReactCommon/react/nativemodule/microtasks/NativeMicrotasks.h',
2132 silly tar     mode: 438,
2132 silly tar     uid: null,
2132 silly tar     gid: null,
2132 silly tar     uname: '',
2132 silly tar     gname: '',
2132 silly tar     size: 658,
2132 silly tar     mtime: 1985-10-26T08:15:00.000Z,
2132 silly tar     atime: null,
2132 silly tar     ctime: null,
2132 silly tar     linkpath: '',
2132 silly tar     absolute: 'C:/Users/Ansi/Desktop/FixNow/node_modules/react-native/ReactCommon/react/nativemodule/microtasks/NativeMicrotasks.h',
2132 silly tar     [Symbol(shapeMode)]: false,
2132 silly tar     [Symbol(kCapture)]: false,
2132 silly tar     [Symbol(flowing)]: false,
2132 silly tar     [Symbol(paused)]: true,
2132 silly tar     [Symbol(pipes)]: [ [Pipe] ],
2132 silly tar     [Symbol(buffer)]: [],
2132 silly tar     [Symbol(objectMode)]: false,
2132 silly tar     [Symbol(encoding)]: null,
2132 silly tar     [Symbol(async)]: false,
2132 silly tar     [Symbol(decoder)]: null,
2132 silly tar     [Symbol(EOF)]: true,
2132 silly tar     [Symbol(emittedEnd)]: true,
2132 silly tar     [Symbol(emittingEnd)]: false,
2132 silly tar     [Symbol(closed)]: false,
2132 silly tar     [Symbol(emittedError)]: null,
2132 silly tar     [Symbol(bufferLength)]: 0,
2132 silly tar     [Symbol(destroyed)]: false,
2132 silly tar     [Symbol(signal)]: undefined,
2132 silly tar     [Symbol(aborted)]: false
2132 silly tar   },
2132 silly tar   cwd: 'C:/Users/Ansi/Desktop/FixNow/node_modules/react-native',
2132 silly tar   tarCode: 'TAR_ENTRY_ERROR'
2132 silly tar }
2133 warn tar TAR_ENTRY_ERROR ENOENT: no such file or directory, open 'C:\Users\Ansi\Desktop\FixNow\node_modules\react-native\ReactCommon\reactperflogger\reactperflogger\NativeModulePerfLogger.h'
2134 silly tar TAR_ENTRY_ERROR ENOENT: no such file or directory, open 'C:\Users\Ansi\Desktop\FixNow\node_modules\react-native\ReactCommon\reactperflogger\reactperflogger\NativeModulePerfLogger.h' [Error: ENOENT: no such file or directory, open 'C:\Users\Ansi\Desktop\FixNow\node_modules\react-native\ReactCommon\reactperflogger\reactperflogger\NativeModulePerfLogger.h'] {
2134 silly tar   errno: -4058,
2134 silly tar   code: 'ENOENT',
2134 silly tar   syscall: 'open',
2134 silly tar   path: 'C:\\Users\\Ansi\\Desktop\\FixNow\\node_modules\\react-native\\ReactCommon\\reactperflogger\\reactperflogger\\NativeModulePerfLogger.h',
2134 silly tar   entry: ReadEntry {
2134 silly tar     _events: [Object: null prototype] { end: [Function (anonymous)] },
2134 silly tar     _eventsCount: 1,
2134 silly tar     _maxListeners: undefined,
2134 silly tar     writable: false,
2134 silly tar     readable: true,
2134 silly tar     extended: null,
2134 silly tar     globalExtended: null,
2134 silly tar     header: Header {
2134 silly tar       cksumValid: true,
2134 silly tar       needPax: false,
2134 silly tar       nullBlock: false,
2134 silly tar       block: null,
2134 silly tar       path: 'package/ReactCommon/reactperflogger/reactperflogger/NativeModulePerfLogger.h',
2134 silly tar       mode: 420,
2134 silly tar       uid: null,
2134 silly tar       gid: null,
2134 silly tar       size: 5912,
2134 silly tar       mtime: 1985-10-26T08:15:00.000Z,
2134 silly tar       cksum: 10592,
2134 silly tar       linkpath: '',
2134 silly tar       uname: '',
2134 silly tar       gname: '',
2134 silly tar       devmaj: 0,
2134 silly tar       devmin: 0,
2134 silly tar       atime: null,
2134 silly tar       ctime: null,
2134 silly tar       [Symbol(type)]: '0'
2134 silly tar     },
2134 silly tar     startBlockSize: 6144,
2134 silly tar     blockRemain: 0,
2134 silly tar     remain: 0,
2134 silly tar     type: 'File',
2134 silly tar     meta: false,
2134 silly tar     ignore: false,
2134 silly tar     path: 'ReactCommon/reactperflogger/reactperflogger/NativeModulePerfLogger.h',
2134 silly tar     mode: 438,
2134 silly tar     uid: null,
2134 silly tar     gid: null,
2134 silly tar     uname: '',
2134 silly tar     gname: '',
2134 silly tar     size: 5912,
2134 silly tar     mtime: 1985-10-26T08:15:00.000Z,
2134 silly tar     atime: null,
2134 silly tar     ctime: null,
2134 silly tar     linkpath: '',
2134 silly tar     absolute: 'C:/Users/Ansi/Desktop/FixNow/node_modules/react-native/ReactCommon/reactperflogger/reactperflogger/NativeModulePerfLogger.h',
2134 silly tar     [Symbol(shapeMode)]: false,
2134 silly tar     [Symbol(kCapture)]: false,
2134 silly tar     [Symbol(flowing)]: false,
2134 silly tar     [Symbol(paused)]: true,
2134 silly tar     [Symbol(pipes)]: [ [Pipe] ],
2134 silly tar     [Symbol(buffer)]: [
2134 silly tar       <Buffer 6d 65 74 68 6f 64 4e 61 6d 65 29 20 3d 20 30 3b 0a 20 20 76 69 72 74 75 61 6c 20 76 6f 69 64 20 73 79 6e 63 4d 65 74 68 6f 64 43 61 6c 6c 45 78 65 63 ... 2304 more bytes>
2134 silly tar     ],
2134 silly tar     [Symbol(objectMode)]: false,
2134 silly tar     [Symbol(encoding)]: null,
2134 silly tar     [Symbol(async)]: false,
2134 silly tar     [Symbol(decoder)]: null,
2134 silly tar     [Symbol(EOF)]: true,
2134 silly tar     [Symbol(emittedEnd)]: false,
2134 silly tar     [Symbol(emittingEnd)]: false,
2134 silly tar     [Symbol(closed)]: false,
2134 silly tar     [Symbol(emittedError)]: null,
2134 silly tar     [Symbol(bufferLength)]: 2354,
2134 silly tar     [Symbol(destroyed)]: false,
2134 silly tar     [Symbol(signal)]: undefined,
2134 silly tar     [Symbol(aborted)]: false
2134 silly tar   },
2134 silly tar   cwd: 'C:/Users/Ansi/Desktop/FixNow/node_modules/react-native',
2134 silly tar   tarCode: 'TAR_ENTRY_ERROR'
2134 silly tar }
2135 warn tar TAR_ENTRY_ERROR ENOENT: no such file or directory, open 'C:\Users\Ansi\Desktop\FixNow\node_modules\react-native\ReactCommon\react\nativemodule\mutationobserver\NativeMutationObserver.h'
2136 silly tar TAR_ENTRY_ERROR ENOENT: no such file or directory, open 'C:\Users\Ansi\Desktop\FixNow\node_modules\react-native\ReactCommon\react\nativemodule\mutationobserver\NativeMutationObserver.h' [Error: ENOENT: no such file or directory, open 'C:\Users\Ansi\Desktop\FixNow\node_modules\react-native\ReactCommon\react\nativemodule\mutationobserver\NativeMutationObserver.h'] {
2136 silly tar   errno: -4058,
2136 silly tar   code: 'ENOENT',
2136 silly tar   syscall: 'open',
2136 silly tar   path: 'C:\\Users\\Ansi\\Desktop\\FixNow\\node_modules\\react-native\\ReactCommon\\react\\nativemodule\\mutationobserver\\NativeMutationObserver.h',
2136 silly tar   entry: ReadEntry {
2136 silly tar     _events: [Object: null prototype] {},
2136 silly tar     _eventsCount: 0,
2136 silly tar     _maxListeners: undefined,
2136 silly tar     writable: false,
2136 silly tar     readable: false,
2136 silly tar     extended: null,
2136 silly tar     globalExtended: null,
2136 silly tar     header: Header {
2136 silly tar       cksumValid: true,
2136 silly tar       needPax: false,
2136 silly tar       nullBlock: false,
2136 silly tar       block: null,
2136 silly tar       path: 'package/ReactCommon/react/nativemodule/mutationobserver/NativeMutationObserver.h',
2136 silly tar       mode: 420,
2136 silly tar       uid: null,
2136 silly tar       gid: null,
2136 silly tar       size: 2966,
2136 silly tar       mtime: 1985-10-26T08:15:00.000Z,
2136 silly tar       cksum: 11098,
2136 silly tar       linkpath: '',
2136 silly tar       uname: '',
2136 silly tar       gname: '',
2136 silly tar       devmaj: 0,
2136 silly tar       devmin: 0,
2136 silly tar       atime: null,
2136 silly tar       ctime: null,
2136 silly tar       [Symbol(type)]: '0'
2136 silly tar     },
2136 silly tar     startBlockSize: 3072,
2136 silly tar     blockRemain: 0,
2136 silly tar     remain: 0,
2136 silly tar     type: 'File',
2136 silly tar     meta: false,
2136 silly tar     ignore: false,
2136 silly tar     path: 'ReactCommon/react/nativemodule/mutationobserver/NativeMutationObserver.h',
2136 silly tar     mode: 438,
2136 silly tar     uid: null,
2136 silly tar     gid: null,
2136 silly tar     uname: '',
2136 silly tar     gname: '',
2136 silly tar     size: 2966,
2136 silly tar     mtime: 1985-10-26T08:15:00.000Z,
2136 silly tar     atime: null,
2136 silly tar     ctime: null,
2136 silly tar     linkpath: '',
2136 silly tar     absolute: 'C:/Users/Ansi/Desktop/FixNow/node_modules/react-native/ReactCommon/react/nativemodule/mutationobserver/NativeMutationObserver.h',
2136 silly tar     [Symbol(shapeMode)]: false,
2136 silly tar     [Symbol(kCapture)]: false,
2136 silly tar     [Symbol(flowing)]: false,
2136 silly tar     [Symbol(paused)]: true,
2136 silly tar     [Symbol(pipes)]: [ [Pipe] ],
2136 silly tar     [Symbol(buffer)]: [],
2136 silly tar     [Symbol(objectMode)]: false,
2136 silly tar     [Symbol(encoding)]: null,
2136 silly tar     [Symbol(async)]: false,
2136 silly tar     [Symbol(decoder)]: null,
2136 silly tar     [Symbol(EOF)]: true,
2136 silly tar     [Symbol(emittedEnd)]: true,
2136 silly tar     [Symbol(emittingEnd)]: false,
2136 silly tar     [Symbol(closed)]: false,
2136 silly tar     [Symbol(emittedError)]: null,
2136 silly tar     [Symbol(bufferLength)]: 0,
2136 silly tar     [Symbol(destroyed)]: false,
2136 silly tar     [Symbol(signal)]: undefined,
2136 silly tar     [Symbol(aborted)]: false
2136 silly tar   },
2136 silly tar   cwd: 'C:/Users/Ansi/Desktop/FixNow/node_modules/react-native',
2136 silly tar   tarCode: 'TAR_ENTRY_ERROR'
2136 silly tar }
2137 warn tar TAR_ENTRY_ERROR ENOENT: no such file or directory, open 'C:\Users\Ansi\Desktop\FixNow\node_modules\react-native\ReactCommon\react\nativemodule\webperformance\NativePerformance.h'
2138 silly tar TAR_ENTRY_ERROR ENOENT: no such file or directory, open 'C:\Users\Ansi\Desktop\FixNow\node_modules\react-native\ReactCommon\react\nativemodule\webperformance\NativePerformance.h' [Error: ENOENT: no such file or directory, open 'C:\Users\Ansi\Desktop\FixNow\node_modules\react-native\ReactCommon\react\nativemodule\webperformance\NativePerformance.h'] {
2138 silly tar   errno: -4058,
2138 silly tar   code: 'ENOENT',
2138 silly tar   syscall: 'open',
2138 silly tar   path: 'C:\\Users\\Ansi\\Desktop\\FixNow\\node_modules\\react-native\\ReactCommon\\react\\nativemodule\\webperformance\\NativePerformance.h',
2138 silly tar   entry: ReadEntry {
2138 silly tar     _events: [Object: null prototype] {},
2138 silly tar     _eventsCount: 0,
2138 silly tar     _maxListeners: undefined,
2138 silly tar     writable: false,
2138 silly tar     readable: false,
2138 silly tar     extended: null,
2138 silly tar     globalExtended: null,
2138 silly tar     header: Header {
2138 silly tar       cksumValid: true,
2138 silly tar       needPax: false,
2138 silly tar       nullBlock: false,
2138 silly tar       block: null,
2138 silly tar       path: 'package/ReactCommon/react/nativemodule/webperformance/NativePerformance.h',
2138 silly tar       mode: 420,
2138 silly tar       uid: null,
2138 silly tar       gid: null,
2138 silly tar       size: 6774,
2138 silly tar       mtime: 1985-10-26T08:15:00.000Z,
2138 silly tar       cksum: 10282,
2138 silly tar       linkpath: '',
2138 silly tar       uname: '',
2138 silly tar       gname: '',
2138 silly tar       devmaj: 0,
2138 silly tar       devmin: 0,
2138 silly tar       atime: null,
2138 silly tar       ctime: null,
2138 silly tar       [Symbol(type)]: '0'
2138 silly tar     },
2138 silly tar     startBlockSize: 7168,
2138 silly tar     blockRemain: 0,
2138 silly tar     remain: 0,
2138 silly tar     type: 'File',
2138 silly tar     meta: false,
2138 silly tar     ignore: false,
2138 silly tar     path: 'ReactCommon/react/nativemodule/webperformance/NativePerformance.h',
2138 silly tar     mode: 438,
2138 silly tar     uid: null,
2138 silly tar     gid: null,
2138 silly tar     uname: '',
2138 silly tar     gname: '',
2138 silly tar     size: 6774,
2138 silly tar     mtime: 1985-10-26T08:15:00.000Z,
2138 silly tar     atime: null,
2138 silly tar     ctime: null,
2138 silly tar     linkpath: '',
2138 silly tar     absolute: 'C:/Users/Ansi/Desktop/FixNow/node_modules/react-native/ReactCommon/react/nativemodule/webperformance/NativePerformance.h',
2138 silly tar     [Symbol(shapeMode)]: false,
2138 silly tar     [Symbol(kCapture)]: false,
2138 silly tar     [Symbol(flowing)]: false,
2138 silly tar     [Symbol(paused)]: true,
2138 silly tar     [Symbol(pipes)]: [ [Pipe] ],
2138 silly tar     [Symbol(buffer)]: [],
2138 silly tar     [Symbol(objectMode)]: false,
2138 silly tar     [Symbol(encoding)]: null,
2138 silly tar     [Symbol(async)]: false,
2138 silly tar     [Symbol(decoder)]: null,
2138 silly tar     [Symbol(EOF)]: true,
2138 silly tar     [Symbol(emittedEnd)]: true,
2138 silly tar     [Symbol(emittingEnd)]: false,
2138 silly tar     [Symbol(closed)]: false,
2138 silly tar     [Symbol(emittedError)]: null,
2138 silly tar     [Symbol(bufferLength)]: 0,
2138 silly tar     [Symbol(destroyed)]: false,
2138 silly tar     [Symbol(signal)]: undefined,
2138 silly tar     [Symbol(aborted)]: false
2138 silly tar   },
2138 silly tar   cwd: 'C:/Users/Ansi/Desktop/FixNow/node_modules/react-native',
2138 silly tar   tarCode: 'TAR_ENTRY_ERROR'
2138 silly tar }
2139 warn tar TAR_ENTRY_ERROR ENOENT: no such file or directory, open 'C:\Users\Ansi\Desktop\FixNow\node_modules\react-native\ReactCommon\react\nativemodule\featureflags\NativeReactNativeFeatureFlags.h'
2140 silly tar TAR_ENTRY_ERROR ENOENT: no such file or directory, open 'C:\Users\Ansi\Desktop\FixNow\node_modules\react-native\ReactCommon\react\nativemodule\featureflags\NativeReactNativeFeatureFlags.h' [Error: ENOENT: no such file or directory, open 'C:\Users\Ansi\Desktop\FixNow\node_modules\react-native\ReactCommon\react\nativemodule\featureflags\NativeReactNativeFeatureFlags.h'] {
2140 silly tar   errno: -4058,
2140 silly tar   code: 'ENOENT',
2140 silly tar   syscall: 'open',
2140 silly tar   path: 'C:\\Users\\Ansi\\Desktop\\FixNow\\node_modules\\react-native\\ReactCommon\\react\\nativemodule\\featureflags\\NativeReactNativeFeatureFlags.h',
2140 silly tar   entry: ReadEntry {
2140 silly tar     _events: [Object: null prototype] { end: [Function (anonymous)] },
2140 silly tar     _eventsCount: 1,
2140 silly tar     _maxListeners: undefined,
2140 silly tar     writable: false,
2140 silly tar     readable: true,
2140 silly tar     extended: null,
2140 silly tar     globalExtended: null,
2140 silly tar     header: Header {
2140 silly tar       cksumValid: true,
2140 silly tar       needPax: false,
2140 silly tar       nullBlock: false,
2140 silly tar       block: null,
2140 silly tar       path: 'package/ReactCommon/react/nativemodule/featureflags/NativeReactNativeFeatureFlags.h',
2140 silly tar       mode: 420,
2140 silly tar       uid: null,
2140 silly tar       gid: null,
2140 silly tar       size: 4842,
2140 silly tar       mtime: 1985-10-26T08:15:00.000Z,
2140 silly tar       cksum: 11241,
2140 silly tar       linkpath: '',
2140 silly tar       uname: '',
2140 silly tar       gname: '',
2140 silly tar       devmaj: 0,
2140 silly tar       devmin: 0,
2140 silly tar       atime: null,
2140 silly tar       ctime: null,
2140 silly tar       [Symbol(type)]: '0'
2140 silly tar     },
2140 silly tar     startBlockSize: 5120,
2140 silly tar     blockRemain: 0,
2140 silly tar     remain: 0,
2140 silly tar     type: 'File',
2140 silly tar     meta: false,
2140 silly tar     ignore: false,
2140 silly tar     path: 'ReactCommon/react/nativemodule/featureflags/NativeReactNativeFeatureFlags.h',
2140 silly tar     mode: 438,
2140 silly tar     uid: null,
2140 silly tar     gid: null,
2140 silly tar     uname: '',
2140 silly tar     gname: '',
2140 silly tar     size: 4842,
2140 silly tar     mtime: 1985-10-26T08:15:00.000Z,
2140 silly tar     atime: null,
2140 silly tar     ctime: null,
2140 silly tar     linkpath: '',
2140 silly tar     absolute: 'C:/Users/Ansi/Desktop/FixNow/node_modules/react-native/ReactCommon/react/nativemodule/featureflags/NativeReactNativeFeatureFlags.h',
2140 silly tar     [Symbol(shapeMode)]: false,
2140 silly tar     [Symbol(kCapture)]: false,
2140 silly tar     [Symbol(flowing)]: false,
2140 silly tar     [Symbol(paused)]: true,
2140 silly tar     [Symbol(pipes)]: [ [Pipe] ],
2140 silly tar     [Symbol(buffer)]: [
2140 silly tar       <Buffer 6c 65 4d 65 61 73 75 72 65 6d 65 6e 74 46 69 78 41 6e 64 72 6f 69 64 28 6a 73 69 3a 3a 52 75 6e 74 69 6d 65 26 20 72 75 6e 74 69 6d 65 29 3b 0a 0a 20 ... 2770 more bytes>
2140 silly tar     ],
2140 silly tar     [Symbol(objectMode)]: false,
2140 silly tar     [Symbol(encoding)]: null,
2140 silly tar     [Symbol(async)]: false,
2140 silly tar     [Symbol(decoder)]: null,
2140 silly tar     [Symbol(EOF)]: true,
2140 silly tar     [Symbol(emittedEnd)]: false,
2140 silly tar     [Symbol(emittingEnd)]: false,
2140 silly tar     [Symbol(closed)]: false,
2140 silly tar     [Symbol(emittedError)]: null,
2140 silly tar     [Symbol(bufferLength)]: 2820,
2140 silly tar     [Symbol(destroyed)]: false,
2140 silly tar     [Symbol(signal)]: undefined,
2140 silly tar     [Symbol(aborted)]: false
2140 silly tar   },
2140 silly tar   cwd: 'C:/Users/Ansi/Desktop/FixNow/node_modules/react-native',
2140 silly tar   tarCode: 'TAR_ENTRY_ERROR'
2140 silly tar }
2141 warn tar TAR_ENTRY_ERROR ENOENT: no such file or directory, open 'C:\Users\Ansi\Desktop\FixNow\node_modules\react-native\ReactCommon\react\nativemodule\samples\ReactCommon\NativeSampleTurboCxxModuleSpecJSI.h'
2142 silly tar TAR_ENTRY_ERROR ENOENT: no such file or directory, open 'C:\Users\Ansi\Desktop\FixNow\node_modules\react-native\ReactCommon\react\nativemodule\samples\ReactCommon\NativeSampleTurboCxxModuleSpecJSI.h' [Error: ENOENT: no such file or directory, open 'C:\Users\Ansi\Desktop\FixNow\node_modules\react-native\ReactCommon\react\nativemodule\samples\ReactCommon\NativeSampleTurboCxxModuleSpecJSI.h'] {
2142 silly tar   errno: -4058,
2142 silly tar   code: 'ENOENT',
2142 silly tar   syscall: 'open',
2142 silly tar   path: 'C:\\Users\\Ansi\\Desktop\\FixNow\\node_modules\\react-native\\ReactCommon\\react\\nativemodule\\samples\\ReactCommon\\NativeSampleTurboCxxModuleSpecJSI.h',
2142 silly tar   entry: ReadEntry {
2142 silly tar     _events: [Object: null prototype] {},
2142 silly tar     _eventsCount: 0,
2142 silly tar     _maxListeners: undefined,
2142 silly tar     writable: false,
2142 silly tar     readable: false,
2142 silly tar     extended: null,
2142 silly tar     globalExtended: null,
2142 silly tar     header: Header {
2142 silly tar       cksumValid: true,
2142 silly tar       needPax: false,
2142 silly tar       nullBlock: false,
2142 silly tar       block: null,
2142 silly tar       path: 'package/ReactCommon/react/nativemodule/samples/ReactCommon/NativeSampleTurboCxxModuleSpecJSI.h',
2142 silly tar       mode: 420,
2142 silly tar       uid: null,
2142 silly tar       gid: null,
2142 silly tar       size: 1417,
2142 silly tar       mtime: 1985-10-26T08:15:00.000Z,
2142 silly tar       cksum: 12243,
2142 silly tar       linkpath: '',
2142 silly tar       uname: '',
2142 silly tar       gname: '',
2142 silly tar       devmaj: 0,
2142 silly tar       devmin: 0,
2142 silly tar       atime: null,
2142 silly tar       ctime: null,
2142 silly tar       [Symbol(type)]: '0'
2142 silly tar     },
2142 silly tar     startBlockSize: 1536,
2142 silly tar     blockRemain: 0,
2142 silly tar     remain: 0,
2142 silly tar     type: 'File',
2142 silly tar     meta: false,
2142 silly tar     ignore: false,
2142 silly tar     path: 'ReactCommon/react/nativemodule/samples/ReactCommon/NativeSampleTurboCxxModuleSpecJSI.h',
2142 silly tar     mode: 438,
2142 silly tar     uid: null,
2142 silly tar     gid: null,
2142 silly tar     uname: '',
2142 silly tar     gname: '',
2142 silly tar     size: 1417,
2142 silly tar     mtime: 1985-10-26T08:15:00.000Z,
2142 silly tar     atime: null,
2142 silly tar     ctime: null,
2142 silly tar     linkpath: '',
2142 silly tar     absolute: 'C:/Users/Ansi/Desktop/FixNow/node_modules/react-native/ReactCommon/react/nativemodule/samples/ReactCommon/NativeSampleTurboCxxModuleSpecJSI.h',
2142 silly tar     [Symbol(shapeMode)]: false,
2142 silly tar     [Symbol(kCapture)]: false,
2142 silly tar     [Symbol(flowing)]: false,
2142 silly tar     [Symbol(paused)]: true,
2142 silly tar     [Symbol(pipes)]: [ [Pipe] ],
2142 silly tar     [Symbol(buffer)]: [],
2142 silly tar     [Symbol(objectMode)]: false,
2142 silly tar     [Symbol(encoding)]: null,
2142 silly tar     [Symbol(async)]: false,
2142 silly tar     [Symbol(decoder)]: null,
2142 silly tar     [Symbol(EOF)]: true,
2142 silly tar     [Symbol(emittedEnd)]: true,
2142 silly tar     [Symbol(emittingEnd)]: false,
2142 silly tar     [Symbol(closed)]: false,
2142 silly tar     [Symbol(emittedError)]: null,
2142 silly tar     [Symbol(bufferLength)]: 0,
2142 silly tar     [Symbol(destroyed)]: false,
2142 silly tar     [Symbol(signal)]: undefined,
2142 silly tar     [Symbol(aborted)]: false
2142 silly tar   },
2142 silly tar   cwd: 'C:/Users/Ansi/Desktop/FixNow/node_modules/react-native',
2142 silly tar   tarCode: 'TAR_ENTRY_ERROR'
2142 silly tar }
2143 warn tar TAR_ENTRY_ERROR ENOENT: no such file or directory, open 'C:\Users\Ansi\Desktop\FixNow\node_modules\react-native\ReactCommon\jsinspector-modern\NetworkIOAgent.h'
2144 silly tar TAR_ENTRY_ERROR ENOENT: no such file or directory, open 'C:\Users\Ansi\Desktop\FixNow\node_modules\react-native\ReactCommon\jsinspector-modern\NetworkIOAgent.h' [Error: ENOENT: no such file or directory, open 'C:\Users\Ansi\Desktop\FixNow\node_modules\react-native\ReactCommon\jsinspector-modern\NetworkIOAgent.h'] {
2144 silly tar   errno: -4058,
2144 silly tar   code: 'ENOENT',
2144 silly tar   syscall: 'open',
2144 silly tar   path: 'C:\\Users\\Ansi\\Desktop\\FixNow\\node_modules\\react-native\\ReactCommon\\jsinspector-modern\\NetworkIOAgent.h',
2144 silly tar   entry: ReadEntry {
2144 silly tar     _events: [Object: null prototype] { end: [Function (anonymous)] },
2144 silly tar     _eventsCount: 1,
2144 silly tar     _maxListeners: undefined,
2144 silly tar     writable: false,
2144 silly tar     readable: true,
2144 silly tar     extended: null,
2144 silly tar     globalExtended: null,
2144 silly tar     header: Header {
2144 silly tar       cksumValid: true,
2144 silly tar       needPax: false,
2144 silly tar       nullBlock: false,
2144 silly tar       block: null,
2144 silly tar       path: 'package/ReactCommon/jsinspector-modern/NetworkIOAgent.h',
2144 silly tar       mode: 420,
2144 silly tar       uid: null,
2144 silly tar       gid: null,
2144 silly tar       size: 8899,
2144 silly tar       mtime: 1985-10-26T08:15:00.000Z,
2144 silly tar       cksum: 8404,
2144 silly tar       linkpath: '',
2144 silly tar       uname: '',
2144 silly tar       gname: '',
2144 silly tar       devmaj: 0,
2144 silly tar       devmin: 0,
2144 silly tar       atime: null,
2144 silly tar       ctime: null,
2144 silly tar       [Symbol(type)]: '0'
2144 silly tar     },
2144 silly tar     startBlockSize: 9216,
2144 silly tar     blockRemain: 0,
2144 silly tar     remain: 0,
2144 silly tar     type: 'File',
2144 silly tar     meta: false,
2144 silly tar     ignore: false,
2144 silly tar     path: 'ReactCommon/jsinspector-modern/NetworkIOAgent.h',
2144 silly tar     mode: 438,
2144 silly tar     uid: null,
2144 silly tar     gid: null,
2144 silly tar     uname: '',
2144 silly tar     gname: '',
2144 silly tar     size: 8899,
2144 silly tar     mtime: 1985-10-26T08:15:00.000Z,
2144 silly tar     atime: null,
2144 silly tar     ctime: null,
2144 silly tar     linkpath: '',
2144 silly tar     absolute: 'C:/Users/Ansi/Desktop/FixNow/node_modules/react-native/ReactCommon/jsinspector-modern/NetworkIOAgent.h',
2144 silly tar     [Symbol(shapeMode)]: false,
2144 silly tar     [Symbol(kCapture)]: false,
2144 silly tar     [Symbol(flowing)]: false,
2144 silly tar     [Symbol(paused)]: true,
2144 silly tar     [Symbol(pipes)]: [ [Pipe] ],
2144 silly tar     [Symbol(buffer)]: [
2144 silly tar       <Buffer 20 49 6d 70 6c 65 6d 65 6e 74 61 74 69 6f 6e 73 0a 20 20 20 2a 20 2a 73 68 6f 75 6c 64 2a 20 63 61 6c 6c 20 6c 69 73 74 65 6e 65 72 2d 3e 73 65 74 43 ... 3243 more bytes>
2144 silly tar     ],
2144 silly tar     [Symbol(objectMode)]: false,
2144 silly tar     [Symbol(encoding)]: null,
2144 silly tar     [Symbol(async)]: false,
2144 silly tar     [Symbol(decoder)]: null,
2144 silly tar     [Symbol(EOF)]: true,
2144 silly tar     [Symbol(emittedEnd)]: false,
2144 silly tar     [Symbol(emittingEnd)]: false,
2144 silly tar     [Symbol(closed)]: false,
2144 silly tar     [Symbol(emittedError)]: null,
2144 silly tar     [Symbol(bufferLength)]: 3293,
2144 silly tar     [Symbol(destroyed)]: false,
2144 silly tar     [Symbol(signal)]: undefined,
2144 silly tar     [Symbol(aborted)]: false
2144 silly tar   },
2144 silly tar   cwd: 'C:/Users/Ansi/Desktop/FixNow/node_modules/react-native',
2144 silly tar   tarCode: 'TAR_ENTRY_ERROR'
2144 silly tar }
2145 warn tar TAR_ENTRY_ERROR ENOENT: no such file or directory, open 'C:\Users\Ansi\Desktop\FixNow\node_modules\react-native\ReactCommon\jsinspector-modern\network\NetworkReporter.h'
2146 silly tar TAR_ENTRY_ERROR ENOENT: no such file or directory, open 'C:\Users\Ansi\Desktop\FixNow\node_modules\react-native\ReactCommon\jsinspector-modern\network\NetworkReporter.h' [Error: ENOENT: no such file or directory, open 'C:\Users\Ansi\Desktop\FixNow\node_modules\react-native\ReactCommon\jsinspector-modern\network\NetworkReporter.h'] {
2146 silly tar   errno: -4058,
2146 silly tar   code: 'ENOENT',
2146 silly tar   syscall: 'open',
2146 silly tar   path: 'C:\\Users\\Ansi\\Desktop\\FixNow\\node_modules\\react-native\\ReactCommon\\jsinspector-modern\\network\\NetworkReporter.h',
2146 silly tar   entry: ReadEntry {
2146 silly tar     _events: [Object: null prototype] {},
2146 silly tar     _eventsCount: 0,
2146 silly tar     _maxListeners: undefined,
2146 silly tar     writable: false,
2146 silly tar     readable: false,
2146 silly tar     extended: null,
2146 silly tar     globalExtended: null,
2146 silly tar     header: Header {
2146 silly tar       cksumValid: true,
2146 silly tar       needPax: false,
2146 silly tar       nullBlock: false,
2146 silly tar       block: null,
2146 silly tar       path: 'package/ReactCommon/jsinspector-modern/network/NetworkReporter.h',
2146 silly tar       mode: 420,
2146 silly tar       uid: null,
2146 silly tar       gid: null,
2146 silly tar       size: 6769,
2146 silly tar       mtime: 1985-10-26T08:15:00.000Z,
2146 silly tar       cksum: 9438,
2146 silly tar       linkpath: '',
2146 silly tar       uname: '',
2146 silly tar       gname: '',
2146 silly tar       devmaj: 0,
2146 silly tar       devmin: 0,
2146 silly tar       atime: null,
2146 silly tar       ctime: null,
2146 silly tar       [Symbol(type)]: '0'
2146 silly tar     },
2146 silly tar     startBlockSize: 7168,
2146 silly tar     blockRemain: 0,
2146 silly tar     remain: 0,
2146 silly tar     type: 'File',
2146 silly tar     meta: false,
2146 silly tar     ignore: false,
2146 silly tar     path: 'ReactCommon/jsinspector-modern/network/NetworkReporter.h',
2146 silly tar     mode: 438,
2146 silly tar     uid: null,
2146 silly tar     gid: null,
2146 silly tar     uname: '',
2146 silly tar     gname: '',
2146 silly tar     size: 6769,
2146 silly tar     mtime: 1985-10-26T08:15:00.000Z,
2146 silly tar     atime: null,
2146 silly tar     ctime: null,
2146 silly tar     linkpath: '',
2146 silly tar     absolute: 'C:/Users/Ansi/Desktop/FixNow/node_modules/react-native/ReactCommon/jsinspector-modern/network/NetworkReporter.h',
2146 silly tar     [Symbol(shapeMode)]: false,
2146 silly tar     [Symbol(kCapture)]: false,
2146 silly tar     [Symbol(flowing)]: false,
2146 silly tar     [Symbol(paused)]: true,
2146 silly tar     [Symbol(pipes)]: [ [Pipe] ],
2146 silly tar     [Symbol(buffer)]: [],
2146 silly tar     [Symbol(objectMode)]: false,
2146 silly tar     [Symbol(encoding)]: null,
2146 silly tar     [Symbol(async)]: false,
2146 silly tar     [Symbol(decoder)]: null,
2146 silly tar     [Symbol(EOF)]: true,
2146 silly tar     [Symbol(emittedEnd)]: true,
2146 silly tar     [Symbol(emittingEnd)]: false,
2146 silly tar     [Symbol(closed)]: false,
2146 silly tar     [Symbol(emittedError)]: null,
2146 silly tar     [Symbol(bufferLength)]: 0,
2146 silly tar     [Symbol(destroyed)]: false,
2146 silly tar     [Symbol(signal)]: undefined,
2146 silly tar     [Symbol(aborted)]: false
2146 silly tar   },
2146 silly tar   cwd: 'C:/Users/Ansi/Desktop/FixNow/node_modules/react-native',
2146 silly tar   tarCode: 'TAR_ENTRY_ERROR'
2146 silly tar }
2147 warn tar TAR_ENTRY_ERROR ENOENT: no such file or directory, open 'C:\Users\Ansi\Desktop\FixNow\node_modules\react-native\ReactCommon\jsinspector-modern\network\NetworkTypes.h'
2148 silly tar TAR_ENTRY_ERROR ENOENT: no such file or directory, open 'C:\Users\Ansi\Desktop\FixNow\node_modules\react-native\ReactCommon\jsinspector-modern\network\NetworkTypes.h' [Error: ENOENT: no such file or directory, open 'C:\Users\Ansi\Desktop\FixNow\node_modules\react-native\ReactCommon\jsinspector-modern\network\NetworkTypes.h'] {
2148 silly tar   errno: -4058,
2148 silly tar   code: 'ENOENT',
2148 silly tar   syscall: 'open',
2148 silly tar   path: 'C:\\Users\\Ansi\\Desktop\\FixNow\\node_modules\\react-native\\ReactCommon\\jsinspector-modern\\network\\NetworkTypes.h',
2148 silly tar   entry: ReadEntry {
2148 silly tar     _events: [Object: null prototype] {},
2148 silly tar     _eventsCount: 0,
2148 silly tar     _maxListeners: undefined,
2148 silly tar     writable: false,
2148 silly tar     readable: false,
2148 silly tar     extended: null,
2148 silly tar     globalExtended: null,
2148 silly tar     header: Header {
2148 silly tar       cksumValid: true,
2148 silly tar       needPax: false,
2148 silly tar       nullBlock: false,
2148 silly tar       block: null,
2148 silly tar       path: 'package/ReactCommon/jsinspector-modern/network/NetworkTypes.h',
2148 silly tar       mode: 420,
2148 silly tar       uid: null,
2148 silly tar       gid: null,
2148 silly tar       size: 864,
2148 silly tar       mtime: 1985-10-26T08:15:00.000Z,
2148 silly tar       cksum: 9116,
2148 silly tar       linkpath: '',
2148 silly tar       uname: '',
2148 silly tar       gname: '',
2148 silly tar       devmaj: 0,
2148 silly tar       devmin: 0,
2148 silly tar       atime: null,
2148 silly tar       ctime: null,
2148 silly tar       [Symbol(type)]: '0'
2148 silly tar     },
2148 silly tar     startBlockSize: 1024,
2148 silly tar     blockRemain: 0,
2148 silly tar     remain: 0,
2148 silly tar     type: 'File',
2148 silly tar     meta: false,
2148 silly tar     ignore: false,
2148 silly tar     path: 'ReactCommon/jsinspector-modern/network/NetworkTypes.h',
2148 silly tar     mode: 438,
2148 silly tar     uid: null,
2148 silly tar     gid: null,
2148 silly tar     uname: '',
2148 silly tar     gname: '',
2148 silly tar     size: 864,
2148 silly tar     mtime: 1985-10-26T08:15:00.000Z,
2148 silly tar     atime: null,
2148 silly tar     ctime: null,
2148 silly tar     linkpath: '',
2148 silly tar     absolute: 'C:/Users/Ansi/Desktop/FixNow/node_modules/react-native/ReactCommon/jsinspector-modern/network/NetworkTypes.h',
2148 silly tar     [Symbol(shapeMode)]: false,
2148 silly tar     [Symbol(kCapture)]: false,
2148 silly tar     [Symbol(flowing)]: false,
2148 silly tar     [Symbol(paused)]: true,
2148 silly tar     [Symbol(pipes)]: [ [Pipe] ],
2148 silly tar     [Symbol(buffer)]: [],
2148 silly tar     [Symbol(objectMode)]: false,
2148 silly tar     [Symbol(encoding)]: null,
2148 silly tar     [Symbol(async)]: false,
2148 silly tar     [Symbol(decoder)]: null,
2148 silly tar     [Symbol(EOF)]: true,
2148 silly tar     [Symbol(emittedEnd)]: true,
2148 silly tar     [Symbol(emittingEnd)]: false,
2148 silly tar     [Symbol(closed)]: false,
2148 silly tar     [Symbol(emittedError)]: null,
2148 silly tar     [Symbol(bufferLength)]: 0,
2148 silly tar     [Symbol(destroyed)]: false,
2148 silly tar     [Symbol(signal)]: undefined,
2148 silly tar     [Symbol(aborted)]: false
2148 silly tar   },
2148 silly tar   cwd: 'C:/Users/Ansi/Desktop/FixNow/node_modules/react-native',
2148 silly tar   tarCode: 'TAR_ENTRY_ERROR'
2148 silly tar }
2149 warn tar TAR_ENTRY_ERROR ENOENT: no such file or directory, open 'C:\Users\Ansi\Desktop\FixNow\node_modules\react-native\ReactCommon\yoga\yoga\node\Node.h'
2150 silly tar TAR_ENTRY_ERROR ENOENT: no such file or directory, open 'C:\Users\Ansi\Desktop\FixNow\node_modules\react-native\ReactCommon\yoga\yoga\node\Node.h' [Error: ENOENT: no such file or directory, open 'C:\Users\Ansi\Desktop\FixNow\node_modules\react-native\ReactCommon\yoga\yoga\node\Node.h'] {
2150 silly tar   errno: -4058,
2150 silly tar   code: 'ENOENT',
2150 silly tar   syscall: 'open',
2150 silly tar   path: 'C:\\Users\\Ansi\\Desktop\\FixNow\\node_modules\\react-native\\ReactCommon\\yoga\\yoga\\node\\Node.h',
2150 silly tar   entry: ReadEntry {
2150 silly tar     _events: [Object: null prototype] { end: [Function (anonymous)] },
2150 silly tar     _eventsCount: 1,
2150 silly tar     _maxListeners: undefined,
2150 silly tar     writable: false,
2150 silly tar     readable: true,
2150 silly tar     extended: null,
2150 silly tar     globalExtended: null,
2150 silly tar     header: Header {
2150 silly tar       cksumValid: true,
2150 silly tar       needPax: false,
2150 silly tar       nullBlock: false,
2150 silly tar       block: null,
2150 silly tar       path: 'package/ReactCommon/yoga/yoga/node/Node.h',
2150 silly tar       mode: 420,
2150 silly tar       uid: null,
2150 silly tar       gid: null,
2150 silly tar       size: 8969,
2150 silly tar       mtime: 1985-10-26T08:15:00.000Z,
2150 silly tar       cksum: 6887,
2150 silly tar       linkpath: '',
2150 silly tar       uname: '',
2150 silly tar       gname: '',
2150 silly tar       devmaj: 0,
2150 silly tar       devmin: 0,
2150 silly tar       atime: null,
2150 silly tar       ctime: null,
2150 silly tar       [Symbol(type)]: '0'
2150 silly tar     },
2150 silly tar     startBlockSize: 9216,
2150 silly tar     blockRemain: 0,
2150 silly tar     remain: 0,
2150 silly tar     type: 'File',
2150 silly tar     meta: false,
2150 silly tar     ignore: false,
2150 silly tar     path: 'ReactCommon/yoga/yoga/node/Node.h',
2150 silly tar     mode: 438,
2150 silly tar     uid: null,
2150 silly tar     gid: null,
2150 silly tar     uname: '',
2150 silly tar     gname: '',
2150 silly tar     size: 8969,
2150 silly tar     mtime: 1985-10-26T08:15:00.000Z,
2150 silly tar     atime: null,
2150 silly tar     ctime: null,
2150 silly tar     linkpath: '',
2150 silly tar     absolute: 'C:/Users/Ansi/Desktop/FixNow/node_modules/react-native/ReactCommon/yoga/yoga/node/Node.h',
2150 silly tar     [Symbol(shapeMode)]: false,
2150 silly tar     [Symbol(kCapture)]: false,
2150 silly tar     [Symbol(flowing)]: false,
2150 silly tar     [Symbol(paused)]: true,
2150 silly tar     [Symbol(pipes)]: [ [Pipe] ],
2150 silly tar     [Symbol(buffer)]: [
2150 silly tar       <Buffer 65 28 29 20 63 6f 6e 73 74 20 7b 0a 20 20 20 20 72 65 74 75 72 6e 20 69 73 52 65 66 65 72 65 6e 63 65 42 61 73 65 6c 69 6e 65 5f 3b 0a 20 20 7d 0a 0a ... 5873 more bytes>
2150 silly tar     ],
2150 silly tar     [Symbol(objectMode)]: false,
2150 silly tar     [Symbol(encoding)]: null,
2150 silly tar     [Symbol(async)]: false,
2150 silly tar     [Symbol(decoder)]: null,
2150 silly tar     [Symbol(EOF)]: true,
2150 silly tar     [Symbol(emittedEnd)]: false,
2150 silly tar     [Symbol(emittingEnd)]: false,
2150 silly tar     [Symbol(closed)]: false,
2150 silly tar     [Symbol(emittedError)]: null,
2150 silly tar     [Symbol(bufferLength)]: 5923,
2150 silly tar     [Symbol(destroyed)]: false,
2150 silly tar     [Symbol(signal)]: undefined,
2150 silly tar     [Symbol(aborted)]: false
2150 silly tar   },
2150 silly tar   cwd: 'C:/Users/Ansi/Desktop/FixNow/node_modules/react-native',
2150 silly tar   tarCode: 'TAR_ENTRY_ERROR'
2150 silly tar }
2151 warn tar TAR_ENTRY_ERROR ENOENT: no such file or directory, open 'C:\Users\Ansi\Desktop\FixNow\node_modules\react-native\ReactCommon\yoga\yoga\enums\NodeType.h'
2152 silly tar TAR_ENTRY_ERROR ENOENT: no such file or directory, open 'C:\Users\Ansi\Desktop\FixNow\node_modules\react-native\ReactCommon\yoga\yoga\enums\NodeType.h' [Error: ENOENT: no such file or directory, open 'C:\Users\Ansi\Desktop\FixNow\node_modules\react-native\ReactCommon\yoga\yoga\enums\NodeType.h'] {
2152 silly tar   errno: -4058,
2152 silly tar   code: 'ENOENT',
2152 silly tar   syscall: 'open',
2152 silly tar   path: 'C:\\Users\\Ansi\\Desktop\\FixNow\\node_modules\\react-native\\ReactCommon\\yoga\\yoga\\enums\\NodeType.h',
2152 silly tar   entry: ReadEntry {
2152 silly tar     _events: [Object: null prototype] {},
2152 silly tar     _eventsCount: 0,
2152 silly tar     _maxListeners: undefined,
2152 silly tar     writable: false,
2152 silly tar     readable: false,
2152 silly tar     extended: null,
2152 silly tar     globalExtended: null,
2152 silly tar     header: Header {
2152 silly tar       cksumValid: true,
2152 silly tar       needPax: false,
2152 silly tar       nullBlock: false,
2152 silly tar       block: null,
2152 silly tar       path: 'package/ReactCommon/yoga/yoga/enums/NodeType.h',
2152 silly tar       mode: 420,
2152 silly tar       uid: null,
2152 silly tar       gid: null,
2152 silly tar       size: 840,
2152 silly tar       mtime: 1985-10-26T08:15:00.000Z,
2152 silly tar       cksum: 7433,
2152 silly tar       linkpath: '',
2152 silly tar       uname: '',
2152 silly tar       gname: '',
2152 silly tar       devmaj: 0,
2152 silly tar       devmin: 0,
2152 silly tar       atime: null,
2152 silly tar       ctime: null,
2152 silly tar       [Symbol(type)]: '0'
2152 silly tar     },
2152 silly tar     startBlockSize: 1024,
2152 silly tar     blockRemain: 0,
2152 silly tar     remain: 0,
2152 silly tar     type: 'File',
2152 silly tar     meta: false,
2152 silly tar     ignore: false,
2152 silly tar     path: 'ReactCommon/yoga/yoga/enums/NodeType.h',
2152 silly tar     mode: 438,
2152 silly tar     uid: null,
2152 silly tar     gid: null,
2152 silly tar     uname: '',
2152 silly tar     gname: '',
2152 silly tar     size: 840,
2152 silly tar     mtime: 1985-10-26T08:15:00.000Z,
2152 silly tar     atime: null,
2152 silly tar     ctime: null,
2152 silly tar     linkpath: '',
2152 silly tar     absolute: 'C:/Users/Ansi/Desktop/FixNow/node_modules/react-native/ReactCommon/yoga/yoga/enums/NodeType.h',
2152 silly tar     [Symbol(shapeMode)]: false,
2152 silly tar     [Symbol(kCapture)]: false,
2152 silly tar     [Symbol(flowing)]: false,
2152 silly tar     [Symbol(paused)]: true,
2152 silly tar     [Symbol(pipes)]: [ [Pipe] ],
2152 silly tar     [Symbol(buffer)]: [],
2152 silly tar     [Symbol(objectMode)]: false,
2152 silly tar     [Symbol(encoding)]: null,
2152 silly tar     [Symbol(async)]: false,
2152 silly tar     [Symbol(decoder)]: null,
2152 silly tar     [Symbol(EOF)]: true,
2152 silly tar     [Symbol(emittedEnd)]: true,
2152 silly tar     [Symbol(emittingEnd)]: false,
2152 silly tar     [Symbol(closed)]: false,
2152 silly tar     [Symbol(emittedError)]: null,
2152 silly tar     [Symbol(bufferLength)]: 0,
2152 silly tar     [Symbol(destroyed)]: false,
2152 silly tar     [Symbol(signal)]: undefined,
2152 silly tar     [Symbol(aborted)]: false
2152 silly tar   },
2152 silly tar   cwd: 'C:/Users/Ansi/Desktop/FixNow/node_modules/react-native',
2152 silly tar   tarCode: 'TAR_ENTRY_ERROR'
2152 silly tar }
2153 warn tar TAR_ENTRY_ERROR ENOENT: no such file or directory, open 'C:\Users\Ansi\Desktop\FixNow\node_modules\react-native\ReactCommon\react\bridging\Number.h'
2154 silly tar TAR_ENTRY_ERROR ENOENT: no such file or directory, open 'C:\Users\Ansi\Desktop\FixNow\node_modules\react-native\ReactCommon\react\bridging\Number.h' [Error: ENOENT: no such file or directory, open 'C:\Users\Ansi\Desktop\FixNow\node_modules\react-native\ReactCommon\react\bridging\Number.h'] {
2154 silly tar   errno: -4058,
2154 silly tar   code: 'ENOENT',
2154 silly tar   syscall: 'open',
2154 silly tar   path: 'C:\\Users\\Ansi\\Desktop\\FixNow\\node_modules\\react-native\\ReactCommon\\react\\bridging\\Number.h',
2154 silly tar   entry: ReadEntry {
2154 silly tar     _events: [Object: null prototype] {},
2154 silly tar     _eventsCount: 0,
2154 silly tar     _maxListeners: undefined,
2154 silly tar     writable: false,
2154 silly tar     readable: false,
2154 silly tar     extended: null,
2154 silly tar     globalExtended: null,
2154 silly tar     header: Header {
2154 silly tar       cksumValid: true,
2154 silly tar       needPax: false,
2154 silly tar       nullBlock: false,
2154 silly tar       block: null,
2154 silly tar       path: 'package/ReactCommon/react/bridging/Number.h',
2154 silly tar       mode: 420,
2154 silly tar       uid: null,
2154 silly tar       gid: null,
2154 silly tar       size: 1291,
2154 silly tar       mtime: 1985-10-26T08:15:00.000Z,
2154 silly tar       cksum: 7147,
2154 silly tar       linkpath: '',
2154 silly tar       uname: '',
2154 silly tar       gname: '',
2154 silly tar       devmaj: 0,
2154 silly tar       devmin: 0,
2154 silly tar       atime: null,
2154 silly tar       ctime: null,
2154 silly tar       [Symbol(type)]: '0'
2154 silly tar     },
2154 silly tar     startBlockSize: 1536,
2154 silly tar     blockRemain: 0,
2154 silly tar     remain: 0,
2154 silly tar     type: 'File',
2154 silly tar     meta: false,
2154 silly tar     ignore: false,
2154 silly tar     path: 'ReactCommon/react/bridging/Number.h',
2154 silly tar     mode: 438,
2154 silly tar     uid: null,
2154 silly tar     gid: null,
2154 silly tar     uname: '',
2154 silly tar     gname: '',
2154 silly tar     size: 1291,
2154 silly tar     mtime: 1985-10-26T08:15:00.000Z,
2154 silly tar     atime: null,
2154 silly tar     ctime: null,
2154 silly tar     linkpath: '',
2154 silly tar     absolute: 'C:/Users/Ansi/Desktop/FixNow/node_modules/react-native/ReactCommon/react/bridging/Number.h',
2154 silly tar     [Symbol(shapeMode)]: false,
2154 silly tar     [Symbol(kCapture)]: false,
2154 silly tar     [Symbol(flowing)]: false,
2154 silly tar     [Symbol(paused)]: true,
2154 silly tar     [Symbol(pipes)]: [ [Pipe] ],
2154 silly tar     [Symbol(buffer)]: [],
2154 silly tar     [Symbol(objectMode)]: false,
2154 silly tar     [Symbol(encoding)]: null,
2154 silly tar     [Symbol(async)]: false,
2154 silly tar     [Symbol(decoder)]: null,
2154 silly tar     [Symbol(EOF)]: true,
2154 silly tar     [Symbol(emittedEnd)]: true,
2154 silly tar     [Symbol(emittingEnd)]: false,
2154 silly tar     [Symbol(closed)]: false,
2154 silly tar     [Symbol(emittedError)]: null,
2154 silly tar     [Symbol(bufferLength)]: 0,
2154 silly tar     [Symbol(destroyed)]: false,
2154 silly tar     [Symbol(signal)]: undefined,
2154 silly tar     [Symbol(aborted)]: false
2154 silly tar   },
2154 silly tar   cwd: 'C:/Users/Ansi/Desktop/FixNow/node_modules/react-native',
2154 silly tar   tarCode: 'TAR_ENTRY_ERROR'
2154 silly tar }
2155 warn tar TAR_ENTRY_ERROR ENOENT: no such file or directory, lstat 'C:\Users\Ansi\Desktop\FixNow\node_modules\react-native\ReactCommon\react\runtime\platform'
2156 silly tar TAR_ENTRY_ERROR ENOENT: no such file or directory, lstat 'C:\Users\Ansi\Desktop\FixNow\node_modules\react-native\ReactCommon\react\runtime\platform' [Error: ENOENT: no such file or directory, lstat 'C:\Users\Ansi\Desktop\FixNow\node_modules\react-native\ReactCommon\react\runtime\platform'] {
2156 silly tar   errno: -4058,
2156 silly tar   code: 'ENOENT',
2156 silly tar   syscall: 'lstat',
2156 silly tar   path: 'C:/Users/Ansi/Desktop/FixNow/node_modules/react-native/ReactCommon/react/runtime/platform',
2156 silly tar   entry: ReadEntry {
2156 silly tar     _events: [Object: null prototype] { end: [Function (anonymous)] },
2156 silly tar     _eventsCount: 1,
2156 silly tar     _maxListeners: undefined,
2156 silly tar     writable: false,
2156 silly tar     readable: true,
2156 silly tar     extended: null,
2156 silly tar     globalExtended: null,
2156 silly tar     header: Header {
2156 silly tar       cksumValid: true,
2156 silly tar       needPax: false,
2156 silly tar       nullBlock: false,
2156 silly tar       block: null,
2156 silly tar       path: 'package/ReactCommon/react/runtime/platform/ios/ReactCommon/ObjCTimerRegistry.h',
2156 silly tar       mode: 420,
2156 silly tar       uid: null,
2156 silly tar       gid: null,
2156 silly tar       size: 998,
2156 silly tar       mtime: 1985-10-26T08:15:00.000Z,
2156 silly tar       cksum: 10645,
2156 silly tar       linkpath: '',
2156 silly tar       uname: '',
2156 silly tar       gname: '',
2156 silly tar       devmaj: 0,
2156 silly tar       devmin: 0,
2156 silly tar       atime: null,
2156 silly tar       ctime: null,
2156 silly tar       [Symbol(type)]: '0'
2156 silly tar     },
2156 silly tar     startBlockSize: 1024,
2156 silly tar     blockRemain: 0,
2156 silly tar     remain: 0,
2156 silly tar     type: 'File',
2156 silly tar     meta: false,
2156 silly tar     ignore: false,
2156 silly tar     path: 'ReactCommon/react/runtime/platform/ios/ReactCommon/ObjCTimerRegistry.h',
2156 silly tar     mode: 438,
2156 silly tar     uid: null,
2156 silly tar     gid: null,
2156 silly tar     uname: '',
2156 silly tar     gname: '',
2156 silly tar     size: 998,
2156 silly tar     mtime: 1985-10-26T08:15:00.000Z,
2156 silly tar     atime: null,
2156 silly tar     ctime: null,
2156 silly tar     linkpath: '',
2156 silly tar     absolute: 'C:/Users/Ansi/Desktop/FixNow/node_modules/react-native/ReactCommon/react/runtime/platform/ios/ReactCommon/ObjCTimerRegistry.h',
2156 silly tar     [Symbol(shapeMode)]: false,
2156 silly tar     [Symbol(kCapture)]: false,
2156 silly tar     [Symbol(flowing)]: false,
2156 silly tar     [Symbol(paused)]: true,
2156 silly tar     [Symbol(pipes)]: [],
2156 silly tar     [Symbol(buffer)]: [
2156 silly tar       <Buffer 2f 2a 0a 20 2a 20 43 6f 70 79 72 69 67 68 74 20 28 63 29 20 4d 65 74 61 20 50 6c 61 74 66 6f 72 6d 73 2c 20 49 6e 63 2e 20 61 6e 64 20 61 66 66 69 6c ... 948 more bytes>
2156 silly tar     ],
2156 silly tar     [Symbol(objectMode)]: false,
2156 silly tar     [Symbol(encoding)]: null,
2156 silly tar     [Symbol(async)]: false,
2156 silly tar     [Symbol(decoder)]: null,
2156 silly tar     [Symbol(EOF)]: true,
2156 silly tar     [Symbol(emittedEnd)]: false,
2156 silly tar     [Symbol(emittingEnd)]: false,
2156 silly tar     [Symbol(closed)]: false,
2156 silly tar     [Symbol(emittedError)]: null,
2156 silly tar     [Symbol(bufferLength)]: 998,
2156 silly tar     [Symbol(destroyed)]: false,
2156 silly tar     [Symbol(signal)]: undefined,
2156 silly tar     [Symbol(aborted)]: false
2156 silly tar   },
2156 silly tar   cwd: 'C:/Users/Ansi/Desktop/FixNow/node_modules/react-native',
2156 silly tar   tarCode: 'TAR_ENTRY_ERROR'
2156 silly tar }
2157 warn tar TAR_ENTRY_ERROR ENOENT: no such file or directory, open 'C:\Users\Ansi\Desktop\FixNow\node_modules\react-native\ReactCommon\react\bridging\Object.h'
2158 silly tar TAR_ENTRY_ERROR ENOENT: no such file or directory, open 'C:\Users\Ansi\Desktop\FixNow\node_modules\react-native\ReactCommon\react\bridging\Object.h' [Error: ENOENT: no such file or directory, open 'C:\Users\Ansi\Desktop\FixNow\node_modules\react-native\ReactCommon\react\bridging\Object.h'] {
2158 silly tar   errno: -4058,
2158 silly tar   code: 'ENOENT',
2158 silly tar   syscall: 'open',
2158 silly tar   path: 'C:\\Users\\Ansi\\Desktop\\FixNow\\node_modules\\react-native\\ReactCommon\\react\\bridging\\Object.h',
2158 silly tar   entry: ReadEntry {
2158 silly tar     _events: [Object: null prototype] {},
2158 silly tar     _eventsCount: 0,
2158 silly tar     _maxListeners: undefined,
2158 silly tar     writable: false,
2158 silly tar     readable: false,
2158 silly tar     extended: null,
2158 silly tar     globalExtended: null,
2158 silly tar     header: Header {
2158 silly tar       cksumValid: true,
2158 silly tar       needPax: false,
2158 silly tar       nullBlock: false,
2158 silly tar       block: null,
2158 silly tar       path: 'package/ReactCommon/react/bridging/Object.h',
2158 silly tar       mode: 420,
2158 silly tar       uid: null,
2158 silly tar       gid: null,
2158 silly tar       size: 2436,
2158 silly tar       mtime: 1985-10-26T08:15:00.000Z,
2158 silly tar       cksum: 7133,
2158 silly tar       linkpath: '',
2158 silly tar       uname: '',
2158 silly tar       gname: '',
2158 silly tar       devmaj: 0,
2158 silly tar       devmin: 0,
2158 silly tar       atime: null,
2158 silly tar       ctime: null,
2158 silly tar       [Symbol(type)]: '0'
2158 silly tar     },
2158 silly tar     startBlockSize: 2560,
2158 silly tar     blockRemain: 0,
2158 silly tar     remain: 0,
2158 silly tar     type: 'File',
2158 silly tar     meta: false,
2158 silly tar     ignore: false,
2158 silly tar     path: 'ReactCommon/react/bridging/Object.h',
2158 silly tar     mode: 438,
2158 silly tar     uid: null,
2158 silly tar     gid: null,
2158 silly tar     uname: '',
2158 silly tar     gname: '',
2158 silly tar     size: 2436,
2158 silly tar     mtime: 1985-10-26T08:15:00.000Z,
2158 silly tar     atime: null,
2158 silly tar     ctime: null,
2158 silly tar     linkpath: '',
2158 silly tar     absolute: 'C:/Users/Ansi/Desktop/FixNow/node_modules/react-native/ReactCommon/react/bridging/Object.h',
2158 silly tar     [Symbol(shapeMode)]: false,
2158 silly tar     [Symbol(kCapture)]: false,
2158 silly tar     [Symbol(flowing)]: false,
2158 silly tar     [Symbol(paused)]: true,
2158 silly tar     [Symbol(pipes)]: [ [Pipe] ],
2158 silly tar     [Symbol(buffer)]: [],
2158 silly tar     [Symbol(objectMode)]: false,
2158 silly tar     [Symbol(encoding)]: null,
2158 silly tar     [Symbol(async)]: false,
2158 silly tar     [Symbol(decoder)]: null,
2158 silly tar     [Symbol(EOF)]: true,
2158 silly tar     [Symbol(emittedEnd)]: true,
2158 silly tar     [Symbol(emittingEnd)]: false,
2158 silly tar     [Symbol(closed)]: false,
2158 silly tar     [Symbol(emittedError)]: null,
2158 silly tar     [Symbol(bufferLength)]: 0,
2158 silly tar     [Symbol(destroyed)]: false,
2158 silly tar     [Symbol(signal)]: undefined,
2158 silly tar     [Symbol(aborted)]: false
2158 silly tar   },
2158 silly tar   cwd: 'C:/Users/Ansi/Desktop/FixNow/node_modules/react-native',
2158 silly tar   tarCode: 'TAR_ENTRY_ERROR'
2158 silly tar }
2159 warn tar TAR_ENTRY_ERROR ENOENT: no such file or directory, open 'C:\Users\Ansi\Desktop\FixNow\node_modules\react-native\ReactCommon\react\utils\OnScopeExit.h'
2160 silly tar TAR_ENTRY_ERROR ENOENT: no such file or directory, open 'C:\Users\Ansi\Desktop\FixNow\node_modules\react-native\ReactCommon\react\utils\OnScopeExit.h' [Error: ENOENT: no such file or directory, open 'C:\Users\Ansi\Desktop\FixNow\node_modules\react-native\ReactCommon\react\utils\OnScopeExit.h'] {
2160 silly tar   errno: -4058,
2160 silly tar   code: 'ENOENT',
2160 silly tar   syscall: 'open',
2160 silly tar   path: 'C:\\Users\\Ansi\\Desktop\\FixNow\\node_modules\\react-native\\ReactCommon\\react\\utils\\OnScopeExit.h',
2160 silly tar   entry: ReadEntry {
2160 silly tar     _events: [Object: null prototype] {},
2160 silly tar     _eventsCount: 0,
2160 silly tar     _maxListeners: undefined,
2160 silly tar     writable: false,
2160 silly tar     readable: false,
2160 silly tar     extended: null,
2160 silly tar     globalExtended: null,
2160 silly tar     header: Header {
2160 silly tar       cksumValid: true,
2160 silly tar       needPax: false,
2160 silly tar       nullBlock: false,
2160 silly tar       block: null,
2160 silly tar       path: 'package/ReactCommon/react/utils/OnScopeExit.h',
2160 silly tar       mode: 420,
2160 silly tar       uid: null,
2160 silly tar       gid: null,
2160 silly tar       size: 740,
2160 silly tar       mtime: 1985-10-26T08:15:00.000Z,
2160 silly tar       cksum: 7360,
2160 silly tar       linkpath: '',
2160 silly tar       uname: '',
2160 silly tar       gname: '',
2160 silly tar       devmaj: 0,
2160 silly tar       devmin: 0,
2160 silly tar       atime: null,
2160 silly tar       ctime: null,
2160 silly tar       [Symbol(type)]: '0'
2160 silly tar     },
2160 silly tar     startBlockSize: 1024,
2160 silly tar     blockRemain: 0,
2160 silly tar     remain: 0,
2160 silly tar     type: 'File',
2160 silly tar     meta: false,
2160 silly tar     ignore: false,
2160 silly tar     path: 'ReactCommon/react/utils/OnScopeExit.h',
2160 silly tar     mode: 438,
2160 silly tar     uid: null,
2160 silly tar     gid: null,
2160 silly tar     uname: '',
2160 silly tar     gname: '',
2160 silly tar     size: 740,
2160 silly tar     mtime: 1985-10-26T08:15:00.000Z,
2160 silly tar     atime: null,
2160 silly tar     ctime: null,
2160 silly tar     linkpath: '',
2160 silly tar     absolute: 'C:/Users/Ansi/Desktop/FixNow/node_modules/react-native/ReactCommon/react/utils/OnScopeExit.h',
2160 silly tar     [Symbol(shapeMode)]: false,
2160 silly tar     [Symbol(kCapture)]: false,
2160 silly tar     [Symbol(flowing)]: false,
2160 silly tar     [Symbol(paused)]: true,
2160 silly tar     [Symbol(pipes)]: [ [Pipe] ],
2160 silly tar     [Symbol(buffer)]: [],
2160 silly tar     [Symbol(objectMode)]: false,
2160 silly tar     [Symbol(encoding)]: null,
2160 silly tar     [Symbol(async)]: false,
2160 silly tar     [Symbol(decoder)]: null,
2160 silly tar     [Symbol(EOF)]: true,
2160 silly tar     [Symbol(emittedEnd)]: true,
2160 silly tar     [Symbol(emittingEnd)]: false,
2160 silly tar     [Symbol(closed)]: false,
2160 silly tar     [Symbol(emittedError)]: null,
2160 silly tar     [Symbol(bufferLength)]: 0,
2160 silly tar     [Symbol(destroyed)]: false,
2160 silly tar     [Symbol(signal)]: undefined,
2160 silly tar     [Symbol(aborted)]: false
2160 silly tar   },
2160 silly tar   cwd: 'C:/Users/Ansi/Desktop/FixNow/node_modules/react-native',
2160 silly tar   tarCode: 'TAR_ENTRY_ERROR'
2160 silly tar }
2161 warn tar TAR_ENTRY_ERROR ENOENT: no such file or directory, open 'C:\Users\Ansi\Desktop\FixNow\node_modules\react-native\ReactCommon\oscompat\OSCompat.h'
2162 silly tar TAR_ENTRY_ERROR ENOENT: no such file or directory, open 'C:\Users\Ansi\Desktop\FixNow\node_modules\react-native\ReactCommon\oscompat\OSCompat.h' [Error: ENOENT: no such file or directory, open 'C:\Users\Ansi\Desktop\FixNow\node_modules\react-native\ReactCommon\oscompat\OSCompat.h'] {
2162 silly tar   errno: -4058,
2162 silly tar   code: 'ENOENT',
2162 silly tar   syscall: 'open',
2162 silly tar   path: 'C:\\Users\\Ansi\\Desktop\\FixNow\\node_modules\\react-native\\ReactCommon\\oscompat\\OSCompat.h',
2162 silly tar   entry: ReadEntry {
2162 silly tar     _events: [Object: null prototype] {},
2162 silly tar     _eventsCount: 0,
2162 silly tar     _maxListeners: undefined,
2162 silly tar     writable: false,
2162 silly tar     readable: false,
2162 silly tar     extended: null,
2162 silly tar     globalExtended: null,
2162 silly tar     header: Header {
2162 silly tar       cksumValid: true,
2162 silly tar       needPax: false,
2162 silly tar       nullBlock: false,
2162 silly tar       block: null,
2162 silly tar       path: 'package/ReactCommon/oscompat/OSCompat.h',
2162 silly tar       mode: 420,
2162 silly tar       uid: null,
2162 silly tar       gid: null,
2162 silly tar       size: 370,
2162 silly tar       mtime: 1985-10-26T08:15:00.000Z,
2162 silly tar       cksum: 6765,
2162 silly tar       linkpath: '',
2162 silly tar       uname: '',
2162 silly tar       gname: '',
2162 silly tar       devmaj: 0,
2162 silly tar       devmin: 0,
2162 silly tar       atime: null,
2162 silly tar       ctime: null,
2162 silly tar       [Symbol(type)]: '0'
2162 silly tar     },
2162 silly tar     startBlockSize: 512,
2162 silly tar     blockRemain: 0,
2162 silly tar     remain: 0,
2162 silly tar     type: 'File',
2162 silly tar     meta: false,
2162 silly tar     ignore: false,
2162 silly tar     path: 'ReactCommon/oscompat/OSCompat.h',
2162 silly tar     mode: 438,
2162 silly tar     uid: null,
2162 silly tar     gid: null,
2162 silly tar     uname: '',
2162 silly tar     gname: '',
2162 silly tar     size: 370,
2162 silly tar     mtime: 1985-10-26T08:15:00.000Z,
2162 silly tar     atime: null,
2162 silly tar     ctime: null,
2162 silly tar     linkpath: '',
2162 silly tar     absolute: 'C:/Users/Ansi/Desktop/FixNow/node_modules/react-native/ReactCommon/oscompat/OSCompat.h',
2162 silly tar     [Symbol(shapeMode)]: false,
2162 silly tar     [Symbol(kCapture)]: false,
2162 silly tar     [Symbol(flowing)]: false,
2162 silly tar     [Symbol(paused)]: true,
2162 silly tar     [Symbol(pipes)]: [ [Pipe] ],
2162 silly tar     [Symbol(buffer)]: [],
2162 silly tar     [Symbol(objectMode)]: false,
2162 silly tar     [Symbol(encoding)]: null,
2162 silly tar     [Symbol(async)]: false,
2162 silly tar     [Symbol(decoder)]: null,
2162 silly tar     [Symbol(EOF)]: true,
2162 silly tar     [Symbol(emittedEnd)]: true,
2162 silly tar     [Symbol(emittingEnd)]: false,
2162 silly tar     [Symbol(closed)]: false,
2162 silly tar     [Symbol(emittedError)]: null,
2162 silly tar     [Symbol(bufferLength)]: 0,
2162 silly tar     [Symbol(destroyed)]: false,
2162 silly tar     [Symbol(signal)]: undefined,
2162 silly tar     [Symbol(aborted)]: false
2162 silly tar   },
2162 silly tar   cwd: 'C:/Users/Ansi/Desktop/FixNow/node_modules/react-native',
2162 silly tar   tarCode: 'TAR_ENTRY_ERROR'
2162 silly tar }
2163 warn tar TAR_ENTRY_ERROR ENOENT: no such file or directory, open 'C:\Users\Ansi\Desktop\FixNow\node_modules\react-native\ReactCommon\yoga\yoga\enums\Overflow.h'
2164 silly tar TAR_ENTRY_ERROR ENOENT: no such file or directory, open 'C:\Users\Ansi\Desktop\FixNow\node_modules\react-native\ReactCommon\yoga\yoga\enums\Overflow.h' [Error: ENOENT: no such file or directory, open 'C:\Users\Ansi\Desktop\FixNow\node_modules\react-native\ReactCommon\yoga\yoga\enums\Overflow.h'] {
2164 silly tar   errno: -4058,
2164 silly tar   code: 'ENOENT',
2164 silly tar   syscall: 'open',
2164 silly tar   path: 'C:\\Users\\Ansi\\Desktop\\FixNow\\node_modules\\react-native\\ReactCommon\\yoga\\yoga\\enums\\Overflow.h',
2164 silly tar   entry: ReadEntry {
2164 silly tar     _events: [Object: null prototype] {},
2164 silly tar     _eventsCount: 0,
2164 silly tar     _maxListeners: undefined,
2164 silly tar     writable: false,
2164 silly tar     readable: false,
2164 silly tar     extended: null,
2164 silly tar     globalExtended: null,
2164 silly tar     header: Header {
2164 silly tar       cksumValid: true,
2164 silly tar       needPax: false,
2164 silly tar       nullBlock: false,
2164 silly tar       block: null,
2164 silly tar       path: 'package/ReactCommon/yoga/yoga/enums/Overflow.h',
2164 silly tar       mode: 420,
2164 silly tar       uid: null,
2164 silly tar       gid: null,
2164 silly tar       size: 873,
2164 silly tar       mtime: 1985-10-26T08:15:00.000Z,
2164 silly tar       cksum: 7482,
2164 silly tar       linkpath: '',
2164 silly tar       uname: '',
2164 silly tar       gname: '',
2164 silly tar       devmaj: 0,
2164 silly tar       devmin: 0,
2164 silly tar       atime: null,
2164 silly tar       ctime: null,
2164 silly tar       [Symbol(type)]: '0'
2164 silly tar     },
2164 silly tar     startBlockSize: 1024,
2164 silly tar     blockRemain: 0,
2164 silly tar     remain: 0,
2164 silly tar     type: 'File',
2164 silly tar     meta: false,
2164 silly tar     ignore: false,
2164 silly tar     path: 'ReactCommon/yoga/yoga/enums/Overflow.h',
2164 silly tar     mode: 438,
2164 silly tar     uid: null,
2164 silly tar     gid: null,
2164 silly tar     uname: '',
2164 silly tar     gname: '',
2164 silly tar     size: 873,
2164 silly tar     mtime: 1985-10-26T08:15:00.000Z,
2164 silly tar     atime: null,
2164 silly tar     ctime: null,
2164 silly tar     linkpath: '',
2164 silly tar     absolute: 'C:/Users/Ansi/Desktop/FixNow/node_modules/react-native/ReactCommon/yoga/yoga/enums/Overflow.h',
2164 silly tar     [Symbol(shapeMode)]: false,
2164 silly tar     [Symbol(kCapture)]: false,
2164 silly tar     [Symbol(flowing)]: false,
2164 silly tar     [Symbol(paused)]: true,
2164 silly tar     [Symbol(pipes)]: [ [Pipe] ],
2164 silly tar     [Symbol(buffer)]: [],
2164 silly tar     [Symbol(objectMode)]: false,
2164 silly tar     [Symbol(encoding)]: null,
2164 silly tar     [Symbol(async)]: false,
2164 silly tar     [Symbol(decoder)]: null,
2164 silly tar     [Symbol(EOF)]: true,
2164 silly tar     [Symbol(emittedEnd)]: true,
2164 silly tar     [Symbol(emittingEnd)]: false,
2164 silly tar     [Symbol(closed)]: false,
2164 silly tar     [Symbol(emittedError)]: null,
2164 silly tar     [Symbol(bufferLength)]: 0,
2164 silly tar     [Symbol(destroyed)]: false,
2164 silly tar     [Symbol(signal)]: undefined,
2164 silly tar     [Symbol(aborted)]: false
2164 silly tar   },
2164 silly tar   cwd: 'C:/Users/Ansi/Desktop/FixNow/node_modules/react-native',
2164 silly tar   tarCode: 'TAR_ENTRY_ERROR'
2164 silly tar }
2165 warn tar TAR_ENTRY_ERROR ENOENT: no such file or directory, open 'C:\Users\Ansi\Desktop\FixNow\node_modules\react-native\ReactCommon\react\utils\PackTraits.h'
2166 silly tar TAR_ENTRY_ERROR ENOENT: no such file or directory, open 'C:\Users\Ansi\Desktop\FixNow\node_modules\react-native\ReactCommon\react\utils\PackTraits.h' [Error: ENOENT: no such file or directory, open 'C:\Users\Ansi\Desktop\FixNow\node_modules\react-native\ReactCommon\react\utils\PackTraits.h'] {
2166 silly tar   errno: -4058,
2166 silly tar   code: 'ENOENT',
2166 silly tar   syscall: 'open',
2166 silly tar   path: 'C:\\Users\\Ansi\\Desktop\\FixNow\\node_modules\\react-native\\ReactCommon\\react\\utils\\PackTraits.h',
2166 silly tar   entry: ReadEntry {
2166 silly tar     _events: [Object: null prototype] {},
2166 silly tar     _eventsCount: 0,
2166 silly tar     _maxListeners: undefined,
2166 silly tar     writable: false,
2166 silly tar     readable: false,
2166 silly tar     extended: null,
2166 silly tar     globalExtended: null,
2166 silly tar     header: Header {
2166 silly tar       cksumValid: true,
2166 silly tar       needPax: false,
2166 silly tar       nullBlock: false,
2166 silly tar       block: null,
2166 silly tar       path: 'package/ReactCommon/react/utils/PackTraits.h',
2166 silly tar       mode: 420,
2166 silly tar       uid: null,
2166 silly tar       gid: null,
2166 silly tar       size: 695,
2166 silly tar       mtime: 1985-10-26T08:15:00.000Z,
2166 silly tar       cksum: 7273,
2166 silly tar       linkpath: '',
2166 silly tar       uname: '',
2166 silly tar       gname: '',
2166 silly tar       devmaj: 0,
2166 silly tar       devmin: 0,
2166 silly tar       atime: null,
2166 silly tar       ctime: null,
2166 silly tar       [Symbol(type)]: '0'
2166 silly tar     },
2166 silly tar     startBlockSize: 1024,
2166 silly tar     blockRemain: 0,
2166 silly tar     remain: 0,
2166 silly tar     type: 'File',
2166 silly tar     meta: false,
2166 silly tar     ignore: false,
2166 silly tar     path: 'ReactCommon/react/utils/PackTraits.h',
2166 silly tar     mode: 438,
2166 silly tar     uid: null,
2166 silly tar     gid: null,
2166 silly tar     uname: '',
2166 silly tar     gname: '',
2166 silly tar     size: 695,
2166 silly tar     mtime: 1985-10-26T08:15:00.000Z,
2166 silly tar     atime: null,
2166 silly tar     ctime: null,
2166 silly tar     linkpath: '',
2166 silly tar     absolute: 'C:/Users/Ansi/Desktop/FixNow/node_modules/react-native/ReactCommon/react/utils/PackTraits.h',
2166 silly tar     [Symbol(shapeMode)]: false,
2166 silly tar     [Symbol(kCapture)]: false,
2166 silly tar     [Symbol(flowing)]: false,
2166 silly tar     [Symbol(paused)]: true,
2166 silly tar     [Symbol(pipes)]: [ [Pipe] ],
2166 silly tar     [Symbol(buffer)]: [],
2166 silly tar     [Symbol(objectMode)]: false,
2166 silly tar     [Symbol(encoding)]: null,
2166 silly tar     [Symbol(async)]: false,
2166 silly tar     [Symbol(decoder)]: null,
2166 silly tar     [Symbol(EOF)]: true,
2166 silly tar     [Symbol(emittedEnd)]: true,
2166 silly tar     [Symbol(emittingEnd)]: false,
2166 silly tar     [Symbol(closed)]: false,
2166 silly tar     [Symbol(emittedError)]: null,
2166 silly tar     [Symbol(bufferLength)]: 0,
2166 silly tar     [Symbol(destroyed)]: false,
2166 silly tar     [Symbol(signal)]: undefined,
2166 silly tar     [Symbol(aborted)]: false
2166 silly tar   },
2166 silly tar   cwd: 'C:/Users/Ansi/Desktop/FixNow/node_modules/react-native',
2166 silly tar   tarCode: 'TAR_ENTRY_ERROR'
2166 silly tar }
2167 warn tar TAR_ENTRY_ERROR ENOENT: no such file or directory, open 'C:\Users\Ansi\Desktop\FixNow\node_modules\react-native\ReactCommon\react\renderer\attributedstring\ParagraphAttributes.h'
2168 silly tar TAR_ENTRY_ERROR ENOENT: no such file or directory, open 'C:\Users\Ansi\Desktop\FixNow\node_modules\react-native\ReactCommon\react\renderer\attributedstring\ParagraphAttributes.h' [Error: ENOENT: no such file or directory, open 'C:\Users\Ansi\Desktop\FixNow\node_modules\react-native\ReactCommon\react\renderer\attributedstring\ParagraphAttributes.h'] {
2168 silly tar   errno: -4058,
2168 silly tar   code: 'ENOENT',
2168 silly tar   syscall: 'open',
2168 silly tar   path: 'C:\\Users\\Ansi\\Desktop\\FixNow\\node_modules\\react-native\\ReactCommon\\react\\renderer\\attributedstring\\ParagraphAttributes.h',
2168 silly tar   entry: ReadEntry {
2168 silly tar     _events: [Object: null prototype] { end: [Function (anonymous)] },
2168 silly tar     _eventsCount: 1,
2168 silly tar     _maxListeners: undefined,
2168 silly tar     writable: false,
2168 silly tar     readable: true,
2168 silly tar     extended: null,
2168 silly tar     globalExtended: null,
2168 silly tar     header: Header {
2168 silly tar       cksumValid: true,
2168 silly tar       needPax: false,
2168 silly tar       nullBlock: false,
2168 silly tar       block: null,
2168 silly tar       path: 'package/ReactCommon/react/renderer/attributedstring/ParagraphAttributes.h',
2168 silly tar       mode: 420,
2168 silly tar       uid: null,
2168 silly tar       gid: null,
2168 silly tar       size: 3288,
2168 silly tar       mtime: 1985-10-26T08:15:00.000Z,
2168 silly tar       cksum: 10320,
2168 silly tar       linkpath: '',
2168 silly tar       uname: '',
2168 silly tar       gname: '',
2168 silly tar       devmaj: 0,
2168 silly tar       devmin: 0,
2168 silly tar       atime: null,
2168 silly tar       ctime: null,
2168 silly tar       [Symbol(type)]: '0'
2168 silly tar     },
2168 silly tar     startBlockSize: 3584,
2168 silly tar     blockRemain: 0,
2168 silly tar     remain: 0,
2168 silly tar     type: 'File',
2168 silly tar     meta: false,
2168 silly tar     ignore: false,
2168 silly tar     path: 'ReactCommon/react/renderer/attributedstring/ParagraphAttributes.h',
2168 silly tar     mode: 438,
2168 silly tar     uid: null,
2168 silly tar     gid: null,
2168 silly tar     uname: '',
2168 silly tar     gname: '',
2168 silly tar     size: 3288,
2168 silly tar     mtime: 1985-10-26T08:15:00.000Z,
2168 silly tar     atime: null,
2168 silly tar     ctime: null,
2168 silly tar     linkpath: '',
2168 silly tar     absolute: 'C:/Users/Ansi/Desktop/FixNow/node_modules/react-native/ReactCommon/react/renderer/attributedstring/ParagraphAttributes.h',
2168 silly tar     [Symbol(shapeMode)]: false,
2168 silly tar     [Symbol(kCapture)]: false,
2168 silly tar     [Symbol(flowing)]: false,
2168 silly tar     [Symbol(paused)]: true,
2168 silly tar     [Symbol(pipes)]: [ [Pipe] ],
2168 silly tar     [Symbol(buffer)]: [
2168 silly tar       <Buffer 74 69 63 20 68 79 70 68 65 6e 61 74 69 6f 6e 20 74 6f 20 75 73 65 20 77 68 65 6e 20 64 65 74 65 72 6d 69 6e 69 6e 67 0a 20 20 20 2a 20 77 6f 72 64 20 ... 1604 more bytes>
2168 silly tar     ],
2168 silly tar     [Symbol(objectMode)]: false,
2168 silly tar     [Symbol(encoding)]: null,
2168 silly tar     [Symbol(async)]: false,
2168 silly tar     [Symbol(decoder)]: null,
2168 silly tar     [Symbol(EOF)]: true,
2168 silly tar     [Symbol(emittedEnd)]: false,
2168 silly tar     [Symbol(emittingEnd)]: false,
2168 silly tar     [Symbol(closed)]: false,
2168 silly tar     [Symbol(emittedError)]: null,
2168 silly tar     [Symbol(bufferLength)]: 1654,
2168 silly tar     [Symbol(destroyed)]: false,
2168 silly tar     [Symbol(signal)]: undefined,
2168 silly tar     [Symbol(aborted)]: false
2168 silly tar   },
2168 silly tar   cwd: 'C:/Users/Ansi/Desktop/FixNow/node_modules/react-native',
2168 silly tar   tarCode: 'TAR_ENTRY_ERROR'
2168 silly tar }
2169 warn tar TAR_ENTRY_ERROR ENOENT: no such file or directory, open 'C:\Users\Ansi\Desktop\FixNow\node_modules\react-native\ReactCommon\react\renderer\components\text\ParagraphComponentDescriptor.h'
2170 silly tar TAR_ENTRY_ERROR ENOENT: no such file or directory, open 'C:\Users\Ansi\Desktop\FixNow\node_modules\react-native\ReactCommon\react\renderer\components\text\ParagraphComponentDescriptor.h' [Error: ENOENT: no such file or directory, open 'C:\Users\Ansi\Desktop\FixNow\node_modules\react-native\ReactCommon\react\renderer\components\text\ParagraphComponentDescriptor.h'] {
2170 silly tar   errno: -4058,
2170 silly tar   code: 'ENOENT',
2170 silly tar   syscall: 'open',
2170 silly tar   path: 'C:\\Users\\Ansi\\Desktop\\FixNow\\node_modules\\react-native\\ReactCommon\\react\\renderer\\components\\text\\ParagraphComponentDescriptor.h',
2170 silly tar   entry: ReadEntry {
2170 silly tar     _events: [Object: null prototype] {},
2170 silly tar     _eventsCount: 0,
2170 silly tar     _maxListeners: undefined,
2170 silly tar     writable: false,
2170 silly tar     readable: false,
2170 silly tar     extended: null,
2170 silly tar     globalExtended: null,
2170 silly tar     header: Header {
2170 silly tar       cksumValid: true,
2170 silly tar       needPax: false,
2170 silly tar       nullBlock: false,
2170 silly tar       block: null,
2170 silly tar       path: 'package/ReactCommon/react/renderer/components/text/ParagraphComponentDescriptor.h',
2170 silly tar       mode: 420,
2170 silly tar       uid: null,
2170 silly tar       gid: null,
2170 silly tar       size: 1579,
2170 silly tar       mtime: 1985-10-26T08:15:00.000Z,
2170 silly tar       cksum: 11109,
2170 silly tar       linkpath: '',
2170 silly tar       uname: '',
2170 silly tar       gname: '',
2170 silly tar       devmaj: 0,
2170 silly tar       devmin: 0,
2170 silly tar       atime: null,
2170 silly tar       ctime: null,
2170 silly tar       [Symbol(type)]: '0'
2170 silly tar     },
2170 silly tar     startBlockSize: 2048,
2170 silly tar     blockRemain: 0,
2170 silly tar     remain: 0,
2170 silly tar     type: 'File',
2170 silly tar     meta: false,
2170 silly tar     ignore: false,
2170 silly tar     path: 'ReactCommon/react/renderer/components/text/ParagraphComponentDescriptor.h',
2170 silly tar     mode: 438,
2170 silly tar     uid: null,
2170 silly tar     gid: null,
2170 silly tar     uname: '',
2170 silly tar     gname: '',
2170 silly tar     size: 1579,
2170 silly tar     mtime: 1985-10-26T08:15:00.000Z,
2170 silly tar     atime: null,
2170 silly tar     ctime: null,
2170 silly tar     linkpath: '',
2170 silly tar     absolute: 'C:/Users/Ansi/Desktop/FixNow/node_modules/react-native/ReactCommon/react/renderer/components/text/ParagraphComponentDescriptor.h',
2170 silly tar     [Symbol(shapeMode)]: false,
2170 silly tar     [Symbol(kCapture)]: false,
2170 silly tar     [Symbol(flowing)]: false,
2170 silly tar     [Symbol(paused)]: true,
2170 silly tar     [Symbol(pipes)]: [ [Pipe] ],
2170 silly tar     [Symbol(buffer)]: [],
2170 silly tar     [Symbol(objectMode)]: false,
2170 silly tar     [Symbol(encoding)]: null,
2170 silly tar     [Symbol(async)]: false,
2170 silly tar     [Symbol(decoder)]: null,
2170 silly tar     [Symbol(EOF)]: true,
2170 silly tar     [Symbol(emittedEnd)]: true,
2170 silly tar     [Symbol(emittingEnd)]: false,
2170 silly tar     [Symbol(closed)]: false,
2170 silly tar     [Symbol(emittedError)]: null,
2170 silly tar     [Symbol(bufferLength)]: 0,
2170 silly tar     [Symbol(destroyed)]: false,
2170 silly tar     [Symbol(signal)]: undefined,
2170 silly tar     [Symbol(aborted)]: false
2170 silly tar   },
2170 silly tar   cwd: 'C:/Users/Ansi/Desktop/FixNow/node_modules/react-native',
2170 silly tar   tarCode: 'TAR_ENTRY_ERROR'
2170 silly tar }
2171 warn tar TAR_ENTRY_ERROR ENOENT: no such file or directory, open 'C:\Users\Ansi\Desktop\FixNow\node_modules\react-native\ReactCommon\react\renderer\components\text\ParagraphEventEmitter.h'
2172 silly tar TAR_ENTRY_ERROR ENOENT: no such file or directory, open 'C:\Users\Ansi\Desktop\FixNow\node_modules\react-native\ReactCommon\react\renderer\components\text\ParagraphEventEmitter.h' [Error: ENOENT: no such file or directory, open 'C:\Users\Ansi\Desktop\FixNow\node_modules\react-native\ReactCommon\react\renderer\components\text\ParagraphEventEmitter.h'] {
2172 silly tar   errno: -4058,
2172 silly tar   code: 'ENOENT',
2172 silly tar   syscall: 'open',
2172 silly tar   path: 'C:\\Users\\Ansi\\Desktop\\FixNow\\node_modules\\react-native\\ReactCommon\\react\\renderer\\components\\text\\ParagraphEventEmitter.h',
2172 silly tar   entry: ReadEntry {
2172 silly tar     _events: [Object: null prototype] {},
2172 silly tar     _eventsCount: 0,
2172 silly tar     _maxListeners: undefined,
2172 silly tar     writable: false,
2172 silly tar     readable: false,
2172 silly tar     extended: null,
2172 silly tar     globalExtended: null,
2172 silly tar     header: Header {
2172 silly tar       cksumValid: true,
2172 silly tar       needPax: false,
2172 silly tar       nullBlock: false,
2172 silly tar       block: null,
2172 silly tar       path: 'package/ReactCommon/react/renderer/components/text/ParagraphEventEmitter.h',
2172 silly tar       mode: 420,
2172 silly tar       uid: null,
2172 silly tar       gid: null,
2172 silly tar       size: 687,
2172 silly tar       mtime: 1985-10-26T08:15:00.000Z,
2172 silly tar       cksum: 10355,
2172 silly tar       linkpath: '',
2172 silly tar       uname: '',
2172 silly tar       gname: '',
2172 silly tar       devmaj: 0,
2172 silly tar       devmin: 0,
2172 silly tar       atime: null,
2172 silly tar       ctime: null,
2172 silly tar       [Symbol(type)]: '0'
2172 silly tar     },
2172 silly tar     startBlockSize: 1024,
2172 silly tar     blockRemain: 0,
2172 silly tar     remain: 0,
2172 silly tar     type: 'File',
2172 silly tar     meta: false,
2172 silly tar     ignore: false,
2172 silly tar     path: 'ReactCommon/react/renderer/components/text/ParagraphEventEmitter.h',
2172 silly tar     mode: 438,
2172 silly tar     uid: null,
2172 silly tar     gid: null,
2172 silly tar     uname: '',
2172 silly tar     gname: '',
2172 silly tar     size: 687,
2172 silly tar     mtime: 1985-10-26T08:15:00.000Z,
2172 silly tar     atime: null,
2172 silly tar     ctime: null,
2172 silly tar     linkpath: '',
2172 silly tar     absolute: 'C:/Users/Ansi/Desktop/FixNow/node_modules/react-native/ReactCommon/react/renderer/components/text/ParagraphEventEmitter.h',
2172 silly tar     [Symbol(shapeMode)]: false,
2172 silly tar     [Symbol(kCapture)]: false,
2172 silly tar     [Symbol(flowing)]: false,
2172 silly tar     [Symbol(paused)]: true,
2172 silly tar     [Symbol(pipes)]: [ [Pipe] ],
2172 silly tar     [Symbol(buffer)]: [],
2172 silly tar     [Symbol(objectMode)]: false,
2172 silly tar     [Symbol(encoding)]: null,
2172 silly tar     [Symbol(async)]: false,
2172 silly tar     [Symbol(decoder)]: null,
2172 silly tar     [Symbol(EOF)]: true,
2172 silly tar     [Symbol(emittedEnd)]: true,
2172 silly tar     [Symbol(emittingEnd)]: false,
2172 silly tar     [Symbol(closed)]: false,
2172 silly tar     [Symbol(emittedError)]: null,
2172 silly tar     [Symbol(bufferLength)]: 0,
2172 silly tar     [Symbol(destroyed)]: false,
2172 silly tar     [Symbol(signal)]: undefined,
2172 silly tar     [Symbol(aborted)]: false
2172 silly tar   },
2172 silly tar   cwd: 'C:/Users/Ansi/Desktop/FixNow/node_modules/react-native',
2172 silly tar   tarCode: 'TAR_ENTRY_ERROR'
2172 silly tar }
2173 warn tar TAR_ENTRY_ERROR ENOENT: no such file or directory, open 'C:\Users\Ansi\Desktop\FixNow\node_modules\react-native\ReactCommon\react\renderer\components\text\ParagraphProps.h'
2174 silly tar TAR_ENTRY_ERROR ENOENT: no such file or directory, open 'C:\Users\Ansi\Desktop\FixNow\node_modules\react-native\ReactCommon\react\renderer\components\text\ParagraphProps.h' [Error: ENOENT: no such file or directory, open 'C:\Users\Ansi\Desktop\FixNow\node_modules\react-native\ReactCommon\react\renderer\components\text\ParagraphProps.h'] {
2174 silly tar   errno: -4058,
2174 silly tar   code: 'ENOENT',
2174 silly tar   syscall: 'open',
2174 silly tar   path: 'C:\\Users\\Ansi\\Desktop\\FixNow\\node_modules\\react-native\\ReactCommon\\react\\renderer\\components\\text\\ParagraphProps.h',
2174 silly tar   entry: ReadEntry {
2174 silly tar     _events: [Object: null prototype] {},
2174 silly tar     _eventsCount: 0,
2174 silly tar     _maxListeners: undefined,
2174 silly tar     writable: false,
2174 silly tar     readable: false,
2174 silly tar     extended: null,
2174 silly tar     globalExtended: null,
2174 silly tar     header: Header {
2174 silly tar       cksumValid: true,
2174 silly tar       needPax: false,
2174 silly tar       nullBlock: false,
2174 silly tar       block: null,
2174 silly tar       path: 'package/ReactCommon/react/renderer/components/text/ParagraphProps.h',
2174 silly tar       mode: 420,
2174 silly tar       uid: null,
2174 silly tar       gid: null,
2174 silly tar       size: 1692,
2174 silly tar       mtime: 1985-10-26T08:15:00.000Z,
2174 silly tar       cksum: 9640,
2174 silly tar       linkpath: '',
2174 silly tar       uname: '',
2174 silly tar       gname: '',
2174 silly tar       devmaj: 0,
2174 silly tar       devmin: 0,
2174 silly tar       atime: null,
2174 silly tar       ctime: null,
2174 silly tar       [Symbol(type)]: '0'
2174 silly tar     },
2174 silly tar     startBlockSize: 2048,
2174 silly tar     blockRemain: 0,
2174 silly tar     remain: 0,
2174 silly tar     type: 'File',
2174 silly tar     meta: false,
2174 silly tar     ignore: false,
2174 silly tar     path: 'ReactCommon/react/renderer/components/text/ParagraphProps.h',
2174 silly tar     mode: 438,
2174 silly tar     uid: null,
2174 silly tar     gid: null,
2174 silly tar     uname: '',
2174 silly tar     gname: '',
2174 silly tar     size: 1692,
2174 silly tar     mtime: 1985-10-26T08:15:00.000Z,
2174 silly tar     atime: null,
2174 silly tar     ctime: null,
2174 silly tar     linkpath: '',
2174 silly tar     absolute: 'C:/Users/Ansi/Desktop/FixNow/node_modules/react-native/ReactCommon/react/renderer/components/text/ParagraphProps.h',
2174 silly tar     [Symbol(shapeMode)]: false,
2174 silly tar     [Symbol(kCapture)]: false,
2174 silly tar     [Symbol(flowing)]: false,
2174 silly tar     [Symbol(paused)]: true,
2174 silly tar     [Symbol(pipes)]: [ [Pipe] ],
2174 silly tar     [Symbol(buffer)]: [],
2174 silly tar     [Symbol(objectMode)]: false,
2174 silly tar     [Symbol(encoding)]: null,
2174 silly tar     [Symbol(async)]: false,
2174 silly tar     [Symbol(decoder)]: null,
2174 silly tar     [Symbol(EOF)]: true,
2174 silly tar     [Symbol(emittedEnd)]: true,
2174 silly tar     [Symbol(emittingEnd)]: false,
2174 silly tar     [Symbol(closed)]: false,
2174 silly tar     [Symbol(emittedError)]: null,
2174 silly tar     [Symbol(bufferLength)]: 0,
2174 silly tar     [Symbol(destroyed)]: false,
2174 silly tar     [Symbol(signal)]: undefined,
2174 silly tar     [Symbol(aborted)]: false
2174 silly tar   },
2174 silly tar   cwd: 'C:/Users/Ansi/Desktop/FixNow/node_modules/react-native',
2174 silly tar   tarCode: 'TAR_ENTRY_ERROR'
2174 silly tar }
2175 warn tar TAR_ENTRY_ERROR ENOENT: no such file or directory, open 'C:\Users\Ansi\Desktop\FixNow\node_modules\react-native\ReactCommon\react\renderer\components\text\ParagraphShadowNode.h'
2176 silly tar TAR_ENTRY_ERROR ENOENT: no such file or directory, open 'C:\Users\Ansi\Desktop\FixNow\node_modules\react-native\ReactCommon\react\renderer\components\text\ParagraphShadowNode.h' [Error: ENOENT: no such file or directory, open 'C:\Users\Ansi\Desktop\FixNow\node_modules\react-native\ReactCommon\react\renderer\components\text\ParagraphShadowNode.h'] {
2176 silly tar   errno: -4058,
2176 silly tar   code: 'ENOENT',
2176 silly tar   syscall: 'open',
2176 silly tar   path: 'C:\\Users\\Ansi\\Desktop\\FixNow\\node_modules\\react-native\\ReactCommon\\react\\renderer\\components\\text\\ParagraphShadowNode.h',
2176 silly tar   entry: ReadEntry {
2176 silly tar     _events: [Object: null prototype] {},
2176 silly tar     _eventsCount: 0,
2176 silly tar     _maxListeners: undefined,
2176 silly tar     writable: false,
2176 silly tar     readable: false,
2176 silly tar     extended: null,
2176 silly tar     globalExtended: null,
2176 silly tar     header: Header {
2176 silly tar       cksumValid: true,
2176 silly tar       needPax: false,
2176 silly tar       nullBlock: false,
2176 silly tar       block: null,
2176 silly tar       path: 'package/ReactCommon/react/renderer/components/text/ParagraphShadowNode.h',
2176 silly tar       mode: 420,
2176 silly tar       uid: null,
2176 silly tar       gid: null,
2176 silly tar       size: 4852,
2176 silly tar       mtime: 1985-10-26T08:15:00.000Z,
2176 silly tar       cksum: 10115,
2176 silly tar       linkpath: '',
2176 silly tar       uname: '',
2176 silly tar       gname: '',
2176 silly tar       devmaj: 0,
2176 silly tar       devmin: 0,
2176 silly tar       atime: null,
2176 silly tar       ctime: null,
2176 silly tar       [Symbol(type)]: '0'
2176 silly tar     },
2176 silly tar     startBlockSize: 5120,
2176 silly tar     blockRemain: 0,
2176 silly tar     remain: 0,
2176 silly tar     type: 'File',
2176 silly tar     meta: false,
2176 silly tar     ignore: false,
2176 silly tar     path: 'ReactCommon/react/renderer/components/text/ParagraphShadowNode.h',
2176 silly tar     mode: 438,
2176 silly tar     uid: null,
2176 silly tar     gid: null,
2176 silly tar     uname: '',
2176 silly tar     gname: '',
2176 silly tar     size: 4852,
2176 silly tar     mtime: 1985-10-26T08:15:00.000Z,
2176 silly tar     atime: null,
2176 silly tar     ctime: null,
2176 silly tar     linkpath: '',
2176 silly tar     absolute: 'C:/Users/Ansi/Desktop/FixNow/node_modules/react-native/ReactCommon/react/renderer/components/text/ParagraphShadowNode.h',
2176 silly tar     [Symbol(shapeMode)]: false,
2176 silly tar     [Symbol(kCapture)]: false,
2176 silly tar     [Symbol(flowing)]: false,
2176 silly tar     [Symbol(paused)]: true,
2176 silly tar     [Symbol(pipes)]: [ [Pipe] ],
2176 silly tar     [Symbol(buffer)]: [],
2176 silly tar     [Symbol(objectMode)]: false,
2176 silly tar     [Symbol(encoding)]: null,
2176 silly tar     [Symbol(async)]: false,
2176 silly tar     [Symbol(decoder)]: null,
2176 silly tar     [Symbol(EOF)]: true,
2176 silly tar     [Symbol(emittedEnd)]: true,
2176 silly tar     [Symbol(emittingEnd)]: false,
2176 silly tar     [Symbol(closed)]: false,
2176 silly tar     [Symbol(emittedError)]: null,
2176 silly tar     [Symbol(bufferLength)]: 0,
2176 silly tar     [Symbol(destroyed)]: false,
2176 silly tar     [Symbol(signal)]: undefined,
2176 silly tar     [Symbol(aborted)]: false
2176 silly tar   },
2176 silly tar   cwd: 'C:/Users/Ansi/Desktop/FixNow/node_modules/react-native',
2176 silly tar   tarCode: 'TAR_ENTRY_ERROR'
2176 silly tar }
2177 warn tar TAR_ENTRY_ERROR ENOENT: no such file or directory, open 'C:\Users\Ansi\Desktop\FixNow\node_modules\react-native\ReactCommon\react\renderer\components\text\platform\android\react\renderer\components\text\ParagraphState.h'
2178 silly tar TAR_ENTRY_ERROR ENOENT: no such file or directory, open 'C:\Users\Ansi\Desktop\FixNow\node_modules\react-native\ReactCommon\react\renderer\components\text\platform\android\react\renderer\components\text\ParagraphState.h' [Error: ENOENT: no such file or directory, open 'C:\Users\Ansi\Desktop\FixNow\node_modules\react-native\ReactCommon\react\renderer\components\text\platform\android\react\renderer\components\text\ParagraphState.h'] {
2178 silly tar   errno: -4058,
2178 silly tar   code: 'ENOENT',
2178 silly tar   syscall: 'open',
2178 silly tar   path: 'C:\\Users\\Ansi\\Desktop\\FixNow\\node_modules\\react-native\\ReactCommon\\react\\renderer\\components\\text\\platform\\android\\react\\renderer\\components\\text\\ParagraphState.h',
2178 silly tar   entry: ReadEntry {
2178 silly tar     _events: [Object: null prototype] { end: [Function (anonymous)] },
2178 silly tar     _eventsCount: 1,
2178 silly tar     _maxListeners: undefined,
2178 silly tar     writable: false,
2178 silly tar     readable: true,
2178 silly tar     extended: null,
2178 silly tar     globalExtended: null,
2178 silly tar     header: Header {
2178 silly tar       cksumValid: true,
2178 silly tar       needPax: false,
2178 silly tar       nullBlock: false,
2178 silly tar       block: null,
2178 silly tar       path: 'package/ReactCommon/react/renderer/components/text/platform/android/react/renderer/components/text/ParagraphState.h',
2178 silly tar       mode: 420,
2178 silly tar       uid: null,
2178 silly tar       gid: null,
2178 silly tar       size: 2875,
2178 silly tar       mtime: 1985-10-26T08:15:00.000Z,
2178 silly tar       cksum: 14398,
2178 silly tar       linkpath: '',
2178 silly tar       uname: '',
2178 silly tar       gname: '',
2178 silly tar       devmaj: 0,
2178 silly tar       devmin: 0,
2178 silly tar       atime: null,
2178 silly tar       ctime: null,
2178 silly tar       [Symbol(type)]: '0'
2178 silly tar     },
2178 silly tar     startBlockSize: 3072,
2178 silly tar     blockRemain: 0,
2178 silly tar     remain: 0,
2178 silly tar     type: 'File',
2178 silly tar     meta: false,
2178 silly tar     ignore: false,
2178 silly tar     path: 'ReactCommon/react/renderer/components/text/platform/android/react/renderer/components/text/ParagraphState.h',
2178 silly tar     mode: 438,
2178 silly tar     uid: null,
2178 silly tar     gid: null,
2178 silly tar     uname: '',
2178 silly tar     gname: '',
2178 silly tar     size: 2875,
2178 silly tar     mtime: 1985-10-26T08:15:00.000Z,
2178 silly tar     atime: null,
2178 silly tar     ctime: null,
2178 silly tar     linkpath: '',
2178 silly tar     absolute: 'C:/Users/Ansi/Desktop/FixNow/node_modules/react-native/ReactCommon/react/renderer/components/text/platform/android/react/renderer/components/text/ParagraphState.h',
2178 silly tar     [Symbol(shapeMode)]: false,
2178 silly tar     [Symbol(kCapture)]: false,
2178 silly tar     [Symbol(flowing)]: false,
2178 silly tar     [Symbol(paused)]: true,
2178 silly tar     [Symbol(pipes)]: [ [Pipe] ],
2178 silly tar     [Symbol(buffer)]: [
2178 silly tar       <Buffer 75 74 4d 61 6e 61 67 65 72 3b 0a 0a 20 20 2f 2a 2a 0a 20 20 20 2a 20 41 20 66 75 6c 6c 79 20 70 72 65 70 61 72 65 64 20 72 65 70 72 65 73 65 6e 74 61 ... 1191 more bytes>
2178 silly tar     ],
2178 silly tar     [Symbol(objectMode)]: false,
2178 silly tar     [Symbol(encoding)]: null,
2178 silly tar     [Symbol(async)]: false,
2178 silly tar     [Symbol(decoder)]: null,
2178 silly tar     [Symbol(EOF)]: true,
2178 silly tar     [Symbol(emittedEnd)]: false,
2178 silly tar     [Symbol(emittingEnd)]: false,
2178 silly tar     [Symbol(closed)]: false,
2178 silly tar     [Symbol(emittedError)]: null,
2178 silly tar     [Symbol(bufferLength)]: 1241,
2178 silly tar     [Symbol(destroyed)]: false,
2178 silly tar     [Symbol(signal)]: undefined,
2178 silly tar     [Symbol(aborted)]: false
2178 silly tar   },
2178 silly tar   cwd: 'C:/Users/Ansi/Desktop/FixNow/node_modules/react-native',
2178 silly tar   tarCode: 'TAR_ENTRY_ERROR'
2178 silly tar }
2179 warn tar TAR_ENTRY_ERROR ENOENT: no such file or directory, lstat 'C:\Users\Ansi\Desktop\FixNow\node_modules\react-native\ReactCommon\react\renderer\components\text\platform'
2180 silly tar TAR_ENTRY_ERROR ENOENT: no such file or directory, lstat 'C:\Users\Ansi\Desktop\FixNow\node_modules\react-native\ReactCommon\react\renderer\components\text\platform' [Error: ENOENT: no such file or directory, lstat 'C:\Users\Ansi\Desktop\FixNow\node_modules\react-native\ReactCommon\react\renderer\components\text\platform'] {
2180 silly tar   errno: -4058,
2180 silly tar   code: 'ENOENT',
2180 silly tar   syscall: 'lstat',
2180 silly tar   path: 'C:/Users/Ansi/Desktop/FixNow/node_modules/react-native/ReactCommon/react/renderer/components/text/platform',
2180 silly tar   entry: ReadEntry {
2180 silly tar     _events: [Object: null prototype] { end: [Function (anonymous)] },
2180 silly tar     _eventsCount: 1,
2180 silly tar     _maxListeners: undefined,
2180 silly tar     writable: false,
2180 silly tar     readable: true,
2180 silly tar     extended: null,
2180 silly tar     globalExtended: null,
2180 silly tar     header: Header {
2180 silly tar       cksumValid: true,
2180 silly tar       needPax: false,
2180 silly tar       nullBlock: false,
2180 silly tar       block: null,
2180 silly tar       path: 'package/ReactCommon/react/renderer/components/text/platform/cxx/react/renderer/components/text/ParagraphState.h',
2180 silly tar       mode: 420,
2180 silly tar       uid: null,
2180 silly tar       gid: null,
2180 silly tar       size: 1149,
2180 silly tar       mtime: 1985-10-26T08:15:00.000Z,
2180 silly tar       cksum: 13996,
2180 silly tar       linkpath: '',
2180 silly tar       uname: '',
2180 silly tar       gname: '',
2180 silly tar       devmaj: 0,
2180 silly tar       devmin: 0,
2180 silly tar       atime: null,
2180 silly tar       ctime: null,
2180 silly tar       [Symbol(type)]: '0'
2180 silly tar     },
2180 silly tar     startBlockSize: 1536,
2180 silly tar     blockRemain: 0,
2180 silly tar     remain: 0,
2180 silly tar     type: 'File',
2180 silly tar     meta: false,
2180 silly tar     ignore: false,
2180 silly tar     path: 'ReactCommon/react/renderer/components/text/platform/cxx/react/renderer/components/text/ParagraphState.h',
2180 silly tar     mode: 438,
2180 silly tar     uid: null,
2180 silly tar     gid: null,
2180 silly tar     uname: '',
2180 silly tar     gname: '',
2180 silly tar     size: 1149,
2180 silly tar     mtime: 1985-10-26T08:15:00.000Z,
2180 silly tar     atime: null,
2180 silly tar     ctime: null,
2180 silly tar     linkpath: '',
2180 silly tar     absolute: 'C:/Users/Ansi/Desktop/FixNow/node_modules/react-native/ReactCommon/react/renderer/components/text/platform/cxx/react/renderer/components/text/ParagraphState.h',
2180 silly tar     [Symbol(shapeMode)]: false,
2180 silly tar     [Symbol(kCapture)]: false,
2180 silly tar     [Symbol(flowing)]: false,
2180 silly tar     [Symbol(paused)]: true,
2180 silly tar     [Symbol(pipes)]: [],
2180 silly tar     [Symbol(buffer)]: [
2180 silly tar       <Buffer 2f 2a 0a 20 2a 20 43 6f 70 79 72 69 67 68 74 20 28 63 29 20 4d 65 74 61 20 50 6c 61 74 66 6f 72 6d 73 2c 20 49 6e 63 2e 20 61 6e 64 20 61 66 66 69 6c ... 1099 more bytes>
2180 silly tar     ],
2180 silly tar     [Symbol(objectMode)]: false,
2180 silly tar     [Symbol(encoding)]: null,
2180 silly tar     [Symbol(async)]: false,
2180 silly tar     [Symbol(decoder)]: null,
2180 silly tar     [Symbol(EOF)]: true,
2180 silly tar     [Symbol(emittedEnd)]: false,
2180 silly tar     [Symbol(emittingEnd)]: false,
2180 silly tar     [Symbol(closed)]: false,
2180 silly tar     [Symbol(emittedError)]: null,
2180 silly tar     [Symbol(bufferLength)]: 1149,
2180 silly tar     [Symbol(destroyed)]: false,
2180 silly tar     [Symbol(signal)]: undefined,
2180 silly tar     [Symbol(aborted)]: false
2180 silly tar   },
2180 silly tar   cwd: 'C:/Users/Ansi/Desktop/FixNow/node_modules/react-native',
2180 silly tar   tarCode: 'TAR_ENTRY_ERROR'
2180 silly tar }
2181 warn tar TAR_ENTRY_ERROR ENOENT: no such file or directory, open 'C:\Users\Ansi\Desktop\FixNow\node_modules\react-native\ReactCommon\react\performance\timeline\PerformanceEntry.h'
2182 silly tar TAR_ENTRY_ERROR ENOENT: no such file or directory, open 'C:\Users\Ansi\Desktop\FixNow\node_modules\react-native\ReactCommon\react\performance\timeline\PerformanceEntry.h' [Error: ENOENT: no such file or directory, open 'C:\Users\Ansi\Desktop\FixNow\node_modules\react-native\ReactCommon\react\performance\timeline\PerformanceEntry.h'] {
2182 silly tar   errno: -4058,
2182 silly tar   code: 'ENOENT',
2182 silly tar   syscall: 'open',
2182 silly tar   path: 'C:\\Users\\Ansi\\Desktop\\FixNow\\node_modules\\react-native\\ReactCommon\\react\\performance\\timeline\\PerformanceEntry.h',
2182 silly tar   entry: ReadEntry {
2182 silly tar     _events: [Object: null prototype] {},
2182 silly tar     _eventsCount: 0,
2182 silly tar     _maxListeners: undefined,
2182 silly tar     writable: false,
2182 silly tar     readable: false,
2182 silly tar     extended: null,
2182 silly tar     globalExtended: null,
2182 silly tar     header: Header {
2182 silly tar       cksumValid: true,
2182 silly tar       needPax: false,
2182 silly tar       nullBlock: false,
2182 silly tar       block: null,
2182 silly tar       path: 'package/ReactCommon/react/performance/timeline/PerformanceEntry.h',
2182 silly tar       mode: 420,
2182 silly tar       uid: null,
2182 silly tar       gid: null,
2182 silly tar       size: 2527,
2182 silly tar       mtime: 1985-10-26T08:15:00.000Z,
2182 silly tar       cksum: 9443,
2182 silly tar       linkpath: '',
2182 silly tar       uname: '',
2182 silly tar       gname: '',
2182 silly tar       devmaj: 0,
2182 silly tar       devmin: 0,
2182 silly tar       atime: null,
2182 silly tar       ctime: null,
2182 silly tar       [Symbol(type)]: '0'
2182 silly tar     },
2182 silly tar     startBlockSize: 2560,
2182 silly tar     blockRemain: 0,
2182 silly tar     remain: 0,
2182 silly tar     type: 'File',
2182 silly tar     meta: false,
2182 silly tar     ignore: false,
2182 silly tar     path: 'ReactCommon/react/performance/timeline/PerformanceEntry.h',
2182 silly tar     mode: 438,
2182 silly tar     uid: null,
2182 silly tar     gid: null,
2182 silly tar     uname: '',
2182 silly tar     gname: '',
2182 silly tar     size: 2527,
2182 silly tar     mtime: 1985-10-26T08:15:00.000Z,
2182 silly tar     atime: null,
2182 silly tar     ctime: null,
2182 silly tar     linkpath: '',
2182 silly tar     absolute: 'C:/Users/Ansi/Desktop/FixNow/node_modules/react-native/ReactCommon/react/performance/timeline/PerformanceEntry.h',
2182 silly tar     [Symbol(shapeMode)]: false,
2182 silly tar     [Symbol(kCapture)]: false,
2182 silly tar     [Symbol(flowing)]: false,
2182 silly tar     [Symbol(paused)]: true,
2182 silly tar     [Symbol(pipes)]: [ [Pipe] ],
2182 silly tar     [Symbol(buffer)]: [],
2182 silly tar     [Symbol(objectMode)]: false,
2182 silly tar     [Symbol(encoding)]: null,
2182 silly tar     [Symbol(async)]: false,
2182 silly tar     [Symbol(decoder)]: null,
2182 silly tar     [Symbol(EOF)]: true,
2182 silly tar     [Symbol(emittedEnd)]: true,
2182 silly tar     [Symbol(emittingEnd)]: false,
2182 silly tar     [Symbol(closed)]: false,
2182 silly tar     [Symbol(emittedError)]: null,
2182 silly tar     [Symbol(bufferLength)]: 0,
2182 silly tar     [Symbol(destroyed)]: false,
2182 silly tar     [Symbol(signal)]: undefined,
2182 silly tar     [Symbol(aborted)]: false
2182 silly tar   },
2182 silly tar   cwd: 'C:/Users/Ansi/Desktop/FixNow/node_modules/react-native',
2182 silly tar   tarCode: 'TAR_ENTRY_ERROR'
2182 silly tar }
2183 warn tar TAR_ENTRY_ERROR ENOENT: no such file or directory, open 'C:\Users\Ansi\Desktop\FixNow\node_modules\react-native\ReactCommon\react\performance\timeline\PerformanceEntryBuffer.h'
2184 silly tar TAR_ENTRY_ERROR ENOENT: no such file or directory, open 'C:\Users\Ansi\Desktop\FixNow\node_modules\react-native\ReactCommon\react\performance\timeline\PerformanceEntryBuffer.h' [Error: ENOENT: no such file or directory, open 'C:\Users\Ansi\Desktop\FixNow\node_modules\react-native\ReactCommon\react\performance\timeline\PerformanceEntryBuffer.h'] {
2184 silly tar   errno: -4058,
2184 silly tar   code: 'ENOENT',
2184 silly tar   syscall: 'open',
2184 silly tar   path: 'C:\\Users\\Ansi\\Desktop\\FixNow\\node_modules\\react-native\\ReactCommon\\react\\performance\\timeline\\PerformanceEntryBuffer.h',
2184 silly tar   entry: ReadEntry {
2184 silly tar     _events: [Object: null prototype] {},
2184 silly tar     _eventsCount: 0,
2184 silly tar     _maxListeners: undefined,
2184 silly tar     writable: false,
2184 silly tar     readable: false,
2184 silly tar     extended: null,
2184 silly tar     globalExtended: null,
2184 silly tar     header: Header {
2184 silly tar       cksumValid: true,
2184 silly tar       needPax: false,
2184 silly tar       nullBlock: false,
2184 silly tar       block: null,
2184 silly tar       path: 'package/ReactCommon/react/performance/timeline/PerformanceEntryBuffer.h',
2184 silly tar       mode: 420,
2184 silly tar       uid: null,
2184 silly tar       gid: null,
2184 silly tar       size: 1161,
2184 silly tar       mtime: 1985-10-26T08:15:00.000Z,
2184 silly tar       cksum: 10030,
2184 silly tar       linkpath: '',
2184 silly tar       uname: '',
2184 silly tar       gname: '',
2184 silly tar       devmaj: 0,
2184 silly tar       devmin: 0,
2184 silly tar       atime: null,
2184 silly tar       ctime: null,
2184 silly tar       [Symbol(type)]: '0'
2184 silly tar     },
2184 silly tar     startBlockSize: 1536,
2184 silly tar     blockRemain: 0,
2184 silly tar     remain: 0,
2184 silly tar     type: 'File',
2184 silly tar     meta: false,
2184 silly tar     ignore: false,
2184 silly tar     path: 'ReactCommon/react/performance/timeline/PerformanceEntryBuffer.h',
2184 silly tar     mode: 438,
2184 silly tar     uid: null,
2184 silly tar     gid: null,
2184 silly tar     uname: '',
2184 silly tar     gname: '',
2184 silly tar     size: 1161,
2184 silly tar     mtime: 1985-10-26T08:15:00.000Z,
2184 silly tar     atime: null,
2184 silly tar     ctime: null,
2184 silly tar     linkpath: '',
2184 silly tar     absolute: 'C:/Users/Ansi/Desktop/FixNow/node_modules/react-native/ReactCommon/react/performance/timeline/PerformanceEntryBuffer.h',
2184 silly tar     [Symbol(shapeMode)]: false,
2184 silly tar     [Symbol(kCapture)]: false,
2184 silly tar     [Symbol(flowing)]: false,
2184 silly tar     [Symbol(paused)]: true,
2184 silly tar     [Symbol(pipes)]: [ [Pipe] ],
2184 silly tar     [Symbol(buffer)]: [],
2184 silly tar     [Symbol(objectMode)]: false,
2184 silly tar     [Symbol(encoding)]: null,
2184 silly tar     [Symbol(async)]: false,
2184 silly tar     [Symbol(decoder)]: null,
2184 silly tar     [Symbol(EOF)]: true,
2184 silly tar     [Symbol(emittedEnd)]: true,
2184 silly tar     [Symbol(emittingEnd)]: false,
2184 silly tar     [Symbol(closed)]: false,
2184 silly tar     [Symbol(emittedError)]: null,
2184 silly tar     [Symbol(bufferLength)]: 0,
2184 silly tar     [Symbol(destroyed)]: false,
2184 silly tar     [Symbol(signal)]: undefined,
2184 silly tar     [Symbol(aborted)]: false
2184 silly tar   },
2184 silly tar   cwd: 'C:/Users/Ansi/Desktop/FixNow/node_modules/react-native',
2184 silly tar   tarCode: 'TAR_ENTRY_ERROR'
2184 silly tar }
2185 warn tar TAR_ENTRY_ERROR ENOENT: no such file or directory, open 'C:\Users\Ansi\Desktop\FixNow\node_modules\react-native\ReactCommon\react\performance\timeline\PerformanceEntryCircularBuffer.h'
2186 silly tar TAR_ENTRY_ERROR ENOENT: no such file or directory, open 'C:\Users\Ansi\Desktop\FixNow\node_modules\react-native\ReactCommon\react\performance\timeline\PerformanceEntryCircularBuffer.h' [Error: ENOENT: no such file or directory, open 'C:\Users\Ansi\Desktop\FixNow\node_modules\react-native\ReactCommon\react\performance\timeline\PerformanceEntryCircularBuffer.h'] {
2186 silly tar   errno: -4058,
2186 silly tar   code: 'ENOENT',
2186 silly tar   syscall: 'open',
2186 silly tar   path: 'C:\\Users\\Ansi\\Desktop\\FixNow\\node_modules\\react-native\\ReactCommon\\react\\performance\\timeline\\PerformanceEntryCircularBuffer.h',
2186 silly tar   entry: ReadEntry {
2186 silly tar     _events: [Object: null prototype] {},
2186 silly tar     _eventsCount: 0,
2186 silly tar     _maxListeners: undefined,
2186 silly tar     writable: false,
2186 silly tar     readable: false,
2186 silly tar     extended: null,
2186 silly tar     globalExtended: null,
2186 silly tar     header: Header {
2186 silly tar       cksumValid: true,
2186 silly tar       needPax: false,
2186 silly tar       nullBlock: false,
2186 silly tar       block: null,
2186 silly tar       path: 'package/ReactCommon/react/performance/timeline/PerformanceEntryCircularBuffer.h',
2186 silly tar       mode: 420,
2186 silly tar       uid: null,
2186 silly tar       gid: null,
2186 silly tar       size: 911,
2186 silly tar       mtime: 1985-10-26T08:15:00.000Z,
2186 silly tar       cksum: 10860,
2186 silly tar       linkpath: '',
2186 silly tar       uname: '',
2186 silly tar       gname: '',
2186 silly tar       devmaj: 0,
2186 silly tar       devmin: 0,
2186 silly tar       atime: null,
2186 silly tar       ctime: null,
2186 silly tar       [Symbol(type)]: '0'
2186 silly tar     },
2186 silly tar     startBlockSize: 1024,
2186 silly tar     blockRemain: 0,
2186 silly tar     remain: 0,
2186 silly tar     type: 'File',
2186 silly tar     meta: false,
2186 silly tar     ignore: false,
2186 silly tar     path: 'ReactCommon/react/performance/timeline/PerformanceEntryCircularBuffer.h',
2186 silly tar     mode: 438,
2186 silly tar     uid: null,
2186 silly tar     gid: null,
2186 silly tar     uname: '',
2186 silly tar     gname: '',
2186 silly tar     size: 911,
2186 silly tar     mtime: 1985-10-26T08:15:00.000Z,
2186 silly tar     atime: null,
2186 silly tar     ctime: null,
2186 silly tar     linkpath: '',
2186 silly tar     absolute: 'C:/Users/Ansi/Desktop/FixNow/node_modules/react-native/ReactCommon/react/performance/timeline/PerformanceEntryCircularBuffer.h',
2186 silly tar     [Symbol(shapeMode)]: false,
2186 silly tar     [Symbol(kCapture)]: false,
2186 silly tar     [Symbol(flowing)]: false,
2186 silly tar     [Symbol(paused)]: true,
2186 silly tar     [Symbol(pipes)]: [ [Pipe] ],
2186 silly tar     [Symbol(buffer)]: [],
2186 silly tar     [Symbol(objectMode)]: false,
2186 silly tar     [Symbol(encoding)]: null,
2186 silly tar     [Symbol(async)]: false,
2186 silly tar     [Symbol(decoder)]: null,
2186 silly tar     [Symbol(EOF)]: true,
2186 silly tar     [Symbol(emittedEnd)]: true,
2186 silly tar     [Symbol(emittingEnd)]: false,
2186 silly tar     [Symbol(closed)]: false,
2186 silly tar     [Symbol(emittedError)]: null,
2186 silly tar     [Symbol(bufferLength)]: 0,
2186 silly tar     [Symbol(destroyed)]: false,
2186 silly tar     [Symbol(signal)]: undefined,
2186 silly tar     [Symbol(aborted)]: false
2186 silly tar   },
2186 silly tar   cwd: 'C:/Users/Ansi/Desktop/FixNow/node_modules/react-native',
2186 silly tar   tarCode: 'TAR_ENTRY_ERROR'
2186 silly tar }
2187 warn tar TAR_ENTRY_ERROR ENOENT: no such file or directory, open 'C:\Users\Ansi\Desktop\FixNow\node_modules\react-native\ReactCommon\react\performance\timeline\PerformanceEntryKeyedBuffer.h'
2188 silly tar TAR_ENTRY_ERROR ENOENT: no such file or directory, open 'C:\Users\Ansi\Desktop\FixNow\node_modules\react-native\ReactCommon\react\performance\timeline\PerformanceEntryKeyedBuffer.h' [Error: ENOENT: no such file or directory, open 'C:\Users\Ansi\Desktop\FixNow\node_modules\react-native\ReactCommon\react\performance\timeline\PerformanceEntryKeyedBuffer.h'] {
2188 silly tar   errno: -4058,
2188 silly tar   code: 'ENOENT',
2188 silly tar   syscall: 'open',
2188 silly tar   path: 'C:\\Users\\Ansi\\Desktop\\FixNow\\node_modules\\react-native\\ReactCommon\\react\\performance\\timeline\\PerformanceEntryKeyedBuffer.h',
2188 silly tar   entry: ReadEntry {
2188 silly tar     _events: [Object: null prototype] {},
2188 silly tar     _eventsCount: 0,
2188 silly tar     _maxListeners: undefined,
2188 silly tar     writable: false,
2188 silly tar     readable: false,
2188 silly tar     extended: null,
2188 silly tar     globalExtended: null,
2188 silly tar     header: Header {
2188 silly tar       cksumValid: true,
2188 silly tar       needPax: false,
2188 silly tar       nullBlock: false,
2188 silly tar       block: null,
2188 silly tar       path: 'package/ReactCommon/react/performance/timeline/PerformanceEntryKeyedBuffer.h',
2188 silly tar       mode: 420,
2188 silly tar       uid: null,
2188 silly tar       gid: null,
2188 silly tar       size: 963,
2188 silly tar       mtime: 1985-10-26T08:15:00.000Z,
2188 silly tar       cksum: 10533,
2188 silly tar       linkpath: '',
2188 silly tar       uname: '',
2188 silly tar       gname: '',
2188 silly tar       devmaj: 0,
2188 silly tar       devmin: 0,
2188 silly tar       atime: null,
2188 silly tar       ctime: null,
2188 silly tar       [Symbol(type)]: '0'
2188 silly tar     },
2188 silly tar     startBlockSize: 1024,
2188 silly tar     blockRemain: 0,
2188 silly tar     remain: 0,
2188 silly tar     type: 'File',
2188 silly tar     meta: false,
2188 silly tar     ignore: false,
2188 silly tar     path: 'ReactCommon/react/performance/timeline/PerformanceEntryKeyedBuffer.h',
2188 silly tar     mode: 438,
2188 silly tar     uid: null,
2188 silly tar     gid: null,
2188 silly tar     uname: '',
2188 silly tar     gname: '',
2188 silly tar     size: 963,
2188 silly tar     mtime: 1985-10-26T08:15:00.000Z,
2188 silly tar     atime: null,
2188 silly tar     ctime: null,
2188 silly tar     linkpath: '',
2188 silly tar     absolute: 'C:/Users/Ansi/Desktop/FixNow/node_modules/react-native/ReactCommon/react/performance/timeline/PerformanceEntryKeyedBuffer.h',
2188 silly tar     [Symbol(shapeMode)]: false,
2188 silly tar     [Symbol(kCapture)]: false,
2188 silly tar     [Symbol(flowing)]: false,
2188 silly tar     [Symbol(paused)]: true,
2188 silly tar     [Symbol(pipes)]: [ [Pipe] ],
2188 silly tar     [Symbol(buffer)]: [],
2188 silly tar     [Symbol(objectMode)]: false,
2188 silly tar     [Symbol(encoding)]: null,
2188 silly tar     [Symbol(async)]: false,
2188 silly tar     [Symbol(decoder)]: null,
2188 silly tar     [Symbol(EOF)]: true,
2188 silly tar     [Symbol(emittedEnd)]: true,
2188 silly tar     [Symbol(emittingEnd)]: false,
2188 silly tar     [Symbol(closed)]: false,
2188 silly tar     [Symbol(emittedError)]: null,
2188 silly tar     [Symbol(bufferLength)]: 0,
2188 silly tar     [Symbol(destroyed)]: false,
2188 silly tar     [Symbol(signal)]: undefined,
2188 silly tar     [Symbol(aborted)]: false
2188 silly tar   },
2188 silly tar   cwd: 'C:/Users/Ansi/Desktop/FixNow/node_modules/react-native',
2188 silly tar   tarCode: 'TAR_ENTRY_ERROR'
2188 silly tar }
2189 warn tar TAR_ENTRY_ERROR ENOENT: no such file or directory, open 'C:\Users\Ansi\Desktop\FixNow\node_modules\react-native\ReactCommon\react\performance\timeline\PerformanceEntryReporter.h'
2190 silly tar TAR_ENTRY_ERROR ENOENT: no such file or directory, open 'C:\Users\Ansi\Desktop\FixNow\node_modules\react-native\ReactCommon\react\performance\timeline\PerformanceEntryReporter.h' [Error: ENOENT: no such file or directory, open 'C:\Users\Ansi\Desktop\FixNow\node_modules\react-native\ReactCommon\react\performance\timeline\PerformanceEntryReporter.h'] {
2190 silly tar   errno: -4058,
2190 silly tar   code: 'ENOENT',
2190 silly tar   syscall: 'open',
2190 silly tar   path: 'C:\\Users\\Ansi\\Desktop\\FixNow\\node_modules\\react-native\\ReactCommon\\react\\performance\\timeline\\PerformanceEntryReporter.h',
2190 silly tar   entry: ReadEntry {
2190 silly tar     _events: [Object: null prototype] { end: [Function (anonymous)] },
2190 silly tar     _eventsCount: 1,
2190 silly tar     _maxListeners: undefined,
2190 silly tar     writable: false,
2190 silly tar     readable: true,
2190 silly tar     extended: null,
2190 silly tar     globalExtended: null,
2190 silly tar     header: Header {
2190 silly tar       cksumValid: true,
2190 silly tar       needPax: false,
2190 silly tar       nullBlock: false,
2190 silly tar       block: null,
2190 silly tar       path: 'package/ReactCommon/react/performance/timeline/PerformanceEntryReporter.h',
2190 silly tar       mode: 420,
2190 silly tar       uid: null,
2190 silly tar       gid: null,
2190 silly tar       size: 5731,
2190 silly tar       mtime: 1985-10-26T08:15:00.000Z,
2190 silly tar       cksum: 10285,
2190 silly tar       linkpath: '',
2190 silly tar       uname: '',
2190 silly tar       gname: '',
2190 silly tar       devmaj: 0,
2190 silly tar       devmin: 0,
2190 silly tar       atime: null,
2190 silly tar       ctime: null,
2190 silly tar       [Symbol(type)]: '0'
2190 silly tar     },
2190 silly tar     startBlockSize: 6144,
2190 silly tar     blockRemain: 0,
2190 silly tar     remain: 0,
2190 silly tar     type: 'File',
2190 silly tar     meta: false,
2190 silly tar     ignore: false,
2190 silly tar     path: 'ReactCommon/react/performance/timeline/PerformanceEntryReporter.h',
2190 silly tar     mode: 438,
2190 silly tar     uid: null,
2190 silly tar     gid: null,
2190 silly tar     uname: '',
2190 silly tar     gname: '',
2190 silly tar     size: 5731,
2190 silly tar     mtime: 1985-10-26T08:15:00.000Z,
2190 silly tar     atime: null,
2190 silly tar     ctime: null,
2190 silly tar     linkpath: '',
2190 silly tar     absolute: 'C:/Users/Ansi/Desktop/FixNow/node_modules/react-native/ReactCommon/react/performance/timeline/PerformanceEntryReporter.h',
2190 silly tar     [Symbol(shapeMode)]: false,
2190 silly tar     [Symbol(kCapture)]: false,
2190 silly tar     [Symbol(flowing)]: false,
2190 silly tar     [Symbol(paused)]: true,
2190 silly tar     [Symbol(pipes)]: [ [Pipe] ],
2190 silly tar     [Symbol(buffer)]: [
2190 silly tar       <Buffer 6e 63 74 69 6f 6e 3c 48 69 67 68 52 65 73 54 69 6d 65 53 74 61 6d 70 28 29 3e 20 74 69 6d 65 53 74 61 6d 70 50 72 6f 76 69 64 65 72 5f 20 3d 20 6e 75 ... 1487 more bytes>
2190 silly tar     ],
2190 silly tar     [Symbol(objectMode)]: false,
2190 silly tar     [Symbol(encoding)]: null,
2190 silly tar     [Symbol(async)]: false,
2190 silly tar     [Symbol(decoder)]: null,
2190 silly tar     [Symbol(EOF)]: true,
2190 silly tar     [Symbol(emittedEnd)]: false,
2190 silly tar     [Symbol(emittingEnd)]: false,
2190 silly tar     [Symbol(closed)]: false,
2190 silly tar     [Symbol(emittedError)]: null,
2190 silly tar     [Symbol(bufferLength)]: 1537,
2190 silly tar     [Symbol(destroyed)]: false,
2190 silly tar     [Symbol(signal)]: undefined,
2190 silly tar     [Symbol(aborted)]: false
2190 silly tar   },
2190 silly tar   cwd: 'C:/Users/Ansi/Desktop/FixNow/node_modules/react-native',
2190 silly tar   tarCode: 'TAR_ENTRY_ERROR'
2190 silly tar }
2191 warn tar TAR_ENTRY_ERROR ENOENT: no such file or directory, open 'C:\Users\Ansi\Desktop\FixNow\node_modules\react-native\ReactCommon\react\performance\timeline\PerformanceObserver.h'
2192 silly tar TAR_ENTRY_ERROR ENOENT: no such file or directory, open 'C:\Users\Ansi\Desktop\FixNow\node_modules\react-native\ReactCommon\react\performance\timeline\PerformanceObserver.h' [Error: ENOENT: no such file or directory, open 'C:\Users\Ansi\Desktop\FixNow\node_modules\react-native\ReactCommon\react\performance\timeline\PerformanceObserver.h'] {
2192 silly tar   errno: -4058,
2192 silly tar   code: 'ENOENT',
2192 silly tar   syscall: 'open',
2192 silly tar   path: 'C:\\Users\\Ansi\\Desktop\\FixNow\\node_modules\\react-native\\ReactCommon\\react\\performance\\timeline\\PerformanceObserver.h',
2192 silly tar   entry: ReadEntry {
2192 silly tar     _events: [Object: null prototype] {},
2192 silly tar     _eventsCount: 0,
2192 silly tar     _maxListeners: undefined,
2192 silly tar     writable: false,
2192 silly tar     readable: false,
2192 silly tar     extended: null,
2192 silly tar     globalExtended: null,
2192 silly tar     header: Header {
2192 silly tar       cksumValid: true,
2192 silly tar       needPax: false,
2192 silly tar       nullBlock: false,
2192 silly tar       block: null,
2192 silly tar       path: 'package/ReactCommon/react/performance/timeline/PerformanceObserver.h',
2192 silly tar       mode: 420,
2192 silly tar       uid: null,
2192 silly tar       gid: null,
2192 silly tar       size: 4186,
2192 silly tar       mtime: 1985-10-26T08:15:00.000Z,
2192 silly tar       cksum: 9739,
2192 silly tar       linkpath: '',
2192 silly tar       uname: '',
2192 silly tar       gname: '',
2192 silly tar       devmaj: 0,
2192 silly tar       devmin: 0,
2192 silly tar       atime: null,
2192 silly tar       ctime: null,
2192 silly tar       [Symbol(type)]: '0'
2192 silly tar     },
2192 silly tar     startBlockSize: 4608,
2192 silly tar     blockRemain: 0,
2192 silly tar     remain: 0,
2192 silly tar     type: 'File',
2192 silly tar     meta: false,
2192 silly tar     ignore: false,
2192 silly tar     path: 'ReactCommon/react/performance/timeline/PerformanceObserver.h',
2192 silly tar     mode: 438,
2192 silly tar     uid: null,
2192 silly tar     gid: null,
2192 silly tar     uname: '',
2192 silly tar     gname: '',
2192 silly tar     size: 4186,
2192 silly tar     mtime: 1985-10-26T08:15:00.000Z,
2192 silly tar     atime: null,
2192 silly tar     ctime: null,
2192 silly tar     linkpath: '',
2192 silly tar     absolute: 'C:/Users/Ansi/Desktop/FixNow/node_modules/react-native/ReactCommon/react/performance/timeline/PerformanceObserver.h',
2192 silly tar     [Symbol(shapeMode)]: false,
2192 silly tar     [Symbol(kCapture)]: false,
2192 silly tar     [Symbol(flowing)]: false,
2192 silly tar     [Symbol(paused)]: true,
2192 silly tar     [Symbol(pipes)]: [ [Pipe] ],
2192 silly tar     [Symbol(buffer)]: [],
2192 silly tar     [Symbol(objectMode)]: false,
2192 silly tar     [Symbol(encoding)]: null,
2192 silly tar     [Symbol(async)]: false,
2192 silly tar     [Symbol(decoder)]: null,
2192 silly tar     [Symbol(EOF)]: true,
2192 silly tar     [Symbol(emittedEnd)]: true,
2192 silly tar     [Symbol(emittingEnd)]: false,
2192 silly tar     [Symbol(closed)]: false,
2192 silly tar     [Symbol(emittedError)]: null,
2192 silly tar     [Symbol(bufferLength)]: 0,
2192 silly tar     [Symbol(destroyed)]: false,
2192 silly tar     [Symbol(signal)]: undefined,
2192 silly tar     [Symbol(aborted)]: false
2192 silly tar   },
2192 silly tar   cwd: 'C:/Users/Ansi/Desktop/FixNow/node_modules/react-native',
2192 silly tar   tarCode: 'TAR_ENTRY_ERROR'
2192 silly tar }
2193 warn tar TAR_ENTRY_ERROR ENOENT: no such file or directory, open 'C:\Users\Ansi\Desktop\FixNow\node_modules\react-native\ReactCommon\react\performance\timeline\PerformanceObserverRegistry.h'
2194 silly tar TAR_ENTRY_ERROR ENOENT: no such file or directory, open 'C:\Users\Ansi\Desktop\FixNow\node_modules\react-native\ReactCommon\react\performance\timeline\PerformanceObserverRegistry.h' [Error: ENOENT: no such file or directory, open 'C:\Users\Ansi\Desktop\FixNow\node_modules\react-native\ReactCommon\react\performance\timeline\PerformanceObserverRegistry.h'] {
2194 silly tar   errno: -4058,
2194 silly tar   code: 'ENOENT',
2194 silly tar   syscall: 'open',
2194 silly tar   path: 'C:\\Users\\Ansi\\Desktop\\FixNow\\node_modules\\react-native\\ReactCommon\\react\\performance\\timeline\\PerformanceObserverRegistry.h',
2194 silly tar   entry: ReadEntry {
2194 silly tar     _events: [Object: null prototype] {},
2194 silly tar     _eventsCount: 0,
2194 silly tar     _maxListeners: undefined,
2194 silly tar     writable: false,
2194 silly tar     readable: false,
2194 silly tar     extended: null,
2194 silly tar     globalExtended: null,
2194 silly tar     header: Header {
2194 silly tar       cksumValid: true,
2194 silly tar       needPax: false,
2194 silly tar       nullBlock: false,
2194 silly tar       block: null,
2194 silly tar       path: 'package/ReactCommon/react/performance/timeline/PerformanceObserverRegistry.h',
2194 silly tar       mode: 420,
2194 silly tar       uid: null,
2194 silly tar       gid: null,
2194 silly tar       size: 1290,
2194 silly tar       mtime: 1985-10-26T08:15:00.000Z,
2194 silly tar       cksum: 10598,
2194 silly tar       linkpath: '',
2194 silly tar       uname: '',
2194 silly tar       gname: '',
2194 silly tar       devmaj: 0,
2194 silly tar       devmin: 0,
2194 silly tar       atime: null,
2194 silly tar       ctime: null,
2194 silly tar       [Symbol(type)]: '0'
2194 silly tar     },
2194 silly tar     startBlockSize: 1536,
2194 silly tar     blockRemain: 0,
2194 silly tar     remain: 0,
2194 silly tar     type: 'File',
2194 silly tar     meta: false,
2194 silly tar     ignore: false,
2194 silly tar     path: 'ReactCommon/react/performance/timeline/PerformanceObserverRegistry.h',
2194 silly tar     mode: 438,
2194 silly tar     uid: null,
2194 silly tar     gid: null,
2194 silly tar     uname: '',
2194 silly tar     gname: '',
2194 silly tar     size: 1290,
2194 silly tar     mtime: 1985-10-26T08:15:00.000Z,
2194 silly tar     atime: null,
2194 silly tar     ctime: null,
2194 silly tar     linkpath: '',
2194 silly tar     absolute: 'C:/Users/Ansi/Desktop/FixNow/node_modules/react-native/ReactCommon/react/performance/timeline/PerformanceObserverRegistry.h',
2194 silly tar     [Symbol(shapeMode)]: false,
2194 silly tar     [Symbol(kCapture)]: false,
2194 silly tar     [Symbol(flowing)]: false,
2194 silly tar     [Symbol(paused)]: true,
2194 silly tar     [Symbol(pipes)]: [ [Pipe] ],
2194 silly tar     [Symbol(buffer)]: [],
2194 silly tar     [Symbol(objectMode)]: false,
2194 silly tar     [Symbol(encoding)]: null,
2194 silly tar     [Symbol(async)]: false,
2194 silly tar     [Symbol(decoder)]: null,
2194 silly tar     [Symbol(EOF)]: true,
2194 silly tar     [Symbol(emittedEnd)]: true,
2194 silly tar     [Symbol(emittingEnd)]: false,
2194 silly tar     [Symbol(closed)]: false,
2194 silly tar     [Symbol(emittedError)]: null,
2194 silly tar     [Symbol(bufferLength)]: 0,
2194 silly tar     [Symbol(destroyed)]: false,
2194 silly tar     [Symbol(signal)]: undefined,
2194 silly tar     [Symbol(aborted)]: false
2194 silly tar   },
2194 silly tar   cwd: 'C:/Users/Ansi/Desktop/FixNow/node_modules/react-native',
2194 silly tar   tarCode: 'TAR_ENTRY_ERROR'
2194 silly tar }
2195 warn tar TAR_ENTRY_ERROR ENOENT: no such file or directory, open 'C:\Users\Ansi\Desktop\FixNow\node_modules\react-native\ReactCommon\jsinspector-modern\tracing\PerformanceTracer.h'
2196 silly tar TAR_ENTRY_ERROR ENOENT: no such file or directory, open 'C:\Users\Ansi\Desktop\FixNow\node_modules\react-native\ReactCommon\jsinspector-modern\tracing\PerformanceTracer.h' [Error: ENOENT: no such file or directory, open 'C:\Users\Ansi\Desktop\FixNow\node_modules\react-native\ReactCommon\jsinspector-modern\tracing\PerformanceTracer.h'] {
2196 silly tar   errno: -4058,
2196 silly tar   code: 'ENOENT',
2196 silly tar   syscall: 'open',
2196 silly tar   path: 'C:\\Users\\Ansi\\Desktop\\FixNow\\node_modules\\react-native\\ReactCommon\\jsinspector-modern\\tracing\\PerformanceTracer.h',
2196 silly tar   entry: ReadEntry {
2196 silly tar     _events: [Object: null prototype] {},
2196 silly tar     _eventsCount: 0,
2196 silly tar     _maxListeners: undefined,
2196 silly tar     writable: false,
2196 silly tar     readable: false,
2196 silly tar     extended: null,
2196 silly tar     globalExtended: null,
2196 silly tar     header: Header {
2196 silly tar       cksumValid: true,
2196 silly tar       needPax: false,
2196 silly tar       nullBlock: false,
2196 silly tar       block: null,
2196 silly tar       path: 'package/ReactCommon/jsinspector-modern/tracing/PerformanceTracer.h',
2196 silly tar       mode: 420,
2196 silly tar       uid: null,
2196 silly tar       gid: null,
2196 silly tar       size: 5756,
2196 silly tar       mtime: 1985-10-26T08:15:00.000Z,
2196 silly tar       cksum: 9556,
2196 silly tar       linkpath: '',
2196 silly tar       uname: '',
2196 silly tar       gname: '',
2196 silly tar       devmaj: 0,
2196 silly tar       devmin: 0,
2196 silly tar       atime: null,
2196 silly tar       ctime: null,
2196 silly tar       [Symbol(type)]: '0'
2196 silly tar     },
2196 silly tar     startBlockSize: 6144,
2196 silly tar     blockRemain: 0,
2196 silly tar     remain: 0,
2196 silly tar     type: 'File',
2196 silly tar     meta: false,
2196 silly tar     ignore: false,
2196 silly tar     path: 'ReactCommon/jsinspector-modern/tracing/PerformanceTracer.h',
2196 silly tar     mode: 438,
2196 silly tar     uid: null,
2196 silly tar     gid: null,
2196 silly tar     uname: '',
2196 silly tar     gname: '',
2196 silly tar     size: 5756,
2196 silly tar     mtime: 1985-10-26T08:15:00.000Z,
2196 silly tar     atime: null,
2196 silly tar     ctime: null,
2196 silly tar     linkpath: '',
2196 silly tar     absolute: 'C:/Users/Ansi/Desktop/FixNow/node_modules/react-native/ReactCommon/jsinspector-modern/tracing/PerformanceTracer.h',
2196 silly tar     [Symbol(shapeMode)]: false,
2196 silly tar     [Symbol(kCapture)]: false,
2196 silly tar     [Symbol(flowing)]: false,
2196 silly tar     [Symbol(paused)]: true,
2196 silly tar     [Symbol(pipes)]: [ [Pipe] ],
2196 silly tar     [Symbol(buffer)]: [],
2196 silly tar     [Symbol(objectMode)]: false,
2196 silly tar     [Symbol(encoding)]: null,
2196 silly tar     [Symbol(async)]: false,
2196 silly tar     [Symbol(decoder)]: null,
2196 silly tar     [Symbol(EOF)]: true,
2196 silly tar     [Symbol(emittedEnd)]: true,
2196 silly tar     [Symbol(emittingEnd)]: false,
2196 silly tar     [Symbol(closed)]: false,
2196 silly tar     [Symbol(emittedError)]: null,
2196 silly tar     [Symbol(bufferLength)]: 0,
2196 silly tar     [Symbol(destroyed)]: false,
2196 silly tar     [Symbol(signal)]: undefined,
2196 silly tar     [Symbol(aborted)]: false
2196 silly tar   },
2196 silly tar   cwd: 'C:/Users/Ansi/Desktop/FixNow/node_modules/react-native',
2196 silly tar   tarCode: 'TAR_ENTRY_ERROR'
2196 silly tar }
2197 warn tar TAR_ENTRY_ERROR ENOENT: no such file or directory, open 'C:\Users\Ansi\Desktop\FixNow\node_modules\react-native\ReactCommon\yoga\yoga\enums\PhysicalEdge.h'
2198 silly tar TAR_ENTRY_ERROR ENOENT: no such file or directory, open 'C:\Users\Ansi\Desktop\FixNow\node_modules\react-native\ReactCommon\yoga\yoga\enums\PhysicalEdge.h' [Error: ENOENT: no such file or directory, open 'C:\Users\Ansi\Desktop\FixNow\node_modules\react-native\ReactCommon\yoga\yoga\enums\PhysicalEdge.h'] {
2198 silly tar   errno: -4058,
2198 silly tar   code: 'ENOENT',
2198 silly tar   syscall: 'open',
2198 silly tar   path: 'C:\\Users\\Ansi\\Desktop\\FixNow\\node_modules\\react-native\\ReactCommon\\yoga\\yoga\\enums\\PhysicalEdge.h',
2198 silly tar   entry: ReadEntry {
2198 silly tar     _events: [Object: null prototype] {},
2198 silly tar     _eventsCount: 0,
2198 silly tar     _maxListeners: undefined,
2198 silly tar     writable: false,
2198 silly tar     readable: false,
2198 silly tar     extended: null,
2198 silly tar     globalExtended: null,
2198 silly tar     header: Header {
2198 silly tar       cksumValid: true,
2198 silly tar       needPax: false,
2198 silly tar       nullBlock: false,
2198 silly tar       block: null,
2198 silly tar       path: 'package/ReactCommon/yoga/yoga/enums/PhysicalEdge.h',
2198 silly tar       mode: 420,
2198 silly tar       uid: null,
2198 silly tar       gid: null,
2198 silly tar       size: 506,
2198 silly tar       mtime: 1985-10-26T08:15:00.000Z,
2198 silly tar       cksum: 7836,
2198 silly tar       linkpath: '',
2198 silly tar       uname: '',
2198 silly tar       gname: '',
2198 silly tar       devmaj: 0,
2198 silly tar       devmin: 0,
2198 silly tar       atime: null,
2198 silly tar       ctime: null,
2198 silly tar       [Symbol(type)]: '0'
2198 silly tar     },
2198 silly tar     startBlockSize: 512,
2198 silly tar     blockRemain: 0,
2198 silly tar     remain: 0,
2198 silly tar     type: 'File',
2198 silly tar     meta: false,
2198 silly tar     ignore: false,
2198 silly tar     path: 'ReactCommon/yoga/yoga/enums/PhysicalEdge.h',
2198 silly tar     mode: 438,
2198 silly tar     uid: null,
2198 silly tar     gid: null,
2198 silly tar     uname: '',
2198 silly tar     gname: '',
2198 silly tar     size: 506,
2198 silly tar     mtime: 1985-10-26T08:15:00.000Z,
2198 silly tar     atime: null,
2198 silly tar     ctime: null,
2198 silly tar     linkpath: '',
2198 silly tar     absolute: 'C:/Users/Ansi/Desktop/FixNow/node_modules/react-native/ReactCommon/yoga/yoga/enums/PhysicalEdge.h',
2198 silly tar     [Symbol(shapeMode)]: false,
2198 silly tar     [Symbol(kCapture)]: false,
2198 silly tar     [Symbol(flowing)]: false,
2198 silly tar     [Symbol(paused)]: true,
2198 silly tar     [Symbol(pipes)]: [ [Pipe] ],
2198 silly tar     [Symbol(buffer)]: [],
2198 silly tar     [Symbol(objectMode)]: false,
2198 silly tar     [Symbol(encoding)]: null,
2198 silly tar     [Symbol(async)]: false,
2198 silly tar     [Symbol(decoder)]: null,
2198 silly tar     [Symbol(EOF)]: true,
2198 silly tar     [Symbol(emittedEnd)]: true,
2198 silly tar     [Symbol(emittingEnd)]: false,
2198 silly tar     [Symbol(closed)]: false,
2198 silly tar     [Symbol(emittedError)]: null,
2198 silly tar     [Symbol(bufferLength)]: 0,
2198 silly tar     [Symbol(destroyed)]: false,
2198 silly tar     [Symbol(signal)]: undefined,
2198 silly tar     [Symbol(aborted)]: false
2198 silly tar   },
2198 silly tar   cwd: 'C:/Users/Ansi/Desktop/FixNow/node_modules/react-native',
2198 silly tar   tarCode: 'TAR_ENTRY_ERROR'
2198 silly tar }
2199 warn tar TAR_ENTRY_ERROR ENOENT: no such file or directory, open 'C:\Users\Ansi\Desktop\FixNow\node_modules\react-native\ReactCommon\yoga\yoga\algorithm\PixelGrid.h'
2200 silly tar TAR_ENTRY_ERROR ENOENT: no such file or directory, open 'C:\Users\Ansi\Desktop\FixNow\node_modules\react-native\ReactCommon\yoga\yoga\algorithm\PixelGrid.h' [Error: ENOENT: no such file or directory, open 'C:\Users\Ansi\Desktop\FixNow\node_modules\react-native\ReactCommon\yoga\yoga\algorithm\PixelGrid.h'] {
2200 silly tar   errno: -4058,
2200 silly tar   code: 'ENOENT',
2200 silly tar   syscall: 'open',
2200 silly tar   path: 'C:\\Users\\Ansi\\Desktop\\FixNow\\node_modules\\react-native\\ReactCommon\\yoga\\yoga\\algorithm\\PixelGrid.h',
2200 silly tar   entry: ReadEntry {
2200 silly tar     _events: [Object: null prototype] {},
2200 silly tar     _eventsCount: 0,
2200 silly tar     _maxListeners: undefined,
2200 silly tar     writable: false,
2200 silly tar     readable: false,
2200 silly tar     extended: null,
2200 silly tar     globalExtended: null,
2200 silly tar     header: Header {
2200 silly tar       cksumValid: true,
2200 silly tar       needPax: false,
2200 silly tar       nullBlock: false,
2200 silly tar       block: null,
2200 silly tar       path: 'package/ReactCommon/yoga/yoga/algorithm/PixelGrid.h',
2200 silly tar       mode: 420,
2200 silly tar       uid: null,
2200 silly tar       gid: null,
2200 silly tar       size: 704,
2200 silly tar       mtime: 1985-10-26T08:15:00.000Z,
2200 silly tar       cksum: 7941,
2200 silly tar       linkpath: '',
2200 silly tar       uname: '',
2200 silly tar       gname: '',
2200 silly tar       devmaj: 0,
2200 silly tar       devmin: 0,
2200 silly tar       atime: null,
2200 silly tar       ctime: null,
2200 silly tar       [Symbol(type)]: '0'
2200 silly tar     },
2200 silly tar     startBlockSize: 1024,
2200 silly tar     blockRemain: 0,
2200 silly tar     remain: 0,
2200 silly tar     type: 'File',
2200 silly tar     meta: false,
2200 silly tar     ignore: false,
2200 silly tar     path: 'ReactCommon/yoga/yoga/algorithm/PixelGrid.h',
2200 silly tar     mode: 438,
2200 silly tar     uid: null,
2200 silly tar     gid: null,
2200 silly tar     uname: '',
2200 silly tar     gname: '',
2200 silly tar     size: 704,
2200 silly tar     mtime: 1985-10-26T08:15:00.000Z,
2200 silly tar     atime: null,
2200 silly tar     ctime: null,
2200 silly tar     linkpath: '',
2200 silly tar     absolute: 'C:/Users/Ansi/Desktop/FixNow/node_modules/react-native/ReactCommon/yoga/yoga/algorithm/PixelGrid.h',
2200 silly tar     [Symbol(shapeMode)]: false,
2200 silly tar     [Symbol(kCapture)]: false,
2200 silly tar     [Symbol(flowing)]: false,
2200 silly tar     [Symbol(paused)]: true,
2200 silly tar     [Symbol(pipes)]: [ [Pipe] ],
2200 silly tar     [Symbol(buffer)]: [],
2200 silly tar     [Symbol(objectMode)]: false,
2200 silly tar     [Symbol(encoding)]: null,
2200 silly tar     [Symbol(async)]: false,
2200 silly tar     [Symbol(decoder)]: null,
2200 silly tar     [Symbol(EOF)]: true,
2200 silly tar     [Symbol(emittedEnd)]: true,
2200 silly tar     [Symbol(emittingEnd)]: false,
2200 silly tar     [Symbol(closed)]: false,
2200 silly tar     [Symbol(emittedError)]: null,
2200 silly tar     [Symbol(bufferLength)]: 0,
2200 silly tar     [Symbol(destroyed)]: false,
2200 silly tar     [Symbol(signal)]: undefined,
2200 silly tar     [Symbol(aborted)]: false
2200 silly tar   },
2200 silly tar   cwd: 'C:/Users/Ansi/Desktop/FixNow/node_modules/react-native',
2200 silly tar   tarCode: 'TAR_ENTRY_ERROR'
2200 silly tar }
2201 warn tar TAR_ENTRY_ERROR ENOENT: no such file or directory, open 'C:\Users\Ansi\Desktop\FixNow\node_modules\react-native\ReactCommon\react\renderer\attributedstring\PlaceholderAttributedString.h'
2202 silly tar TAR_ENTRY_ERROR ENOENT: no such file or directory, open 'C:\Users\Ansi\Desktop\FixNow\node_modules\react-native\ReactCommon\react\renderer\attributedstring\PlaceholderAttributedString.h' [Error: ENOENT: no such file or directory, open 'C:\Users\Ansi\Desktop\FixNow\node_modules\react-native\ReactCommon\react\renderer\attributedstring\PlaceholderAttributedString.h'] {
2202 silly tar   errno: -4058,
2202 silly tar   code: 'ENOENT',
2202 silly tar   syscall: 'open',
2202 silly tar   path: 'C:\\Users\\Ansi\\Desktop\\FixNow\\node_modules\\react-native\\ReactCommon\\react\\renderer\\attributedstring\\PlaceholderAttributedString.h',
2202 silly tar   entry: ReadEntry {
2202 silly tar     _events: [Object: null prototype] {},
2202 silly tar     _eventsCount: 0,
2202 silly tar     _maxListeners: undefined,
2202 silly tar     writable: false,
2202 silly tar     readable: false,
2202 silly tar     extended: null,
2202 silly tar     globalExtended: null,
2202 silly tar     header: Header {
2202 silly tar       cksumValid: true,
2202 silly tar       needPax: false,
2202 silly tar       nullBlock: false,
2202 silly tar       block: null,
2202 silly tar       path: 'package/ReactCommon/react/renderer/attributedstring/PlaceholderAttributedString.h',
2202 silly tar       mode: 420,
2202 silly tar       uid: null,
2202 silly tar       gid: null,
2202 silly tar       size: 1026,
2202 silly tar       mtime: 1985-10-26T08:15:00.000Z,
2202 silly tar       cksum: 11133,
2202 silly tar       linkpath: '',
2202 silly tar       uname: '',
2202 silly tar       gname: '',
2202 silly tar       devmaj: 0,
2202 silly tar       devmin: 0,
2202 silly tar       atime: null,
2202 silly tar       ctime: null,
2202 silly tar       [Symbol(type)]: '0'
2202 silly tar     },
2202 silly tar     startBlockSize: 1536,
2202 silly tar     blockRemain: 0,
2202 silly tar     remain: 0,
2202 silly tar     type: 'File',
2202 silly tar     meta: false,
2202 silly tar     ignore: false,
2202 silly tar     path: 'ReactCommon/react/renderer/attributedstring/PlaceholderAttributedString.h',
2202 silly tar     mode: 438,
2202 silly tar     uid: null,
2202 silly tar     gid: null,
2202 silly tar     uname: '',
2202 silly tar     gname: '',
2202 silly tar     size: 1026,
2202 silly tar     mtime: 1985-10-26T08:15:00.000Z,
2202 silly tar     atime: null,
2202 silly tar     ctime: null,
2202 silly tar     linkpath: '',
2202 silly tar     absolute: 'C:/Users/Ansi/Desktop/FixNow/node_modules/react-native/ReactCommon/react/renderer/attributedstring/PlaceholderAttributedString.h',
2202 silly tar     [Symbol(shapeMode)]: false,
2202 silly tar     [Symbol(kCapture)]: false,
2202 silly tar     [Symbol(flowing)]: false,
2202 silly tar     [Symbol(paused)]: true,
2202 silly tar     [Symbol(pipes)]: [ [Pipe] ],
2202 silly tar     [Symbol(buffer)]: [],
2202 silly tar     [Symbol(objectMode)]: false,
2202 silly tar     [Symbol(encoding)]: null,
2202 silly tar     [Symbol(async)]: false,
2202 silly tar     [Symbol(decoder)]: null,
2202 silly tar     [Symbol(EOF)]: true,
2202 silly tar     [Symbol(emittedEnd)]: true,
2202 silly tar     [Symbol(emittingEnd)]: false,
2202 silly tar     [Symbol(closed)]: false,
2202 silly tar     [Symbol(emittedError)]: null,
2202 silly tar     [Symbol(bufferLength)]: 0,
2202 silly tar     [Symbol(destroyed)]: false,
2202 silly tar     [Symbol(signal)]: undefined,
2202 silly tar     [Symbol(aborted)]: false
2202 silly tar   },
2202 silly tar   cwd: 'C:/Users/Ansi/Desktop/FixNow/node_modules/react-native',
2202 silly tar   tarCode: 'TAR_ENTRY_ERROR'
2202 silly tar }
2203 warn tar TAR_ENTRY_ERROR ENOENT: no such file or directory, open 'C:\Users\Ansi\Desktop\FixNow\node_modules\react-native\ReactCommon\react\renderer\graphics\platform\android\react\renderer\graphics\PlatformColorParser.h'
2204 silly tar TAR_ENTRY_ERROR ENOENT: no such file or directory, open 'C:\Users\Ansi\Desktop\FixNow\node_modules\react-native\ReactCommon\react\renderer\graphics\platform\android\react\renderer\graphics\PlatformColorParser.h' [Error: ENOENT: no such file or directory, open 'C:\Users\Ansi\Desktop\FixNow\node_modules\react-native\ReactCommon\react\renderer\graphics\platform\android\react\renderer\graphics\PlatformColorParser.h'] {
2204 silly tar   errno: -4058,
2204 silly tar   code: 'ENOENT',
2204 silly tar   syscall: 'open',
2204 silly tar   path: 'C:\\Users\\Ansi\\Desktop\\FixNow\\node_modules\\react-native\\ReactCommon\\react\\renderer\\graphics\\platform\\android\\react\\renderer\\graphics\\PlatformColorParser.h',
2204 silly tar   entry: ReadEntry {
2204 silly tar     _events: [Object: null prototype] {},
2204 silly tar     _eventsCount: 0,
2204 silly tar     _maxListeners: undefined,
2204 silly tar     writable: false,
2204 silly tar     readable: false,
2204 silly tar     extended: null,
2204 silly tar     globalExtended: null,
2204 silly tar     header: Header {
2204 silly tar       cksumValid: true,
2204 silly tar       needPax: false,
2204 silly tar       nullBlock: false,
2204 silly tar       block: null,
2204 silly tar       path: 'package/ReactCommon/react/renderer/graphics/platform/android/react/renderer/graphics/PlatformColorParser.h',
2204 silly tar       mode: 420,
2204 silly tar       uid: null,
2204 silly tar       gid: null,
2204 silly tar       size: 2131,
2204 silly tar       mtime: 1985-10-26T08:15:00.000Z,
2204 silly tar       cksum: 13437,
2204 silly tar       linkpath: '',
2204 silly tar       uname: '',
2204 silly tar       gname: '',
2204 silly tar       devmaj: 0,
2204 silly tar       devmin: 0,
2204 silly tar       atime: null,
2204 silly tar       ctime: null,
2204 silly tar       [Symbol(type)]: '0'
2204 silly tar     },
2204 silly tar     startBlockSize: 2560,
2204 silly tar     blockRemain: 0,
2204 silly tar     remain: 0,
2204 silly tar     type: 'File',
2204 silly tar     meta: false,
2204 silly tar     ignore: false,
2204 silly tar     path: 'ReactCommon/react/renderer/graphics/platform/android/react/renderer/graphics/PlatformColorParser.h',
2204 silly tar     mode: 438,
2204 silly tar     uid: null,
2204 silly tar     gid: null,
2204 silly tar     uname: '',
2204 silly tar     gname: '',
2204 silly tar     size: 2131,
2204 silly tar     mtime: 1985-10-26T08:15:00.000Z,
2204 silly tar     atime: null,
2204 silly tar     ctime: null,
2204 silly tar     linkpath: '',
2204 silly tar     absolute: 'C:/Users/Ansi/Desktop/FixNow/node_modules/react-native/ReactCommon/react/renderer/graphics/platform/android/react/renderer/graphics/PlatformColorParser.h',
2204 silly tar     [Symbol(shapeMode)]: false,
2204 silly tar     [Symbol(kCapture)]: false,
2204 silly tar     [Symbol(flowing)]: false,
2204 silly tar     [Symbol(paused)]: true,
2204 silly tar     [Symbol(pipes)]: [ [Pipe] ],
2204 silly tar     [Symbol(buffer)]: [],
2204 silly tar     [Symbol(objectMode)]: false,
2204 silly tar     [Symbol(encoding)]: null,
2204 silly tar     [Symbol(async)]: false,
2204 silly tar     [Symbol(decoder)]: null,
2204 silly tar     [Symbol(EOF)]: true,
2204 silly tar     [Symbol(emittedEnd)]: true,
2204 silly tar     [Symbol(emittingEnd)]: false,
2204 silly tar     [Symbol(closed)]: false,
2204 silly tar     [Symbol(emittedError)]: null,
2204 silly tar     [Symbol(bufferLength)]: 0,
2204 silly tar     [Symbol(destroyed)]: false,
2204 silly tar     [Symbol(signal)]: undefined,
2204 silly tar     [Symbol(aborted)]: false
2204 silly tar   },
2204 silly tar   cwd: 'C:/Users/Ansi/Desktop/FixNow/node_modules/react-native',
2204 silly tar   tarCode: 'TAR_ENTRY_ERROR'
2204 silly tar }
2205 warn tar TAR_ENTRY_ERROR ENOENT: no such file or directory, open 'C:\Users\Ansi\Desktop\FixNow\node_modules\react-native\ReactCommon\react\renderer\graphics\platform\cxx\react\renderer\graphics\PlatformColorParser.h'
2206 silly tar TAR_ENTRY_ERROR ENOENT: no such file or directory, open 'C:\Users\Ansi\Desktop\FixNow\node_modules\react-native\ReactCommon\react\renderer\graphics\platform\cxx\react\renderer\graphics\PlatformColorParser.h' [Error: ENOENT: no such file or directory, open 'C:\Users\Ansi\Desktop\FixNow\node_modules\react-native\ReactCommon\react\renderer\graphics\platform\cxx\react\renderer\graphics\PlatformColorParser.h'] {
2206 silly tar   errno: -4058,
2206 silly tar   code: 'ENOENT',
2206 silly tar   syscall: 'open',
2206 silly tar   path: 'C:\\Users\\Ansi\\Desktop\\FixNow\\node_modules\\react-native\\ReactCommon\\react\\renderer\\graphics\\platform\\cxx\\react\\renderer\\graphics\\PlatformColorParser.h',
2206 silly tar   entry: ReadEntry {
2206 silly tar     _events: [Object: null prototype] {},
2206 silly tar     _eventsCount: 0,
2206 silly tar     _maxListeners: undefined,
2206 silly tar     writable: false,
2206 silly tar     readable: false,
2206 silly tar     extended: null,
2206 silly tar     globalExtended: null,
2206 silly tar     header: Header {
2206 silly tar       cksumValid: true,
2206 silly tar       needPax: false,
2206 silly tar       nullBlock: false,
2206 silly tar       block: null,
2206 silly tar       path: 'package/ReactCommon/react/renderer/graphics/platform/cxx/react/renderer/graphics/PlatformColorParser.h',
2206 silly tar       mode: 420,
2206 silly tar       uid: null,
2206 silly tar       gid: null,
2206 silly tar       size: 1024,
2206 silly tar       mtime: 1985-10-26T08:15:00.000Z,
2206 silly tar       cksum: 13031,
2206 silly tar       linkpath: '',
2206 silly tar       uname: '',
2206 silly tar       gname: '',
2206 silly tar       devmaj: 0,
2206 silly tar       devmin: 0,
2206 silly tar       atime: null,
2206 silly tar       ctime: null,
2206 silly tar       [Symbol(type)]: '0'
2206 silly tar     },
2206 silly tar     startBlockSize: 1024,
2206 silly tar     blockRemain: 0,
2206 silly tar     remain: 0,
2206 silly tar     type: 'File',
2206 silly tar     meta: false,
2206 silly tar     ignore: false,
2206 silly tar     path: 'ReactCommon/react/renderer/graphics/platform/cxx/react/renderer/graphics/PlatformColorParser.h',
2206 silly tar     mode: 438,
2206 silly tar     uid: null,
2206 silly tar     gid: null,
2206 silly tar     uname: '',
2206 silly tar     gname: '',
2206 silly tar     size: 1024,
2206 silly tar     mtime: 1985-10-26T08:15:00.000Z,
2206 silly tar     atime: null,
2206 silly tar     ctime: null,
2206 silly tar     linkpath: '',
2206 silly tar     absolute: 'C:/Users/Ansi/Desktop/FixNow/node_modules/react-native/ReactCommon/react/renderer/graphics/platform/cxx/react/renderer/graphics/PlatformColorParser.h',
2206 silly tar     [Symbol(shapeMode)]: false,
2206 silly tar     [Symbol(kCapture)]: false,
2206 silly tar     [Symbol(flowing)]: false,
2206 silly tar     [Symbol(paused)]: true,
2206 silly tar     [Symbol(pipes)]: [ [Pipe] ],
2206 silly tar     [Symbol(buffer)]: [],
2206 silly tar     [Symbol(objectMode)]: false,
2206 silly tar     [Symbol(encoding)]: null,
2206 silly tar     [Symbol(async)]: false,
2206 silly tar     [Symbol(decoder)]: null,
2206 silly tar     [Symbol(EOF)]: true,
2206 silly tar     [Symbol(emittedEnd)]: true,
2206 silly tar     [Symbol(emittingEnd)]: false,
2206 silly tar     [Symbol(closed)]: false,
2206 silly tar     [Symbol(emittedError)]: null,
2206 silly tar     [Symbol(bufferLength)]: 0,
2206 silly tar     [Symbol(destroyed)]: false,
2206 silly tar     [Symbol(signal)]: undefined,
2206 silly tar     [Symbol(aborted)]: false
2206 silly tar   },
2206 silly tar   cwd: 'C:/Users/Ansi/Desktop/FixNow/node_modules/react-native',
2206 silly tar   tarCode: 'TAR_ENTRY_ERROR'
2206 silly tar }
2207 warn tar TAR_ENTRY_ERROR ENOENT: no such file or directory, open 'C:\Users\Ansi\Desktop\FixNow\node_modules\react-native\ReactCommon\react\renderer\graphics\platform\ios\react\renderer\graphics\PlatformColorParser.h'
2208 silly tar TAR_ENTRY_ERROR ENOENT: no such file or directory, open 'C:\Users\Ansi\Desktop\FixNow\node_modules\react-native\ReactCommon\react\renderer\graphics\platform\ios\react\renderer\graphics\PlatformColorParser.h' [Error: ENOENT: no such file or directory, open 'C:\Users\Ansi\Desktop\FixNow\node_modules\react-native\ReactCommon\react\renderer\graphics\platform\ios\react\renderer\graphics\PlatformColorParser.h'] {
2208 silly tar   errno: -4058,
2208 silly tar   code: 'ENOENT',
2208 silly tar   syscall: 'open',
2208 silly tar   path: 'C:\\Users\\Ansi\\Desktop\\FixNow\\node_modules\\react-native\\ReactCommon\\react\\renderer\\graphics\\platform\\ios\\react\\renderer\\graphics\\PlatformColorParser.h',
2208 silly tar   entry: ReadEntry {
2208 silly tar     _events: [Object: null prototype] {},
2208 silly tar     _eventsCount: 0,
2208 silly tar     _maxListeners: undefined,
2208 silly tar     writable: false,
2208 silly tar     readable: false,
2208 silly tar     extended: null,
2208 silly tar     globalExtended: null,
2208 silly tar     header: Header {
2208 silly tar       cksumValid: true,
2208 silly tar       needPax: false,
2208 silly tar       nullBlock: false,
2208 silly tar       block: null,
2208 silly tar       path: 'package/ReactCommon/react/renderer/graphics/platform/ios/react/renderer/graphics/PlatformColorParser.h',
2208 silly tar       mode: 420,
2208 silly tar       uid: null,
2208 silly tar       gid: null,
2208 silly tar       size: 869,
2208 silly tar       mtime: 1985-10-26T08:15:00.000Z,
2208 silly tar       cksum: 13036,
2208 silly tar       linkpath: '',
2208 silly tar       uname: '',
2208 silly tar       gname: '',
2208 silly tar       devmaj: 0,
2208 silly tar       devmin: 0,
2208 silly tar       atime: null,
2208 silly tar       ctime: null,
2208 silly tar       [Symbol(type)]: '0'
2208 silly tar     },
2208 silly tar     startBlockSize: 1024,
2208 silly tar     blockRemain: 0,
2208 silly tar     remain: 0,
2208 silly tar     type: 'File',
2208 silly tar     meta: false,
2208 silly tar     ignore: false,
2208 silly tar     path: 'ReactCommon/react/renderer/graphics/platform/ios/react/renderer/graphics/PlatformColorParser.h',
2208 silly tar     mode: 438,
2208 silly tar     uid: null,
2208 silly tar     gid: null,
2208 silly tar     uname: '',
2208 silly tar     gname: '',
2208 silly tar     size: 869,
2208 silly tar     mtime: 1985-10-26T08:15:00.000Z,
2208 silly tar     atime: null,
2208 silly tar     ctime: null,
2208 silly tar     linkpath: '',
2208 silly tar     absolute: 'C:/Users/Ansi/Desktop/FixNow/node_modules/react-native/ReactCommon/react/renderer/graphics/platform/ios/react/renderer/graphics/PlatformColorParser.h',
2208 silly tar     [Symbol(shapeMode)]: false,
2208 silly tar     [Symbol(kCapture)]: false,
2208 silly tar     [Symbol(flowing)]: false,
2208 silly tar     [Symbol(paused)]: true,
2208 silly tar     [Symbol(pipes)]: [ [Pipe] ],
2208 silly tar     [Symbol(buffer)]: [],
2208 silly tar     [Symbol(objectMode)]: false,
2208 silly tar     [Symbol(encoding)]: null,
2208 silly tar     [Symbol(async)]: false,
2208 silly tar     [Symbol(decoder)]: null,
2208 silly tar     [Symbol(EOF)]: true,
2208 silly tar     [Symbol(emittedEnd)]: true,
2208 silly tar     [Symbol(emittingEnd)]: false,
2208 silly tar     [Symbol(closed)]: false,
2208 silly tar     [Symbol(emittedError)]: null,
2208 silly tar     [Symbol(bufferLength)]: 0,
2208 silly tar     [Symbol(destroyed)]: false,
2208 silly tar     [Symbol(signal)]: undefined,
2208 silly tar     [Symbol(aborted)]: false
2208 silly tar   },
2208 silly tar   cwd: 'C:/Users/Ansi/Desktop/FixNow/node_modules/react-native',
2208 silly tar   tarCode: 'TAR_ENTRY_ERROR'
2208 silly tar }
2209 warn tar TAR_ENTRY_ERROR ENOENT: no such file or directory, lstat 'C:\Users\Ansi\Desktop\FixNow\node_modules\react-native\React\Fabric\Utils'
2210 silly tar TAR_ENTRY_ERROR ENOENT: no such file or directory, lstat 'C:\Users\Ansi\Desktop\FixNow\node_modules\react-native\React\Fabric\Utils' [Error: ENOENT: no such file or directory, lstat 'C:\Users\Ansi\Desktop\FixNow\node_modules\react-native\React\Fabric\Utils'] {
2210 silly tar   errno: -4058,
2210 silly tar   code: 'ENOENT',
2210 silly tar   syscall: 'lstat',
2210 silly tar   path: 'C:/Users/Ansi/Desktop/FixNow/node_modules/react-native/React/Fabric/Utils',
2210 silly tar   entry: ReadEntry {
2210 silly tar     _events: [Object: null prototype] { end: [Function (anonymous)] },
2210 silly tar     _eventsCount: 1,
2210 silly tar     _maxListeners: undefined,
2210 silly tar     writable: false,
2210 silly tar     readable: true,
2210 silly tar     extended: null,
2210 silly tar     globalExtended: null,
2210 silly tar     header: Header {
2210 silly tar       cksumValid: true,
2210 silly tar       needPax: false,
2210 silly tar       nullBlock: false,
2210 silly tar       block: null,
2210 silly tar       path: 'package/React/Fabric/Utils/PlatformRunLoopObserver.h',
2210 silly tar       mode: 420,
2210 silly tar       uid: null,
2210 silly tar       gid: null,
2210 silly tar       size: 1390,
2210 silly tar       mtime: 1985-10-26T08:15:00.000Z,
2210 silly tar       cksum: 8064,
2210 silly tar       linkpath: '',
2210 silly tar       uname: '',
2210 silly tar       gname: '',
2210 silly tar       devmaj: 0,
2210 silly tar       devmin: 0,
2210 silly tar       atime: null,
2210 silly tar       ctime: null,
2210 silly tar       [Symbol(type)]: '0'
2210 silly tar     },
2210 silly tar     startBlockSize: 1536,
2210 silly tar     blockRemain: 0,
2210 silly tar     remain: 0,
2210 silly tar     type: 'File',
2210 silly tar     meta: false,
2210 silly tar     ignore: false,
2210 silly tar     path: 'React/Fabric/Utils/PlatformRunLoopObserver.h',
2210 silly tar     mode: 438,
2210 silly tar     uid: null,
2210 silly tar     gid: null,
2210 silly tar     uname: '',
2210 silly tar     gname: '',
2210 silly tar     size: 1390,
2210 silly tar     mtime: 1985-10-26T08:15:00.000Z,
2210 silly tar     atime: null,
2210 silly tar     ctime: null,
2210 silly tar     linkpath: '',
2210 silly tar     absolute: 'C:/Users/Ansi/Desktop/FixNow/node_modules/react-native/React/Fabric/Utils/PlatformRunLoopObserver.h',
2210 silly tar     [Symbol(shapeMode)]: false,
2210 silly tar     [Symbol(kCapture)]: false,
2210 silly tar     [Symbol(flowing)]: false,
2210 silly tar     [Symbol(paused)]: true,
2210 silly tar     [Symbol(pipes)]: [],
2210 silly tar     [Symbol(buffer)]: [
2210 silly tar       <Buffer 2f 2a 0a 20 2a 20 43 6f 70 79 72 69 67 68 74 20 28 63 29 20 4d 65 74 61 20 50 6c 61 74 66 6f 72 6d 73 2c 20 49 6e 63 2e 20 61 6e 64 20 61 66 66 69 6c ... 1340 more bytes>
2210 silly tar     ],
2210 silly tar     [Symbol(objectMode)]: false,
2210 silly tar     [Symbol(encoding)]: null,
2210 silly tar     [Symbol(async)]: false,
2210 silly tar     [Symbol(decoder)]: null,
2210 silly tar     [Symbol(EOF)]: true,
2210 silly tar     [Symbol(emittedEnd)]: false,
2210 silly tar     [Symbol(emittingEnd)]: false,
2210 silly tar     [Symbol(closed)]: false,
2210 silly tar     [Symbol(emittedError)]: null,
2210 silly tar     [Symbol(bufferLength)]: 1390,
2210 silly tar     [Symbol(destroyed)]: false,
2210 silly tar     [Symbol(signal)]: undefined,
2210 silly tar     [Symbol(aborted)]: false
2210 silly tar   },
2210 silly tar   cwd: 'C:/Users/Ansi/Desktop/FixNow/node_modules/react-native',
2210 silly tar   tarCode: 'TAR_ENTRY_ERROR'
2210 silly tar }
2211 warn tar TAR_ENTRY_ERROR ENOENT: no such file or directory, open 'C:\Users\Ansi\Desktop\FixNow\node_modules\react-native\ReactCommon\react\runtime\PlatformTimerRegistry.h'
2212 silly tar TAR_ENTRY_ERROR ENOENT: no such file or directory, open 'C:\Users\Ansi\Desktop\FixNow\node_modules\react-native\ReactCommon\react\runtime\PlatformTimerRegistry.h' [Error: ENOENT: no such file or directory, open 'C:\Users\Ansi\Desktop\FixNow\node_modules\react-native\ReactCommon\react\runtime\PlatformTimerRegistry.h'] {
2212 silly tar   errno: -4058,
2212 silly tar   code: 'ENOENT',
2212 silly tar   syscall: 'open',
2212 silly tar   path: 'C:\\Users\\Ansi\\Desktop\\FixNow\\node_modules\\react-native\\ReactCommon\\react\\runtime\\PlatformTimerRegistry.h',
2212 silly tar   entry: ReadEntry {
2212 silly tar     _events: [Object: null prototype] {},
2212 silly tar     _eventsCount: 0,
2212 silly tar     _maxListeners: undefined,
2212 silly tar     writable: false,
2212 silly tar     readable: false,
2212 silly tar     extended: null,
2212 silly tar     globalExtended: null,
2212 silly tar     header: Header {
2212 silly tar       cksumValid: true,
2212 silly tar       needPax: false,
2212 silly tar       nullBlock: false,
2212 silly tar       block: null,
2212 silly tar       path: 'package/ReactCommon/react/runtime/PlatformTimerRegistry.h',
2212 silly tar       mode: 420,
2212 silly tar       uid: null,
2212 silly tar       gid: null,
2212 silly tar       size: 800,
2212 silly tar       mtime: 1985-10-26T08:15:00.000Z,
2212 silly tar       cksum: 8670,
2212 silly tar       linkpath: '',
2212 silly tar       uname: '',
2212 silly tar       gname: '',
2212 silly tar       devmaj: 0,
2212 silly tar       devmin: 0,
2212 silly tar       atime: null,
2212 silly tar       ctime: null,
2212 silly tar       [Symbol(type)]: '0'
2212 silly tar     },
2212 silly tar     startBlockSize: 1024,
2212 silly tar     blockRemain: 0,
2212 silly tar     remain: 0,
2212 silly tar     type: 'File',
2212 silly tar     meta: false,
2212 silly tar     ignore: false,
2212 silly tar     path: 'ReactCommon/react/runtime/PlatformTimerRegistry.h',
2212 silly tar     mode: 438,
2212 silly tar     uid: null,
2212 silly tar     gid: null,
2212 silly tar     uname: '',
2212 silly tar     gname: '',
2212 silly tar     size: 800,
2212 silly tar     mtime: 1985-10-26T08:15:00.000Z,
2212 silly tar     atime: null,
2212 silly tar     ctime: null,
2212 silly tar     linkpath: '',
2212 silly tar     absolute: 'C:/Users/Ansi/Desktop/FixNow/node_modules/react-native/ReactCommon/react/runtime/PlatformTimerRegistry.h',
2212 silly tar     [Symbol(shapeMode)]: false,
2212 silly tar     [Symbol(kCapture)]: false,
2212 silly tar     [Symbol(flowing)]: false,
2212 silly tar     [Symbol(paused)]: true,
2212 silly tar     [Symbol(pipes)]: [ [Pipe] ],
2212 silly tar     [Symbol(buffer)]: [],
2212 silly tar     [Symbol(objectMode)]: false,
2212 silly tar     [Symbol(encoding)]: null,
2212 silly tar     [Symbol(async)]: false,
2212 silly tar     [Symbol(decoder)]: null,
2212 silly tar     [Symbol(EOF)]: true,
2212 silly tar     [Symbol(emittedEnd)]: true,
2212 silly tar     [Symbol(emittingEnd)]: false,
2212 silly tar     [Symbol(closed)]: false,
2212 silly tar     [Symbol(emittedError)]: null,
2212 silly tar     [Symbol(bufferLength)]: 0,
2212 silly tar     [Symbol(destroyed)]: false,
2212 silly tar     [Symbol(signal)]: undefined,
2212 silly tar     [Symbol(aborted)]: false
2212 silly tar   },
2212 silly tar   cwd: 'C:/Users/Ansi/Desktop/FixNow/node_modules/react-native',
2212 silly tar   tarCode: 'TAR_ENTRY_ERROR'
2212 silly tar }
2213 warn tar TAR_ENTRY_ERROR ENOENT: no such file or directory, open 'C:\Users\Ansi\Desktop\FixNow\node_modules\react-native\ReactCommon\react\renderer\graphics\Point.h'
2214 silly tar TAR_ENTRY_ERROR ENOENT: no such file or directory, open 'C:\Users\Ansi\Desktop\FixNow\node_modules\react-native\ReactCommon\react\renderer\graphics\Point.h' [Error: ENOENT: no such file or directory, open 'C:\Users\Ansi\Desktop\FixNow\node_modules\react-native\ReactCommon\react\renderer\graphics\Point.h'] {
2214 silly tar   errno: -4058,
2214 silly tar   code: 'ENOENT',
2214 silly tar   syscall: 'open',
2214 silly tar   path: 'C:\\Users\\Ansi\\Desktop\\FixNow\\node_modules\\react-native\\ReactCommon\\react\\renderer\\graphics\\Point.h',
2214 silly tar   entry: ReadEntry {
2214 silly tar     _events: [Object: null prototype] {},
2214 silly tar     _eventsCount: 0,
2214 silly tar     _maxListeners: undefined,
2214 silly tar     writable: false,
2214 silly tar     readable: false,
2214 silly tar     extended: null,
2214 silly tar     globalExtended: null,
2214 silly tar     header: Header {
2214 silly tar       cksumValid: true,
2214 silly tar       needPax: false,
2214 silly tar       nullBlock: false,
2214 silly tar       block: null,
2214 silly tar       path: 'package/ReactCommon/react/renderer/graphics/Point.h',
2214 silly tar       mode: 420,
2214 silly tar       uid: null,
2214 silly tar       gid: null,
2214 silly tar       size: 1562,
2214 silly tar       mtime: 1985-10-26T08:15:00.000Z,
2214 silly tar       cksum: 7963,
2214 silly tar       linkpath: '',
2214 silly tar       uname: '',
2214 silly tar       gname: '',
2214 silly tar       devmaj: 0,
2214 silly tar       devmin: 0,
2214 silly tar       atime: null,
2214 silly tar       ctime: null,
2214 silly tar       [Symbol(type)]: '0'
2214 silly tar     },
2214 silly tar     startBlockSize: 2048,
2214 silly tar     blockRemain: 0,
2214 silly tar     remain: 0,
2214 silly tar     type: 'File',
2214 silly tar     meta: false,
2214 silly tar     ignore: false,
2214 silly tar     path: 'ReactCommon/react/renderer/graphics/Point.h',
2214 silly tar     mode: 438,
2214 silly tar     uid: null,
2214 silly tar     gid: null,
2214 silly tar     uname: '',
2214 silly tar     gname: '',
2214 silly tar     size: 1562,
2214 silly tar     mtime: 1985-10-26T08:15:00.000Z,
2214 silly tar     atime: null,
2214 silly tar     ctime: null,
2214 silly tar     linkpath: '',
2214 silly tar     absolute: 'C:/Users/Ansi/Desktop/FixNow/node_modules/react-native/ReactCommon/react/renderer/graphics/Point.h',
2214 silly tar     [Symbol(shapeMode)]: false,
2214 silly tar     [Symbol(kCapture)]: false,
2214 silly tar     [Symbol(flowing)]: false,
2214 silly tar     [Symbol(paused)]: true,
2214 silly tar     [Symbol(pipes)]: [ [Pipe] ],
2214 silly tar     [Symbol(buffer)]: [],
2214 silly tar     [Symbol(objectMode)]: false,
2214 silly tar     [Symbol(encoding)]: null,
2214 silly tar     [Symbol(async)]: false,
2214 silly tar     [Symbol(decoder)]: null,
2214 silly tar     [Symbol(EOF)]: true,
2214 silly tar     [Symbol(emittedEnd)]: true,
2214 silly tar     [Symbol(emittingEnd)]: false,
2214 silly tar     [Symbol(closed)]: false,
2214 silly tar     [Symbol(emittedError)]: null,
2214 silly tar     [Symbol(bufferLength)]: 0,
2214 silly tar     [Symbol(destroyed)]: false,
2214 silly tar     [Symbol(signal)]: undefined,
2214 silly tar     [Symbol(aborted)]: false
2214 silly tar   },
2214 silly tar   cwd: 'C:/Users/Ansi/Desktop/FixNow/node_modules/react-native',
2214 silly tar   tarCode: 'TAR_ENTRY_ERROR'
2214 silly tar }
2215 warn tar TAR_ENTRY_ERROR ENOENT: no such file or directory, open 'C:\Users\Ansi\Desktop\FixNow\node_modules\react-native\ReactCommon\react\renderer\components\view\PointerEvent.h'
2216 silly tar TAR_ENTRY_ERROR ENOENT: no such file or directory, open 'C:\Users\Ansi\Desktop\FixNow\node_modules\react-native\ReactCommon\react\renderer\components\view\PointerEvent.h' [Error: ENOENT: no such file or directory, open 'C:\Users\Ansi\Desktop\FixNow\node_modules\react-native\ReactCommon\react\renderer\components\view\PointerEvent.h'] {
2216 silly tar   errno: -4058,
2216 silly tar   code: 'ENOENT',
2216 silly tar   syscall: 'open',
2216 silly tar   path: 'C:\\Users\\Ansi\\Desktop\\FixNow\\node_modules\\react-native\\ReactCommon\\react\\renderer\\components\\view\\PointerEvent.h',
2216 silly tar   entry: ReadEntry {
2216 silly tar     _events: [Object: null prototype] {},
2216 silly tar     _eventsCount: 0,
2216 silly tar     _maxListeners: undefined,
2216 silly tar     writable: false,
2216 silly tar     readable: false,
2216 silly tar     extended: null,
2216 silly tar     globalExtended: null,
2216 silly tar     header: Header {
2216 silly tar       cksumValid: true,
2216 silly tar       needPax: false,
2216 silly tar       nullBlock: false,
2216 silly tar       block: null,
2216 silly tar       path: 'package/ReactCommon/react/renderer/components/view/PointerEvent.h',
2216 silly tar       mode: 420,
2216 silly tar       uid: null,
2216 silly tar       gid: null,
2216 silly tar       size: 3605,
2216 silly tar       mtime: 1985-10-26T08:15:00.000Z,
2216 silly tar       cksum: 9433,
2216 silly tar       linkpath: '',
2216 silly tar       uname: '',
2216 silly tar       gname: '',
2216 silly tar       devmaj: 0,
2216 silly tar       devmin: 0,
2216 silly tar       atime: null,
2216 silly tar       ctime: null,
2216 silly tar       [Symbol(type)]: '0'
2216 silly tar     },
2216 silly tar     startBlockSize: 4096,
2216 silly tar     blockRemain: 0,
2216 silly tar     remain: 0,
2216 silly tar     type: 'File',
2216 silly tar     meta: false,
2216 silly tar     ignore: false,
2216 silly tar     path: 'ReactCommon/react/renderer/components/view/PointerEvent.h',
2216 silly tar     mode: 438,
2216 silly tar     uid: null,
2216 silly tar     gid: null,
2216 silly tar     uname: '',
2216 silly tar     gname: '',
2216 silly tar     size: 3605,
2216 silly tar     mtime: 1985-10-26T08:15:00.000Z,
2216 silly tar     atime: null,
2216 silly tar     ctime: null,
2216 silly tar     linkpath: '',
2216 silly tar     absolute: 'C:/Users/Ansi/Desktop/FixNow/node_modules/react-native/ReactCommon/react/renderer/components/view/PointerEvent.h',
2216 silly tar     [Symbol(shapeMode)]: false,
2216 silly tar     [Symbol(kCapture)]: false,
2216 silly tar     [Symbol(flowing)]: false,
2216 silly tar     [Symbol(paused)]: true,
2216 silly tar     [Symbol(pipes)]: [ [Pipe] ],
2216 silly tar     [Symbol(buffer)]: [],
2216 silly tar     [Symbol(objectMode)]: false,
2216 silly tar     [Symbol(encoding)]: null,
2216 silly tar     [Symbol(async)]: false,
2216 silly tar     [Symbol(decoder)]: null,
2216 silly tar     [Symbol(EOF)]: true,
2216 silly tar     [Symbol(emittedEnd)]: true,
2216 silly tar     [Symbol(emittingEnd)]: false,
2216 silly tar     [Symbol(closed)]: false,
2216 silly tar     [Symbol(emittedError)]: null,
2216 silly tar     [Symbol(bufferLength)]: 0,
2216 silly tar     [Symbol(destroyed)]: false,
2216 silly tar     [Symbol(signal)]: undefined,
2216 silly tar     [Symbol(aborted)]: false
2216 silly tar   },
2216 silly tar   cwd: 'C:/Users/Ansi/Desktop/FixNow/node_modules/react-native',
2216 silly tar   tarCode: 'TAR_ENTRY_ERROR'
2216 silly tar }
2217 warn tar TAR_ENTRY_ERROR ENOENT: no such file or directory, open 'C:\Users\Ansi\Desktop\FixNow\node_modules\react-native\ReactCommon\react\renderer\uimanager\PointerEventsProcessor.h'
2218 silly tar TAR_ENTRY_ERROR ENOENT: no such file or directory, open 'C:\Users\Ansi\Desktop\FixNow\node_modules\react-native\ReactCommon\react\renderer\uimanager\PointerEventsProcessor.h' [Error: ENOENT: no such file or directory, open 'C:\Users\Ansi\Desktop\FixNow\node_modules\react-native\ReactCommon\react\renderer\uimanager\PointerEventsProcessor.h'] {
2218 silly tar   errno: -4058,
2218 silly tar   code: 'ENOENT',
2218 silly tar   syscall: 'open',
2218 silly tar   path: 'C:\\Users\\Ansi\\Desktop\\FixNow\\node_modules\\react-native\\ReactCommon\\react\\renderer\\uimanager\\PointerEventsProcessor.h',
2218 silly tar   entry: ReadEntry {
2218 silly tar     _events: [Object: null prototype] {},
2218 silly tar     _eventsCount: 0,
2218 silly tar     _maxListeners: undefined,
2218 silly tar     writable: false,
2218 silly tar     readable: false,
2218 silly tar     extended: null,
2218 silly tar     globalExtended: null,
2218 silly tar     header: Header {
2218 silly tar       cksumValid: true,
2218 silly tar       needPax: false,
2218 silly tar       nullBlock: false,
2218 silly tar       block: null,
2218 silly tar       path: 'package/ReactCommon/react/renderer/uimanager/PointerEventsProcessor.h',
2218 silly tar       mode: 420,
2218 silly tar       uid: null,
2218 silly tar       gid: null,
2218 silly tar       size: 3643,
2218 silly tar       mtime: 1985-10-26T08:15:00.000Z,
2218 silly tar       cksum: 9880,
2218 silly tar       linkpath: '',
2218 silly tar       uname: '',
2218 silly tar       gname: '',
2218 silly tar       devmaj: 0,
2218 silly tar       devmin: 0,
2218 silly tar       atime: null,
2218 silly tar       ctime: null,
2218 silly tar       [Symbol(type)]: '0'
2218 silly tar     },
2218 silly tar     startBlockSize: 4096,
2218 silly tar     blockRemain: 0,
2218 silly tar     remain: 0,
2218 silly tar     type: 'File',
2218 silly tar     meta: false,
2218 silly tar     ignore: false,
2218 silly tar     path: 'ReactCommon/react/renderer/uimanager/PointerEventsProcessor.h',
2218 silly tar     mode: 438,
2218 silly tar     uid: null,
2218 silly tar     gid: null,
2218 silly tar     uname: '',
2218 silly tar     gname: '',
2218 silly tar     size: 3643,
2218 silly tar     mtime: 1985-10-26T08:15:00.000Z,
2218 silly tar     atime: null,
2218 silly tar     ctime: null,
2218 silly tar     linkpath: '',
2218 silly tar     absolute: 'C:/Users/Ansi/Desktop/FixNow/node_modules/react-native/ReactCommon/react/renderer/uimanager/PointerEventsProcessor.h',
2218 silly tar     [Symbol(shapeMode)]: false,
2218 silly tar     [Symbol(kCapture)]: false,
2218 silly tar     [Symbol(flowing)]: false,
2218 silly tar     [Symbol(paused)]: true,
2218 silly tar     [Symbol(pipes)]: [ [Pipe] ],
2218 silly tar     [Symbol(buffer)]: [],
2218 silly tar     [Symbol(objectMode)]: false,
2218 silly tar     [Symbol(encoding)]: null,
2218 silly tar     [Symbol(async)]: false,
2218 silly tar     [Symbol(decoder)]: null,
2218 silly tar     [Symbol(EOF)]: true,
2218 silly tar     [Symbol(emittedEnd)]: true,
2218 silly tar     [Symbol(emittingEnd)]: false,
2218 silly tar     [Symbol(closed)]: false,
2218 silly tar     [Symbol(emittedError)]: null,
2218 silly tar     [Symbol(bufferLength)]: 0,
2218 silly tar     [Symbol(destroyed)]: false,
2218 silly tar     [Symbol(signal)]: undefined,
2218 silly tar     [Symbol(aborted)]: false
2218 silly tar   },
2218 silly tar   cwd: 'C:/Users/Ansi/Desktop/FixNow/node_modules/react-native',
2218 silly tar   tarCode: 'TAR_ENTRY_ERROR'
2218 silly tar }
2219 warn tar TAR_ENTRY_ERROR ENOENT: no such file or directory, open 'C:\Users\Ansi\Desktop\FixNow\node_modules\react-native\ReactCommon\react\renderer\uimanager\PointerHoverTracker.h'
2220 silly tar TAR_ENTRY_ERROR ENOENT: no such file or directory, open 'C:\Users\Ansi\Desktop\FixNow\node_modules\react-native\ReactCommon\react\renderer\uimanager\PointerHoverTracker.h' [Error: ENOENT: no such file or directory, open 'C:\Users\Ansi\Desktop\FixNow\node_modules\react-native\ReactCommon\react\renderer\uimanager\PointerHoverTracker.h'] {
2220 silly tar   errno: -4058,
2220 silly tar   code: 'ENOENT',
2220 silly tar   syscall: 'open',
2220 silly tar   path: 'C:\\Users\\Ansi\\Desktop\\FixNow\\node_modules\\react-native\\ReactCommon\\react\\renderer\\uimanager\\PointerHoverTracker.h',
2220 silly tar   entry: ReadEntry {
2220 silly tar     _events: [Object: null prototype] {},
2220 silly tar     _eventsCount: 0,
2220 silly tar     _maxListeners: undefined,
2220 silly tar     writable: false,
2220 silly tar     readable: false,
2220 silly tar     extended: null,
2220 silly tar     globalExtended: null,
2220 silly tar     header: Header {
2220 silly tar       cksumValid: true,
2220 silly tar       needPax: false,
2220 silly tar       nullBlock: false,
2220 silly tar       block: null,
2220 silly tar       path: 'package/ReactCommon/react/renderer/uimanager/PointerHoverTracker.h',
2220 silly tar       mode: 420,
2220 silly tar       uid: null,
2220 silly tar       gid: null,
2220 silly tar       size: 2192,
2220 silly tar       mtime: 1985-10-26T08:15:00.000Z,
2220 silly tar       cksum: 9514,
2220 silly tar       linkpath: '',
2220 silly tar       uname: '',
2220 silly tar       gname: '',
2220 silly tar       devmaj: 0,
2220 silly tar       devmin: 0,
2220 silly tar       atime: null,
2220 silly tar       ctime: null,
2220 silly tar       [Symbol(type)]: '0'
2220 silly tar     },
2220 silly tar     startBlockSize: 2560,
2220 silly tar     blockRemain: 0,
2220 silly tar     remain: 0,
2220 silly tar     type: 'File',
2220 silly tar     meta: false,
2220 silly tar     ignore: false,
2220 silly tar     path: 'ReactCommon/react/renderer/uimanager/PointerHoverTracker.h',
2220 silly tar     mode: 438,
2220 silly tar     uid: null,
2220 silly tar     gid: null,
2220 silly tar     uname: '',
2220 silly tar     gname: '',
2220 silly tar     size: 2192,
2220 silly tar     mtime: 1985-10-26T08:15:00.000Z,
2220 silly tar     atime: null,
2220 silly tar     ctime: null,
2220 silly tar     linkpath: '',
2220 silly tar     absolute: 'C:/Users/Ansi/Desktop/FixNow/node_modules/react-native/ReactCommon/react/renderer/uimanager/PointerHoverTracker.h',
2220 silly tar     [Symbol(shapeMode)]: false,
2220 silly tar     [Symbol(kCapture)]: false,
2220 silly tar     [Symbol(flowing)]: false,
2220 silly tar     [Symbol(paused)]: true,
2220 silly tar     [Symbol(pipes)]: [ [Pipe] ],
2220 silly tar     [Symbol(buffer)]: [],
2220 silly tar     [Symbol(objectMode)]: false,
2220 silly tar     [Symbol(encoding)]: null,
2220 silly tar     [Symbol(async)]: false,
2220 silly tar     [Symbol(decoder)]: null,
2220 silly tar     [Symbol(EOF)]: true,
2220 silly tar     [Symbol(emittedEnd)]: true,
2220 silly tar     [Symbol(emittingEnd)]: false,
2220 silly tar     [Symbol(closed)]: false,
2220 silly tar     [Symbol(emittedError)]: null,
2220 silly tar     [Symbol(bufferLength)]: 0,
2220 silly tar     [Symbol(destroyed)]: false,
2220 silly tar     [Symbol(signal)]: undefined,
2220 silly tar     [Symbol(aborted)]: false
2220 silly tar   },
2220 silly tar   cwd: 'C:/Users/Ansi/Desktop/FixNow/node_modules/react-native',
2220 silly tar   tarCode: 'TAR_ENTRY_ERROR'
2220 silly tar }
2221 warn tar TAR_ENTRY_ERROR ENOENT: no such file or directory, open 'C:\Users\Ansi\Desktop\FixNow\node_modules\react-native\ReactCommon\yoga\yoga\enums\PositionType.h'
2222 silly tar TAR_ENTRY_ERROR ENOENT: no such file or directory, open 'C:\Users\Ansi\Desktop\FixNow\node_modules\react-native\ReactCommon\yoga\yoga\enums\PositionType.h' [Error: ENOENT: no such file or directory, open 'C:\Users\Ansi\Desktop\FixNow\node_modules\react-native\ReactCommon\yoga\yoga\enums\PositionType.h'] {
2222 silly tar   errno: -4058,
2222 silly tar   code: 'ENOENT',
2222 silly tar   syscall: 'open',
2222 silly tar   path: 'C:\\Users\\Ansi\\Desktop\\FixNow\\node_modules\\react-native\\ReactCommon\\yoga\\yoga\\enums\\PositionType.h',
2222 silly tar   entry: ReadEntry {
2222 silly tar     _events: [Object: null prototype] {},
2222 silly tar     _eventsCount: 0,
2222 silly tar     _maxListeners: undefined,
2222 silly tar     writable: false,
2222 silly tar     readable: false,
2222 silly tar     extended: null,
2222 silly tar     globalExtended: null,
2222 silly tar     header: Header {
2222 silly tar       cksumValid: true,
2222 silly tar       needPax: false,
2222 silly tar       nullBlock: false,
2222 silly tar       block: null,
2222 silly tar       path: 'package/ReactCommon/yoga/yoga/enums/PositionType.h',
2222 silly tar       mode: 420,
2222 silly tar       uid: null,
2222 silly tar       gid: null,
2222 silly tar       size: 931,
2222 silly tar       mtime: 1985-10-26T08:15:00.000Z,
2222 silly tar       cksum: 7903,
2222 silly tar       linkpath: '',
2222 silly tar       uname: '',
2222 silly tar       gname: '',
2222 silly tar       devmaj: 0,
2222 silly tar       devmin: 0,
2222 silly tar       atime: null,
2222 silly tar       ctime: null,
2222 silly tar       [Symbol(type)]: '0'
2222 silly tar     },
2222 silly tar     startBlockSize: 1024,
2222 silly tar     blockRemain: 0,
2222 silly tar     remain: 0,
2222 silly tar     type: 'File',
2222 silly tar     meta: false,
2222 silly tar     ignore: false,
2222 silly tar     path: 'ReactCommon/yoga/yoga/enums/PositionType.h',
2222 silly tar     mode: 438,
2222 silly tar     uid: null,
2222 silly tar     gid: null,
2222 silly tar     uname: '',
2222 silly tar     gname: '',
2222 silly tar     size: 931,
2222 silly tar     mtime: 1985-10-26T08:15:00.000Z,
2222 silly tar     atime: null,
2222 silly tar     ctime: null,
2222 silly tar     linkpath: '',
2222 silly tar     absolute: 'C:/Users/Ansi/Desktop/FixNow/node_modules/react-native/ReactCommon/yoga/yoga/enums/PositionType.h',
2222 silly tar     [Symbol(shapeMode)]: false,
2222 silly tar     [Symbol(kCapture)]: false,
2222 silly tar     [Symbol(flowing)]: false,
2222 silly tar     [Symbol(paused)]: true,
2222 silly tar     [Symbol(pipes)]: [ [Pipe] ],
2222 silly tar     [Symbol(buffer)]: [],
2222 silly tar     [Symbol(objectMode)]: false,
2222 silly tar     [Symbol(encoding)]: null,
2222 silly tar     [Symbol(async)]: false,
2222 silly tar     [Symbol(decoder)]: null,
2222 silly tar     [Symbol(EOF)]: true,
2222 silly tar     [Symbol(emittedEnd)]: true,
2222 silly tar     [Symbol(emittingEnd)]: false,
2222 silly tar     [Symbol(closed)]: false,
2222 silly tar     [Symbol(emittedError)]: null,
2222 silly tar     [Symbol(bufferLength)]: 0,
2222 silly tar     [Symbol(destroyed)]: false,
2222 silly tar     [Symbol(signal)]: undefined,
2222 silly tar     [Symbol(aborted)]: false
2222 silly tar   },
2222 silly tar   cwd: 'C:/Users/Ansi/Desktop/FixNow/node_modules/react-native',
2222 silly tar   tarCode: 'TAR_ENTRY_ERROR'
2222 silly tar }
2223 warn tar TAR_ENTRY_ERROR ENOENT: no such file or directory, open 'C:\Users\Ansi\Desktop\FixNow\node_modules\react-native\ReactCommon\jsinspector-modern\tests\prelude.js.h'
2224 silly tar TAR_ENTRY_ERROR ENOENT: no such file or directory, open 'C:\Users\Ansi\Desktop\FixNow\node_modules\react-native\ReactCommon\jsinspector-modern\tests\prelude.js.h' [Error: ENOENT: no such file or directory, open 'C:\Users\Ansi\Desktop\FixNow\node_modules\react-native\ReactCommon\jsinspector-modern\tests\prelude.js.h'] {
2224 silly tar   errno: -4058,
2224 silly tar   code: 'ENOENT',
2224 silly tar   syscall: 'open',
2224 silly tar   path: 'C:\\Users\\Ansi\\Desktop\\FixNow\\node_modules\\react-native\\ReactCommon\\jsinspector-modern\\tests\\prelude.js.h',
2224 silly tar   entry: ReadEntry {
2224 silly tar     _events: [Object: null prototype] {
2224 silly tar       end: [Function (anonymous)],
2224 silly tar       drain: [Function]
2224 silly tar     },
2224 silly tar     _eventsCount: 2,
2224 silly tar     _maxListeners: undefined,
2224 silly tar     writable: true,
2224 silly tar     readable: true,
2224 silly tar     extended: null,
2224 silly tar     globalExtended: null,
2224 silly tar     header: Header {
2224 silly tar       cksumValid: true,
2224 silly tar       needPax: false,
2224 silly tar       nullBlock: false,
2224 silly tar       block: null,
2224 silly tar       path: 'package/ReactCommon/jsinspector-modern/tests/prelude.js.h',
2224 silly tar       mode: 420,
2224 silly tar       uid: null,
2224 silly tar       gid: null,
2224 silly tar       size: 17691,
2224 silly tar       mtime: 1985-10-26T08:15:00.000Z,
2224 silly tar       cksum: 8648,
2224 silly tar       linkpath: '',
2224 silly tar       uname: '',
2224 silly tar       gname: '',
2224 silly tar       devmaj: 0,
2224 silly tar       devmin: 0,
2224 silly tar       atime: null,
2224 silly tar       ctime: null,
2224 silly tar       [Symbol(type)]: '0'
2224 silly tar     },
2224 silly tar     startBlockSize: 17920,
2224 silly tar     blockRemain: 15252,
2224 silly tar     remain: 15023,
2224 silly tar     type: 'File',
2224 silly tar     meta: false,
2224 silly tar     ignore: false,
2224 silly tar     path: 'ReactCommon/jsinspector-modern/tests/prelude.js.h',
2224 silly tar     mode: 438,
2224 silly tar     uid: null,
2224 silly tar     gid: null,
2224 silly tar     uname: '',
2224 silly tar     gname: '',
2224 silly tar     size: 17691,
2224 silly tar     mtime: 1985-10-26T08:15:00.000Z,
2224 silly tar     atime: null,
2224 silly tar     ctime: null,
2224 silly tar     linkpath: '',
2224 silly tar     absolute: 'C:/Users/Ansi/Desktop/FixNow/node_modules/react-native/ReactCommon/jsinspector-modern/tests/prelude.js.h',
2224 silly tar     [Symbol(shapeMode)]: false,
2224 silly tar     [Symbol(kCapture)]: false,
2224 silly tar     [Symbol(flowing)]: false,
2224 silly tar     [Symbol(paused)]: true,
2224 silly tar     [Symbol(pipes)]: [ [Pipe] ],
2224 silly tar     [Symbol(buffer)]: [
2224 silly tar       <Buffer 43 61 6c 6c 73 2b 2b 3b 0a 20 20 20 20 69 66 20 28 63 74 78 2e 66 6f 72 6d 61 74 56 61 6c 75 65 43 61 6c 6c 73 20 3e 20 32 30 30 29 20 7b 0a 20 20 20 ... 472 more bytes>
2224 silly tar     ],
2224 silly tar     [Symbol(objectMode)]: false,
2224 silly tar     [Symbol(encoding)]: null,
2224 silly tar     [Symbol(async)]: false,
2224 silly tar     [Symbol(decoder)]: null,
2224 silly tar     [Symbol(EOF)]: false,
2224 silly tar     [Symbol(emittedEnd)]: false,
2224 silly tar     [Symbol(emittingEnd)]: false,
2224 silly tar     [Symbol(closed)]: false,
2224 silly tar     [Symbol(emittedError)]: null,
2224 silly tar     [Symbol(bufferLength)]: 522,
2224 silly tar     [Symbol(destroyed)]: false,
2224 silly tar     [Symbol(signal)]: undefined,
2224 silly tar     [Symbol(aborted)]: false
2224 silly tar   },
2224 silly tar   cwd: 'C:/Users/Ansi/Desktop/FixNow/node_modules/react-native',
2224 silly tar   tarCode: 'TAR_ENTRY_ERROR'
2224 silly tar }
2225 warn tar TAR_ENTRY_ERROR ENOENT: no such file or directory, open 'C:\Users\Ansi\Desktop\FixNow\node_modules\react-native\ReactCommon\react\renderer\animations\primitives.h'
2226 silly tar TAR_ENTRY_ERROR ENOENT: no such file or directory, open 'C:\Users\Ansi\Desktop\FixNow\node_modules\react-native\ReactCommon\react\renderer\animations\primitives.h' [Error: ENOENT: no such file or directory, open 'C:\Users\Ansi\Desktop\FixNow\node_modules\react-native\ReactCommon\react\renderer\animations\primitives.h'] {
2226 silly tar   errno: -4058,
2226 silly tar   code: 'ENOENT',
2226 silly tar   syscall: 'open',
2226 silly tar   path: 'C:\\Users\\Ansi\\Desktop\\FixNow\\node_modules\\react-native\\ReactCommon\\react\\renderer\\animations\\primitives.h',
2226 silly tar   entry: ReadEntry {
2226 silly tar     _events: [Object: null prototype] { end: [Function (anonymous)] },
2226 silly tar     _eventsCount: 1,
2226 silly tar     _maxListeners: undefined,
2226 silly tar     writable: false,
2226 silly tar     readable: true,
2226 silly tar     extended: null,
2226 silly tar     globalExtended: null,
2226 silly tar     header: Header {
2226 silly tar       cksumValid: true,
2226 silly tar       needPax: false,
2226 silly tar       nullBlock: false,
2226 silly tar       block: null,
2226 silly tar       path: 'package/ReactCommon/react/renderer/animations/primitives.h',
2226 silly tar       mode: 420,
2226 silly tar       uid: null,
2226 silly tar       gid: null,
2226 silly tar       size: 2843,
2226 silly tar       mtime: 1985-10-26T08:15:00.000Z,
2226 silly tar       cksum: 8774,
2226 silly tar       linkpath: '',
2226 silly tar       uname: '',
2226 silly tar       gname: '',
2226 silly tar       devmaj: 0,
2226 silly tar       devmin: 0,
2226 silly tar       atime: null,
2226 silly tar       ctime: null,
2226 silly tar       [Symbol(type)]: '0'
2226 silly tar     },
2226 silly tar     startBlockSize: 3072,
2226 silly tar     blockRemain: 0,
2226 silly tar     remain: 0,
2226 silly tar     type: 'File',
2226 silly tar     meta: false,
2226 silly tar     ignore: false,
2226 silly tar     path: 'ReactCommon/react/renderer/animations/primitives.h',
2226 silly tar     mode: 438,
2226 silly tar     uid: null,
2226 silly tar     gid: null,
2226 silly tar     uname: '',
2226 silly tar     gname: '',
2226 silly tar     size: 2843,
2226 silly tar     mtime: 1985-10-26T08:15:00.000Z,
2226 silly tar     atime: null,
2226 silly tar     ctime: null,
2226 silly tar     linkpath: '',
2226 silly tar     absolute: 'C:/Users/Ansi/Desktop/FixNow/node_modules/react-native/ReactCommon/react/renderer/animations/primitives.h',
2226 silly tar     [Symbol(shapeMode)]: false,
2226 silly tar     [Symbol(kCapture)]: false,
2226 silly tar     [Symbol(flowing)]: false,
2226 silly tar     [Symbol(paused)]: true,
2226 silly tar     [Symbol(pipes)]: [ [Pipe] ],
2226 silly tar     [Symbol(buffer)]: [
2226 silly tar       <Buffer 32 2c 0a 20 20 45 61 73 65 49 6e 45 61 73 65 4f 75 74 20 3d 20 34 2c 0a 20 20 45 61 73 65 49 6e 20 3d 20 38 2c 0a 20 20 45 61 73 65 4f 75 74 20 3d 20 ... 2173 more bytes>
2226 silly tar     ],
2226 silly tar     [Symbol(objectMode)]: false,
2226 silly tar     [Symbol(encoding)]: null,
2226 silly tar     [Symbol(async)]: false,
2226 silly tar     [Symbol(decoder)]: null,
2226 silly tar     [Symbol(EOF)]: true,
2226 silly tar     [Symbol(emittedEnd)]: false,
2226 silly tar     [Symbol(emittingEnd)]: false,
2226 silly tar     [Symbol(closed)]: false,
2226 silly tar     [Symbol(emittedError)]: null,
2226 silly tar     [Symbol(bufferLength)]: 2223,
2226 silly tar     [Symbol(destroyed)]: false,
2226 silly tar     [Symbol(signal)]: undefined,
2226 silly tar     [Symbol(aborted)]: false
2226 silly tar   },
2226 silly tar   cwd: 'C:/Users/Ansi/Desktop/FixNow/node_modules/react-native',
2226 silly tar   tarCode: 'TAR_ENTRY_ERROR'
2226 silly tar }
2227 warn tar TAR_ENTRY_ERROR ENOENT: no such file or directory, open 'C:\Users\Ansi\Desktop\FixNow\node_modules\react-native\ReactCommon\react\renderer\attributedstring\primitives.h'
2228 silly tar TAR_ENTRY_ERROR ENOENT: no such file or directory, open 'C:\Users\Ansi\Desktop\FixNow\node_modules\react-native\ReactCommon\react\renderer\attributedstring\primitives.h' [Error: ENOENT: no such file or directory, open 'C:\Users\Ansi\Desktop\FixNow\node_modules\react-native\ReactCommon\react\renderer\attributedstring\primitives.h'] {
2228 silly tar   errno: -4058,
2228 silly tar   code: 'ENOENT',
2228 silly tar   syscall: 'open',
2228 silly tar   path: 'C:\\Users\\Ansi\\Desktop\\FixNow\\node_modules\\react-native\\ReactCommon\\react\\renderer\\attributedstring\\primitives.h',
2228 silly tar   entry: ReadEntry {
2228 silly tar     _events: [Object: null prototype] {},
2228 silly tar     _eventsCount: 0,
2228 silly tar     _maxListeners: undefined,
2228 silly tar     writable: false,
2228 silly tar     readable: false,
2228 silly tar     extended: null,
2228 silly tar     globalExtended: null,
2228 silly tar     header: Header {
2228 silly tar       cksumValid: true,
2228 silly tar       needPax: false,
2228 silly tar       nullBlock: false,
2228 silly tar       block: null,
2228 silly tar       path: 'package/ReactCommon/react/renderer/attributedstring/primitives.h',
2228 silly tar       mode: 420,
2228 silly tar       uid: null,
2228 silly tar       gid: null,
2228 silly tar       size: 3647,
2228 silly tar       mtime: 1985-10-26T08:15:00.000Z,
2228 silly tar       cksum: 9448,
2228 silly tar       linkpath: '',
2228 silly tar       uname: '',
2228 silly tar       gname: '',
2228 silly tar       devmaj: 0,
2228 silly tar       devmin: 0,
2228 silly tar       atime: null,
2228 silly tar       ctime: null,
2228 silly tar       [Symbol(type)]: '0'
2228 silly tar     },
2228 silly tar     startBlockSize: 4096,
2228 silly tar     blockRemain: 0,
2228 silly tar     remain: 0,
2228 silly tar     type: 'File',
2228 silly tar     meta: false,
2228 silly tar     ignore: false,
2228 silly tar     path: 'ReactCommon/react/renderer/attributedstring/primitives.h',
2228 silly tar     mode: 438,
2228 silly tar     uid: null,
2228 silly tar     gid: null,
2228 silly tar     uname: '',
2228 silly tar     gname: '',
2228 silly tar     size: 3647,
2228 silly tar     mtime: 1985-10-26T08:15:00.000Z,
2228 silly tar     atime: null,
2228 silly tar     ctime: null,
2228 silly tar     linkpath: '',
2228 silly tar     absolute: 'C:/Users/Ansi/Desktop/FixNow/node_modules/react-native/ReactCommon/react/renderer/attributedstring/primitives.h',
2228 silly tar     [Symbol(shapeMode)]: false,
2228 silly tar     [Symbol(kCapture)]: false,
2228 silly tar     [Symbol(flowing)]: false,
2228 silly tar     [Symbol(paused)]: true,
2228 silly tar     [Symbol(pipes)]: [ [Pipe] ],
2228 silly tar     [Symbol(buffer)]: [],
2228 silly tar     [Symbol(objectMode)]: false,
2228 silly tar     [Symbol(encoding)]: null,
2228 silly tar     [Symbol(async)]: false,
2228 silly tar     [Symbol(decoder)]: null,
2228 silly tar     [Symbol(EOF)]: true,
2228 silly tar     [Symbol(emittedEnd)]: true,
2228 silly tar     [Symbol(emittingEnd)]: false,
2228 silly tar     [Symbol(closed)]: false,
2228 silly tar     [Symbol(emittedError)]: null,
2228 silly tar     [Symbol(bufferLength)]: 0,
2228 silly tar     [Symbol(destroyed)]: false,
2228 silly tar     [Symbol(signal)]: undefined,
2228 silly tar     [Symbol(aborted)]: false
2228 silly tar   },
2228 silly tar   cwd: 'C:/Users/Ansi/Desktop/FixNow/node_modules/react-native',
2228 silly tar   tarCode: 'TAR_ENTRY_ERROR'
2228 silly tar }
2229 warn tar TAR_ENTRY_ERROR ENOENT: no such file or directory, open 'C:\Users\Ansi\Desktop\FixNow\node_modules\react-native\ReactCommon\react\renderer\components\scrollview\primitives.h'
2230 silly tar TAR_ENTRY_ERROR ENOENT: no such file or directory, open 'C:\Users\Ansi\Desktop\FixNow\node_modules\react-native\ReactCommon\react\renderer\components\scrollview\primitives.h' [Error: ENOENT: no such file or directory, open 'C:\Users\Ansi\Desktop\FixNow\node_modules\react-native\ReactCommon\react\renderer\components\scrollview\primitives.h'] {
2230 silly tar   errno: -4058,
2230 silly tar   code: 'ENOENT',
2230 silly tar   syscall: 'open',
2230 silly tar   path: 'C:\\Users\\Ansi\\Desktop\\FixNow\\node_modules\\react-native\\ReactCommon\\react\\renderer\\components\\scrollview\\primitives.h',
2230 silly tar   entry: ReadEntry {
2230 silly tar     _events: [Object: null prototype] {},
2230 silly tar     _eventsCount: 0,
2230 silly tar     _maxListeners: undefined,
2230 silly tar     writable: false,
2230 silly tar     readable: false,
2230 silly tar     extended: null,
2230 silly tar     globalExtended: null,
2230 silly tar     header: Header {
2230 silly tar       cksumValid: true,
2230 silly tar       needPax: false,
2230 silly tar       nullBlock: false,
2230 silly tar       block: null,
2230 silly tar       path: 'package/ReactCommon/react/renderer/components/scrollview/primitives.h',
2230 silly tar       mode: 420,
2230 silly tar       uid: null,
2230 silly tar       gid: null,
2230 silly tar       size: 1094,
2230 silly tar       mtime: 1985-10-26T08:15:00.000Z,
2230 silly tar       cksum: 9932,
2230 silly tar       linkpath: '',
2230 silly tar       uname: '',
2230 silly tar       gname: '',
2230 silly tar       devmaj: 0,
2230 silly tar       devmin: 0,
2230 silly tar       atime: null,
2230 silly tar       ctime: null,
2230 silly tar       [Symbol(type)]: '0'
2230 silly tar     },
2230 silly tar     startBlockSize: 1536,
2230 silly tar     blockRemain: 0,
2230 silly tar     remain: 0,
2230 silly tar     type: 'File',
2230 silly tar     meta: false,
2230 silly tar     ignore: false,
2230 silly tar     path: 'ReactCommon/react/renderer/components/scrollview/primitives.h',
2230 silly tar     mode: 438,
2230 silly tar     uid: null,
2230 silly tar     gid: null,
2230 silly tar     uname: '',
2230 silly tar     gname: '',
2230 silly tar     size: 1094,
2230 silly tar     mtime: 1985-10-26T08:15:00.000Z,
2230 silly tar     atime: null,
2230 silly tar     ctime: null,
2230 silly tar     linkpath: '',
2230 silly tar     absolute: 'C:/Users/Ansi/Desktop/FixNow/node_modules/react-native/ReactCommon/react/renderer/components/scrollview/primitives.h',
2230 silly tar     [Symbol(shapeMode)]: false,
2230 silly tar     [Symbol(kCapture)]: false,
2230 silly tar     [Symbol(flowing)]: false,
2230 silly tar     [Symbol(paused)]: true,
2230 silly tar     [Symbol(pipes)]: [ [Pipe] ],
2230 silly tar     [Symbol(buffer)]: [],
2230 silly tar     [Symbol(objectMode)]: false,
2230 silly tar     [Symbol(encoding)]: null,
2230 silly tar     [Symbol(async)]: false,
2230 silly tar     [Symbol(decoder)]: null,
2230 silly tar     [Symbol(EOF)]: true,
2230 silly tar     [Symbol(emittedEnd)]: true,
2230 silly tar     [Symbol(emittingEnd)]: false,
2230 silly tar     [Symbol(closed)]: false,
2230 silly tar     [Symbol(emittedError)]: null,
2230 silly tar     [Symbol(bufferLength)]: 0,
2230 silly tar     [Symbol(destroyed)]: false,
2230 silly tar     [Symbol(signal)]: undefined,
2230 silly tar     [Symbol(aborted)]: false
2230 silly tar   },
2230 silly tar   cwd: 'C:/Users/Ansi/Desktop/FixNow/node_modules/react-native',
2230 silly tar   tarCode: 'TAR_ENTRY_ERROR'
2230 silly tar }
2231 warn tar TAR_ENTRY_ERROR ENOENT: no such file or directory, open 'C:\Users\Ansi\Desktop\FixNow\node_modules\react-native\ReactCommon\react\renderer\components\textinput\platform\ios\react\renderer\components\iostextinput\primitives.h'
2232 silly tar TAR_ENTRY_ERROR ENOENT: no such file or directory, open 'C:\Users\Ansi\Desktop\FixNow\node_modules\react-native\ReactCommon\react\renderer\components\textinput\platform\ios\react\renderer\components\iostextinput\primitives.h' [Error: ENOENT: no such file or directory, open 'C:\Users\Ansi\Desktop\FixNow\node_modules\react-native\ReactCommon\react\renderer\components\textinput\platform\ios\react\renderer\components\iostextinput\primitives.h'] {
2232 silly tar   errno: -4058,
2232 silly tar   code: 'ENOENT',
2232 silly tar   syscall: 'open',
2232 silly tar   path: 'C:\\Users\\Ansi\\Desktop\\FixNow\\node_modules\\react-native\\ReactCommon\\react\\renderer\\components\\textinput\\platform\\ios\\react\\renderer\\components\\iostextinput\\primitives.h',
2232 silly tar   entry: ReadEntry {
2232 silly tar     _events: [Object: null prototype] {},
2232 silly tar     _eventsCount: 0,
2232 silly tar     _maxListeners: undefined,
2232 silly tar     writable: false,
2232 silly tar     readable: false,
2232 silly tar     extended: null,
2232 silly tar     globalExtended: null,
2232 silly tar     header: Header {
2232 silly tar       cksumValid: true,
2232 silly tar       needPax: false,
2232 silly tar       nullBlock: false,
2232 silly tar       block: null,
2232 silly tar       path: 'package/ReactCommon/react/renderer/components/textinput/platform/ios/react/renderer/components/iostextinput/primitives.h',
2232 silly tar       mode: 420,
2232 silly tar       uid: null,
2232 silly tar       gid: null,
2232 silly tar       size: 4528,
2232 silly tar       mtime: 1985-10-26T08:15:00.000Z,
2232 silly tar       cksum: 15106,
2232 silly tar       linkpath: '',
2232 silly tar       uname: '',
2232 silly tar       gname: '',
2232 silly tar       devmaj: 0,
2232 silly tar       devmin: 0,
2232 silly tar       atime: null,
2232 silly tar       ctime: null,
2232 silly tar       [Symbol(type)]: '0'
2232 silly tar     },
2232 silly tar     startBlockSize: 4608,
2232 silly tar     blockRemain: 0,
2232 silly tar     remain: 0,
2232 silly tar     type: 'File',
2232 silly tar     meta: false,
2232 silly tar     ignore: false,
2232 silly tar     path: 'ReactCommon/react/renderer/components/textinput/platform/ios/react/renderer/components/iostextinput/primitives.h',
2232 silly tar     mode: 438,
2232 silly tar     uid: null,
2232 silly tar     gid: null,
2232 silly tar     uname: '',
2232 silly tar     gname: '',
2232 silly tar     size: 4528,
2232 silly tar     mtime: 1985-10-26T08:15:00.000Z,
2232 silly tar     atime: null,
2232 silly tar     ctime: null,
2232 silly tar     linkpath: '',
2232 silly tar     absolute: 'C:/Users/Ansi/Desktop/FixNow/node_modules/react-native/ReactCommon/react/renderer/components/textinput/platform/ios/react/renderer/components/iostextinput/primitives.h',
2232 silly tar     [Symbol(shapeMode)]: false,
2232 silly tar     [Symbol(kCapture)]: false,
2232 silly tar     [Symbol(flowing)]: false,
2232 silly tar     [Symbol(paused)]: true,
2232 silly tar     [Symbol(pipes)]: [ [Pipe] ],
2232 silly tar     [Symbol(buffer)]: [],
2232 silly tar     [Symbol(objectMode)]: false,
2232 silly tar     [Symbol(encoding)]: null,
2232 silly tar     [Symbol(async)]: false,
2232 silly tar     [Symbol(decoder)]: null,
2232 silly tar     [Symbol(EOF)]: true,
2232 silly tar     [Symbol(emittedEnd)]: true,
2232 silly tar     [Symbol(emittingEnd)]: false,
2232 silly tar     [Symbol(closed)]: false,
2232 silly tar     [Symbol(emittedError)]: null,
2232 silly tar     [Symbol(bufferLength)]: 0,
2232 silly tar     [Symbol(destroyed)]: false,
2232 silly tar     [Symbol(signal)]: undefined,
2232 silly tar     [Symbol(aborted)]: false
2232 silly tar   },
2232 silly tar   cwd: 'C:/Users/Ansi/Desktop/FixNow/node_modules/react-native',
2232 silly tar   tarCode: 'TAR_ENTRY_ERROR'
2232 silly tar }
2233 warn tar TAR_ENTRY_ERROR ENOENT: no such file or directory, open 'C:\Users\Ansi\Desktop\FixNow\node_modules\react-native\ReactCommon\react\renderer\components\view\primitives.h'
2234 silly tar TAR_ENTRY_ERROR ENOENT: no such file or directory, open 'C:\Users\Ansi\Desktop\FixNow\node_modules\react-native\ReactCommon\react\renderer\components\view\primitives.h' [Error: ENOENT: no such file or directory, open 'C:\Users\Ansi\Desktop\FixNow\node_modules\react-native\ReactCommon\react\renderer\components\view\primitives.h'] {
2234 silly tar   errno: -4058,
2234 silly tar   code: 'ENOENT',
2234 silly tar   syscall: 'open',
2234 silly tar   path: 'C:\\Users\\Ansi\\Desktop\\FixNow\\node_modules\\react-native\\ReactCommon\\react\\renderer\\components\\view\\primitives.h',
2234 silly tar   entry: ReadEntry {
2234 silly tar     _events: [Object: null prototype] { end: [Function (anonymous)] },
2234 silly tar     _eventsCount: 1,
2234 silly tar     _maxListeners: undefined,
2234 silly tar     writable: false,
2234 silly tar     readable: true,
2234 silly tar     extended: null,
2234 silly tar     globalExtended: null,
2234 silly tar     header: Header {
2234 silly tar       cksumValid: true,
2234 silly tar       needPax: false,
2234 silly tar       nullBlock: false,
2234 silly tar       block: null,
2234 silly tar       path: 'package/ReactCommon/react/renderer/components/view/primitives.h',
2234 silly tar       mode: 420,
2234 silly tar       uid: null,
2234 silly tar       gid: null,
2234 silly tar       size: 8916,
2234 silly tar       mtime: 1985-10-26T08:15:00.000Z,
2234 silly tar       cksum: 9280,
2234 silly tar       linkpath: '',
2234 silly tar       uname: '',
2234 silly tar       gname: '',
2234 silly tar       devmaj: 0,
2234 silly tar       devmin: 0,
2234 silly tar       atime: null,
2234 silly tar       ctime: null,
2234 silly tar       [Symbol(type)]: '0'
2234 silly tar     },
2234 silly tar     startBlockSize: 9216,
2234 silly tar     blockRemain: 0,
2234 silly tar     remain: 0,
2234 silly tar     type: 'File',
2234 silly tar     meta: false,
2234 silly tar     ignore: false,
2234 silly tar     path: 'ReactCommon/react/renderer/components/view/primitives.h',
2234 silly tar     mode: 438,
2234 silly tar     uid: null,
2234 silly tar     gid: null,
2234 silly tar     uname: '',
2234 silly tar     gname: '',
2234 silly tar     size: 8916,
2234 silly tar     mtime: 1985-10-26T08:15:00.000Z,
2234 silly tar     atime: null,
2234 silly tar     ctime: null,
2234 silly tar     linkpath: '',
2234 silly tar     absolute: 'C:/Users/Ansi/Desktop/FixNow/node_modules/react-native/ReactCommon/react/renderer/components/view/primitives.h',
2234 silly tar     [Symbol(shapeMode)]: false,
2234 silly tar     [Symbol(kCapture)]: false,
2234 silly tar     [Symbol(flowing)]: false,
2234 silly tar     [Symbol(paused)]: true,
2234 silly tar     [Symbol(pipes)]: [ [Pipe] ],
2234 silly tar     [Symbol(buffer)]: [
2234 silly tar       <Buffer 50 6f 69 6e 74 65 72 55 70 20 3d 20 33 36 2c 0a 20 20 20 20 50 6f 69 6e 74 65 72 55 70 43 61 70 74 75 72 65 20 3d 20 33 37 2c 0a 20 20 7d 3b 0a 0a 20 ... 7222 more bytes>
2234 silly tar     ],
2234 silly tar     [Symbol(objectMode)]: false,
2234 silly tar     [Symbol(encoding)]: null,
2234 silly tar     [Symbol(async)]: false,
2234 silly tar     [Symbol(decoder)]: null,
2234 silly tar     [Symbol(EOF)]: true,
2234 silly tar     [Symbol(emittedEnd)]: false,
2234 silly tar     [Symbol(emittingEnd)]: false,
2234 silly tar     [Symbol(closed)]: false,
2234 silly tar     [Symbol(emittedError)]: null,
2234 silly tar     [Symbol(bufferLength)]: 7272,
2234 silly tar     [Symbol(destroyed)]: false,
2234 silly tar     [Symbol(signal)]: undefined,
2234 silly tar     [Symbol(aborted)]: false
2234 silly tar   },
2234 silly tar   cwd: 'C:/Users/Ansi/Desktop/FixNow/node_modules/react-native',
2234 silly tar   tarCode: 'TAR_ENTRY_ERROR'
2234 silly tar }
2235 warn tar TAR_ENTRY_ERROR ENOENT: no such file or directory, open 'C:\Users\Ansi\Desktop\FixNow\node_modules\react-native\ReactCommon\react\renderer\imagemanager\primitives.h'
2236 silly tar TAR_ENTRY_ERROR ENOENT: no such file or directory, open 'C:\Users\Ansi\Desktop\FixNow\node_modules\react-native\ReactCommon\react\renderer\imagemanager\primitives.h' [Error: ENOENT: no such file or directory, open 'C:\Users\Ansi\Desktop\FixNow\node_modules\react-native\ReactCommon\react\renderer\imagemanager\primitives.h'] {
2236 silly tar   errno: -4058,
2236 silly tar   code: 'ENOENT',
2236 silly tar   syscall: 'open',
2236 silly tar   path: 'C:\\Users\\Ansi\\Desktop\\FixNow\\node_modules\\react-native\\ReactCommon\\react\\renderer\\imagemanager\\primitives.h',
2236 silly tar   entry: ReadEntry {
2236 silly tar     _events: [Object: null prototype] {},
2236 silly tar     _eventsCount: 0,
2236 silly tar     _maxListeners: undefined,
2236 silly tar     writable: false,
2236 silly tar     readable: false,
2236 silly tar     extended: null,
2236 silly tar     globalExtended: null,
2236 silly tar     header: Header {
2236 silly tar       cksumValid: true,
2236 silly tar       needPax: false,
2236 silly tar       nullBlock: false,
2236 silly tar       block: null,
2236 silly tar       path: 'package/ReactCommon/react/renderer/imagemanager/primitives.h',
2236 silly tar       mode: 420,
2236 silly tar       uid: null,
2236 silly tar       gid: null,
2236 silly tar       size: 3059,
2236 silly tar       mtime: 1985-10-26T08:15:00.000Z,
2236 silly tar       cksum: 8951,
2236 silly tar       linkpath: '',
2236 silly tar       uname: '',
2236 silly tar       gname: '',
2236 silly tar       devmaj: 0,
2236 silly tar       devmin: 0,
2236 silly tar       atime: null,
2236 silly tar       ctime: null,
2236 silly tar       [Symbol(type)]: '0'
2236 silly tar     },
2236 silly tar     startBlockSize: 3072,
2236 silly tar     blockRemain: 0,
2236 silly tar     remain: 0,
2236 silly tar     type: 'File',
2236 silly tar     meta: false,
2236 silly tar     ignore: false,
2236 silly tar     path: 'ReactCommon/react/renderer/imagemanager/primitives.h',
2236 silly tar     mode: 438,
2236 silly tar     uid: null,
2236 silly tar     gid: null,
2236 silly tar     uname: '',
2236 silly tar     gname: '',
2236 silly tar     size: 3059,
2236 silly tar     mtime: 1985-10-26T08:15:00.000Z,
2236 silly tar     atime: null,
2236 silly tar     ctime: null,
2236 silly tar     linkpath: '',
2236 silly tar     absolute: 'C:/Users/Ansi/Desktop/FixNow/node_modules/react-native/ReactCommon/react/renderer/imagemanager/primitives.h',
2236 silly tar     [Symbol(shapeMode)]: false,
2236 silly tar     [Symbol(kCapture)]: false,
2236 silly tar     [Symbol(flowing)]: false,
2236 silly tar     [Symbol(paused)]: true,
2236 silly tar     [Symbol(pipes)]: [ [Pipe] ],
2236 silly tar     [Symbol(buffer)]: [],
2236 silly tar     [Symbol(objectMode)]: false,
2236 silly tar     [Symbol(encoding)]: null,
2236 silly tar     [Symbol(async)]: false,
2236 silly tar     [Symbol(decoder)]: null,
2236 silly tar     [Symbol(EOF)]: true,
2236 silly tar     [Symbol(emittedEnd)]: true,
2236 silly tar     [Symbol(emittingEnd)]: false,
2236 silly tar     [Symbol(closed)]: false,
2236 silly tar     [Symbol(emittedError)]: null,
2236 silly tar     [Symbol(bufferLength)]: 0,
2236 silly tar     [Symbol(destroyed)]: false,
2236 silly tar     [Symbol(signal)]: undefined,
2236 silly tar     [Symbol(aborted)]: false
2236 silly tar   },
2236 silly tar   cwd: 'C:/Users/Ansi/Desktop/FixNow/node_modules/react-native',
2236 silly tar   tarCode: 'TAR_ENTRY_ERROR'
2236 silly tar }
2237 warn tar TAR_ENTRY_ERROR ENOENT: no such file or directory, open 'C:\Users\Ansi\Desktop\FixNow\node_modules\react-native\ReactCommon\react\renderer\runtimescheduler\primitives.h'
2238 silly tar TAR_ENTRY_ERROR ENOENT: no such file or directory, open 'C:\Users\Ansi\Desktop\FixNow\node_modules\react-native\ReactCommon\react\renderer\runtimescheduler\primitives.h' [Error: ENOENT: no such file or directory, open 'C:\Users\Ansi\Desktop\FixNow\node_modules\react-native\ReactCommon\react\renderer\runtimescheduler\primitives.h'] {
2238 silly tar   errno: -4058,
2238 silly tar   code: 'ENOENT',
2238 silly tar   syscall: 'open',
2238 silly tar   path: 'C:\\Users\\Ansi\\Desktop\\FixNow\\node_modules\\react-native\\ReactCommon\\react\\renderer\\runtimescheduler\\primitives.h',
2238 silly tar   entry: ReadEntry {
2238 silly tar     _events: [Object: null prototype] {},
2238 silly tar     _eventsCount: 0,
2238 silly tar     _maxListeners: undefined,
2238 silly tar     writable: false,
2238 silly tar     readable: false,
2238 silly tar     extended: null,
2238 silly tar     globalExtended: null,
2238 silly tar     header: Header {
2238 silly tar       cksumValid: true,
2238 silly tar       needPax: false,
2238 silly tar       nullBlock: false,
2238 silly tar       block: null,
2238 silly tar       path: 'package/ReactCommon/react/renderer/runtimescheduler/primitives.h',
2238 silly tar       mode: 420,
2238 silly tar       uid: null,
2238 silly tar       gid: null,
2238 silly tar       size: 756,
2238 silly tar       mtime: 1985-10-26T08:15:00.000Z,
2238 silly tar       cksum: 9429,
2238 silly tar       linkpath: '',
2238 silly tar       uname: '',
2238 silly tar       gname: '',
2238 silly tar       devmaj: 0,
2238 silly tar       devmin: 0,
2238 silly tar       atime: null,
2238 silly tar       ctime: null,
2238 silly tar       [Symbol(type)]: '0'
2238 silly tar     },
2238 silly tar     startBlockSize: 1024,
2238 silly tar     blockRemain: 0,
2238 silly tar     remain: 0,
2238 silly tar     type: 'File',
2238 silly tar     meta: false,
2238 silly tar     ignore: false,
2238 silly tar     path: 'ReactCommon/react/renderer/runtimescheduler/primitives.h',
2238 silly tar     mode: 438,
2238 silly tar     uid: null,
2238 silly tar     gid: null,
2238 silly tar     uname: '',
2238 silly tar     gname: '',
2238 silly tar     size: 756,
2238 silly tar     mtime: 1985-10-26T08:15:00.000Z,
2238 silly tar     atime: null,
2238 silly tar     ctime: null,
2238 silly tar     linkpath: '',
2238 silly tar     absolute: 'C:/Users/Ansi/Desktop/FixNow/node_modules/react-native/ReactCommon/react/renderer/runtimescheduler/primitives.h',
2238 silly tar     [Symbol(shapeMode)]: false,
2238 silly tar     [Symbol(kCapture)]: false,
2238 silly tar     [Symbol(flowing)]: false,
2238 silly tar     [Symbol(paused)]: true,
2238 silly tar     [Symbol(pipes)]: [ [Pipe] ],
2238 silly tar     [Symbol(buffer)]: [],
2238 silly tar     [Symbol(objectMode)]: false,
2238 silly tar     [Symbol(encoding)]: null,
2238 silly tar     [Symbol(async)]: false,
2238 silly tar     [Symbol(decoder)]: null,
2238 silly tar     [Symbol(EOF)]: true,
2238 silly tar     [Symbol(emittedEnd)]: true,
2238 silly tar     [Symbol(emittingEnd)]: false,
2238 silly tar     [Symbol(closed)]: false,
2238 silly tar     [Symbol(emittedError)]: null,
2238 silly tar     [Symbol(bufferLength)]: 0,
2238 silly tar     [Symbol(destroyed)]: false,
2238 silly tar     [Symbol(signal)]: undefined,
2238 silly tar     [Symbol(aborted)]: false
2238 silly tar   },
2238 silly tar   cwd: 'C:/Users/Ansi/Desktop/FixNow/node_modules/react-native',
2238 silly tar   tarCode: 'TAR_ENTRY_ERROR'
2238 silly tar }
2239 warn tar TAR_ENTRY_ERROR ENOENT: no such file or directory, open 'C:\Users\Ansi\Desktop\FixNow\node_modules\react-native\ReactCommon\react\renderer\uimanager\primitives.h'
2240 silly tar TAR_ENTRY_ERROR ENOENT: no such file or directory, open 'C:\Users\Ansi\Desktop\FixNow\node_modules\react-native\ReactCommon\react\renderer\uimanager\primitives.h' [Error: ENOENT: no such file or directory, open 'C:\Users\Ansi\Desktop\FixNow\node_modules\react-native\ReactCommon\react\renderer\uimanager\primitives.h'] {
2240 silly tar   errno: -4058,
2240 silly tar   code: 'ENOENT',
2240 silly tar   syscall: 'open',
2240 silly tar   path: 'C:\\Users\\Ansi\\Desktop\\FixNow\\node_modules\\react-native\\ReactCommon\\react\\renderer\\uimanager\\primitives.h',
2240 silly tar   entry: ReadEntry {
2240 silly tar     _events: [Object: null prototype] { end: [Function (anonymous)] },
2240 silly tar     _eventsCount: 1,
2240 silly tar     _maxListeners: undefined,
2240 silly tar     writable: false,
2240 silly tar     readable: true,
2240 silly tar     extended: null,
2240 silly tar     globalExtended: null,
2240 silly tar     header: Header {
2240 silly tar       cksumValid: true,
2240 silly tar       needPax: false,
2240 silly tar       nullBlock: false,
2240 silly tar       block: null,
2240 silly tar       path: 'package/ReactCommon/react/renderer/uimanager/primitives.h',
2240 silly tar       mode: 420,
2240 silly tar       uid: null,
2240 silly tar       gid: null,
2240 silly tar       size: 5604,
2240 silly tar       mtime: 1985-10-26T08:15:00.000Z,
2240 silly tar       cksum: 8655,
2240 silly tar       linkpath: '',
2240 silly tar       uname: '',
2240 silly tar       gname: '',
2240 silly tar       devmaj: 0,
2240 silly tar       devmin: 0,
2240 silly tar       atime: null,
2240 silly tar       ctime: null,
2240 silly tar       [Symbol(type)]: '0'
2240 silly tar     },
2240 silly tar     startBlockSize: 5632,
2240 silly tar     blockRemain: 0,
2240 silly tar     remain: 0,
2240 silly tar     type: 'File',
2240 silly tar     meta: false,
2240 silly tar     ignore: false,
2240 silly tar     path: 'ReactCommon/react/renderer/uimanager/primitives.h',
2240 silly tar     mode: 438,
2240 silly tar     uid: null,
2240 silly tar     gid: null,
2240 silly tar     uname: '',
2240 silly tar     gname: '',
2240 silly tar     size: 5604,
2240 silly tar     mtime: 1985-10-26T08:15:00.000Z,
2240 silly tar     atime: null,
2240 silly tar     ctime: null,
2240 silly tar     linkpath: '',
2240 silly tar     absolute: 'C:/Users/Ansi/Desktop/FixNow/node_modules/react-native/ReactCommon/react/renderer/uimanager/primitives.h',
2240 silly tar     [Symbol(shapeMode)]: false,
2240 silly tar     [Symbol(kCapture)]: false,
2240 silly tar     [Symbol(flowing)]: false,
2240 silly tar     [Symbol(paused)]: true,
2240 silly tar     [Symbol(pipes)]: [ [Pipe] ],
2240 silly tar     [Symbol(buffer)]: [
2240 silly tar       <Buffer 61 72 6b 65 72 20 69 6e 74 65 72 66 61 63 65 2e 20 43 6f 75 6c 64 20 62 65 20 73 69 6d 70 6c 69 66 69 65 64 20 74 6f 20 61 20 73 69 6d 70 6c 65 20 73 ... 2374 more bytes>
2240 silly tar     ],
2240 silly tar     [Symbol(objectMode)]: false,
2240 silly tar     [Symbol(encoding)]: null,
2240 silly tar     [Symbol(async)]: false,
2240 silly tar     [Symbol(decoder)]: null,
2240 silly tar     [Symbol(EOF)]: true,
2240 silly tar     [Symbol(emittedEnd)]: false,
2240 silly tar     [Symbol(emittingEnd)]: false,
2240 silly tar     [Symbol(closed)]: false,
2240 silly tar     [Symbol(emittedError)]: null,
2240 silly tar     [Symbol(bufferLength)]: 2424,
2240 silly tar     [Symbol(destroyed)]: false,
2240 silly tar     [Symbol(signal)]: undefined,
2240 silly tar     [Symbol(aborted)]: false
2240 silly tar   },
2240 silly tar   cwd: 'C:/Users/Ansi/Desktop/FixNow/node_modules/react-native',
2240 silly tar   tarCode: 'TAR_ENTRY_ERROR'
2240 silly tar }
2241 warn tar TAR_ENTRY_ERROR ENOENT: no such file or directory, open 'C:\Users\Ansi\Desktop\FixNow\node_modules\react-native\ReactCommon\jsinspector-modern\tracing\ProfileTreeNode.h'
2242 silly tar TAR_ENTRY_ERROR ENOENT: no such file or directory, open 'C:\Users\Ansi\Desktop\FixNow\node_modules\react-native\ReactCommon\jsinspector-modern\tracing\ProfileTreeNode.h' [Error: ENOENT: no such file or directory, open 'C:\Users\Ansi\Desktop\FixNow\node_modules\react-native\ReactCommon\jsinspector-modern\tracing\ProfileTreeNode.h'] {
2242 silly tar   errno: -4058,
2242 silly tar   code: 'ENOENT',
2242 silly tar   syscall: 'open',
2242 silly tar   path: 'C:\\Users\\Ansi\\Desktop\\FixNow\\node_modules\\react-native\\ReactCommon\\jsinspector-modern\\tracing\\ProfileTreeNode.h',
2242 silly tar   entry: ReadEntry {
2242 silly tar     _events: [Object: null prototype] {},
2242 silly tar     _eventsCount: 0,
2242 silly tar     _maxListeners: undefined,
2242 silly tar     writable: false,
2242 silly tar     readable: false,
2242 silly tar     extended: null,
2242 silly tar     globalExtended: null,
2242 silly tar     header: Header {
2242 silly tar       cksumValid: true,
2242 silly tar       needPax: false,
2242 silly tar       nullBlock: false,
2242 silly tar       block: null,
2242 silly tar       path: 'package/ReactCommon/jsinspector-modern/tracing/ProfileTreeNode.h',
2242 silly tar       mode: 420,
2242 silly tar       uid: null,
2242 silly tar       gid: null,
2242 silly tar       size: 2950,
2242 silly tar       mtime: 1985-10-26T08:15:00.000Z,
2242 silly tar       cksum: 9321,
2242 silly tar       linkpath: '',
2242 silly tar       uname: '',
2242 silly tar       gname: '',
2242 silly tar       devmaj: 0,
2242 silly tar       devmin: 0,
2242 silly tar       atime: null,
2242 silly tar       ctime: null,
2242 silly tar       [Symbol(type)]: '0'
2242 silly tar     },
2242 silly tar     startBlockSize: 3072,
2242 silly tar     blockRemain: 0,
2242 silly tar     remain: 0,
2242 silly tar     type: 'File',
2242 silly tar     meta: false,
2242 silly tar     ignore: false,
2242 silly tar     path: 'ReactCommon/jsinspector-modern/tracing/ProfileTreeNode.h',
2242 silly tar     mode: 438,
2242 silly tar     uid: null,
2242 silly tar     gid: null,
2242 silly tar     uname: '',
2242 silly tar     gname: '',
2242 silly tar     size: 2950,
2242 silly tar     mtime: 1985-10-26T08:15:00.000Z,
2242 silly tar     atime: null,
2242 silly tar     ctime: null,
2242 silly tar     linkpath: '',
2242 silly tar     absolute: 'C:/Users/Ansi/Desktop/FixNow/node_modules/react-native/ReactCommon/jsinspector-modern/tracing/ProfileTreeNode.h',
2242 silly tar     [Symbol(shapeMode)]: false,
2242 silly tar     [Symbol(kCapture)]: false,
2242 silly tar     [Symbol(flowing)]: false,
2242 silly tar     [Symbol(paused)]: true,
2242 silly tar     [Symbol(pipes)]: [ [Pipe] ],
2242 silly tar     [Symbol(buffer)]: [],
2242 silly tar     [Symbol(objectMode)]: false,
2242 silly tar     [Symbol(encoding)]: null,
2242 silly tar     [Symbol(async)]: false,
2242 silly tar     [Symbol(decoder)]: null,
2242 silly tar     [Symbol(EOF)]: true,
2242 silly tar     [Symbol(emittedEnd)]: true,
2242 silly tar     [Symbol(emittingEnd)]: false,
2242 silly tar     [Symbol(closed)]: false,
2242 silly tar     [Symbol(emittedError)]: null,
2242 silly tar     [Symbol(bufferLength)]: 0,
2242 silly tar     [Symbol(destroyed)]: false,
2242 silly tar     [Symbol(signal)]: undefined,
2242 silly tar     [Symbol(aborted)]: false
2242 silly tar   },
2242 silly tar   cwd: 'C:/Users/Ansi/Desktop/FixNow/node_modules/react-native',
2242 silly tar   tarCode: 'TAR_ENTRY_ERROR'
2242 silly tar }
2243 warn tar TAR_ENTRY_ERROR ENOENT: no such file or directory, open 'C:\Users\Ansi\Desktop\FixNow\node_modules\react-native\ReactCommon\react\bridging\Promise.h'
2244 silly tar TAR_ENTRY_ERROR ENOENT: no such file or directory, open 'C:\Users\Ansi\Desktop\FixNow\node_modules\react-native\ReactCommon\react\bridging\Promise.h' [Error: ENOENT: no such file or directory, open 'C:\Users\Ansi\Desktop\FixNow\node_modules\react-native\ReactCommon\react\bridging\Promise.h'] {
2244 silly tar   errno: -4058,
2244 silly tar   code: 'ENOENT',
2244 silly tar   syscall: 'open',
2244 silly tar   path: 'C:\\Users\\Ansi\\Desktop\\FixNow\\node_modules\\react-native\\ReactCommon\\react\\bridging\\Promise.h',
2244 silly tar   entry: ReadEntry {
2244 silly tar     _events: [Object: null prototype] {},
2244 silly tar     _eventsCount: 0,
2244 silly tar     _maxListeners: undefined,
2244 silly tar     writable: false,
2244 silly tar     readable: false,
2244 silly tar     extended: null,
2244 silly tar     globalExtended: null,
2244 silly tar     header: Header {
2244 silly tar       cksumValid: true,
2244 silly tar       needPax: false,
2244 silly tar       nullBlock: false,
2244 silly tar       block: null,
2244 silly tar       path: 'package/ReactCommon/react/bridging/Promise.h',
2244 silly tar       mode: 420,
2244 silly tar       uid: null,
2244 silly tar       gid: null,
2244 silly tar       size: 2926,
2244 silly tar       mtime: 1985-10-26T08:15:00.000Z,
2244 silly tar       cksum: 7276,
2244 silly tar       linkpath: '',
2244 silly tar       uname: '',
2244 silly tar       gname: '',
2244 silly tar       devmaj: 0,
2244 silly tar       devmin: 0,
2244 silly tar       atime: null,
2244 silly tar       ctime: null,
2244 silly tar       [Symbol(type)]: '0'
2244 silly tar     },
2244 silly tar     startBlockSize: 3072,
2244 silly tar     blockRemain: 0,
2244 silly tar     remain: 0,
2244 silly tar     type: 'File',
2244 silly tar     meta: false,
2244 silly tar     ignore: false,
2244 silly tar     path: 'ReactCommon/react/bridging/Promise.h',
2244 silly tar     mode: 438,
2244 silly tar     uid: null,
2244 silly tar     gid: null,
2244 silly tar     uname: '',
2244 silly tar     gname: '',
2244 silly tar     size: 2926,
2244 silly tar     mtime: 1985-10-26T08:15:00.000Z,
2244 silly tar     atime: null,
2244 silly tar     ctime: null,
2244 silly tar     linkpath: '',
2244 silly tar     absolute: 'C:/Users/Ansi/Desktop/FixNow/node_modules/react-native/ReactCommon/react/bridging/Promise.h',
2244 silly tar     [Symbol(shapeMode)]: false,
2244 silly tar     [Symbol(kCapture)]: false,
2244 silly tar     [Symbol(flowing)]: false,
2244 silly tar     [Symbol(paused)]: true,
2244 silly tar     [Symbol(pipes)]: [ [Pipe] ],
2244 silly tar     [Symbol(buffer)]: [],
2244 silly tar     [Symbol(objectMode)]: false,
2244 silly tar     [Symbol(encoding)]: null,
2244 silly tar     [Symbol(async)]: false,
2244 silly tar     [Symbol(decoder)]: null,
2244 silly tar     [Symbol(EOF)]: true,
2244 silly tar     [Symbol(emittedEnd)]: true,
2244 silly tar     [Symbol(emittingEnd)]: false,
2244 silly tar     [Symbol(closed)]: false,
2244 silly tar     [Symbol(emittedError)]: null,
2244 silly tar     [Symbol(bufferLength)]: 0,
2244 silly tar     [Symbol(destroyed)]: false,
2244 silly tar     [Symbol(signal)]: undefined,
2244 silly tar     [Symbol(aborted)]: false
2244 silly tar   },
2244 silly tar   cwd: 'C:/Users/Ansi/Desktop/FixNow/node_modules/react-native',
2244 silly tar   tarCode: 'TAR_ENTRY_ERROR'
2244 silly tar }
2245 warn tar TAR_ENTRY_ERROR ENOENT: no such file or directory, open 'C:\Users\Ansi\Desktop\FixNow\node_modules\react-native\React\FBReactNativeSpec\react\renderer\components\FBReactNativeSpec\Props.h'
2246 silly tar TAR_ENTRY_ERROR ENOENT: no such file or directory, open 'C:\Users\Ansi\Desktop\FixNow\node_modules\react-native\React\FBReactNativeSpec\react\renderer\components\FBReactNativeSpec\Props.h' [Error: ENOENT: no such file or directory, open 'C:\Users\Ansi\Desktop\FixNow\node_modules\react-native\React\FBReactNativeSpec\react\renderer\components\FBReactNativeSpec\Props.h'] {
2246 silly tar   errno: -4058,
2246 silly tar   code: 'ENOENT',
2246 silly tar   syscall: 'open',
2246 silly tar   path: 'C:\\Users\\Ansi\\Desktop\\FixNow\\node_modules\\react-native\\React\\FBReactNativeSpec\\react\\renderer\\components\\FBReactNativeSpec\\Props.h',
2246 silly tar   entry: ReadEntry {
2246 silly tar     _events: [Object: null prototype] {
2246 silly tar       end: [Function (anonymous)],
2246 silly tar       drain: [Function]
2246 silly tar     },
2246 silly tar     _eventsCount: 2,
2246 silly tar     _maxListeners: undefined,
2246 silly tar     writable: true,
2246 silly tar     readable: true,
2246 silly tar     extended: null,
2246 silly tar     globalExtended: null,
2246 silly tar     header: Header {
2246 silly tar       cksumValid: true,
2246 silly tar       needPax: false,
2246 silly tar       nullBlock: false,
2246 silly tar       block: null,
2246 silly tar       path: 'package/React/FBReactNativeSpec/react/renderer/components/FBReactNativeSpec/Props.h',
2246 silly tar       mode: 420,
2246 silly tar       uid: null,
2246 silly tar       gid: null,
2246 silly tar       size: 18326,
2246 silly tar       mtime: 1985-10-26T08:15:00.000Z,
2246 silly tar       cksum: 10990,
2246 silly tar       linkpath: '',
2246 silly tar       uname: '',
2246 silly tar       gname: '',
2246 silly tar       devmaj: 0,
2246 silly tar       devmin: 0,
2246 silly tar       atime: null,
2246 silly tar       ctime: null,
2246 silly tar       [Symbol(type)]: '0'
2246 silly tar     },
2246 silly tar     startBlockSize: 18432,
2246 silly tar     blockRemain: 4358,
2246 silly tar     remain: 4252,
2246 silly tar     type: 'File',
2246 silly tar     meta: false,
2246 silly tar     ignore: false,
2246 silly tar     path: 'React/FBReactNativeSpec/react/renderer/components/FBReactNativeSpec/Props.h',
2246 silly tar     mode: 438,
2246 silly tar     uid: null,
2246 silly tar     gid: null,
2246 silly tar     uname: '',
2246 silly tar     gname: '',
2246 silly tar     size: 18326,
2246 silly tar     mtime: 1985-10-26T08:15:00.000Z,
2246 silly tar     atime: null,
2246 silly tar     ctime: null,
2246 silly tar     linkpath: '',
2246 silly tar     absolute: 'C:/Users/Ansi/Desktop/FixNow/node_modules/react-native/React/FBReactNativeSpec/react/renderer/components/FBReactNativeSpec/Props.h',
2246 silly tar     [Symbol(shapeMode)]: false,
2246 silly tar     [Symbol(kCapture)]: false,
2246 silly tar     [Symbol(flowing)]: false,
2246 silly tar     [Symbol(paused)]: true,
2246 silly tar     [Symbol(pipes)]: [ [Pipe] ],
2246 silly tar     [Symbol(buffer)]: [
2246 silly tar       <Buffer 65 77 53 75 70 70 6f 72 74 65 64 4f 72 69 65 6e 74 61 74 69 6f 6e 73 4d 61 73 6b 20 3d 20 75 69 6e 74 33 32 5f 74 3b 0a 0a 73 74 72 75 63 74 20 4d 6f ... 1116 more bytes>
2246 silly tar     ],
2246 silly tar     [Symbol(objectMode)]: false,
2246 silly tar     [Symbol(encoding)]: null,
2246 silly tar     [Symbol(async)]: false,
2246 silly tar     [Symbol(decoder)]: null,
2246 silly tar     [Symbol(EOF)]: false,
2246 silly tar     [Symbol(emittedEnd)]: false,
2246 silly tar     [Symbol(emittingEnd)]: false,
2246 silly tar     [Symbol(closed)]: false,
2246 silly tar     [Symbol(emittedError)]: null,
2246 silly tar     [Symbol(bufferLength)]: 1166,
2246 silly tar     [Symbol(destroyed)]: false,
2246 silly tar     [Symbol(signal)]: undefined,
2246 silly tar     [Symbol(aborted)]: false
2246 silly tar   },
2246 silly tar   cwd: 'C:/Users/Ansi/Desktop/FixNow/node_modules/react-native',
2246 silly tar   tarCode: 'TAR_ENTRY_ERROR'
2246 silly tar }
2247 warn tar TAR_ENTRY_ERROR ENOENT: no such file or directory, open 'C:\Users\Ansi\Desktop\FixNow\node_modules\react-native\ReactCommon\react\renderer\components\rncore\Props.h'
2248 silly tar TAR_ENTRY_ERROR ENOENT: no such file or directory, open 'C:\Users\Ansi\Desktop\FixNow\node_modules\react-native\ReactCommon\react\renderer\components\rncore\Props.h' [Error: ENOENT: no such file or directory, open 'C:\Users\Ansi\Desktop\FixNow\node_modules\react-native\ReactCommon\react\renderer\components\rncore\Props.h'] {
2248 silly tar   errno: -4058,
2248 silly tar   code: 'ENOENT',
2248 silly tar   syscall: 'open',
2248 silly tar   path: 'C:\\Users\\Ansi\\Desktop\\FixNow\\node_modules\\react-native\\ReactCommon\\react\\renderer\\components\\rncore\\Props.h',
2248 silly tar   entry: ReadEntry {
2248 silly tar     _events: [Object: null prototype] {},
2248 silly tar     _eventsCount: 0,
2248 silly tar     _maxListeners: undefined,
2248 silly tar     writable: false,
2248 silly tar     readable: false,
2248 silly tar     extended: null,
2248 silly tar     globalExtended: null,
2248 silly tar     header: Header {
2248 silly tar       cksumValid: true,
2248 silly tar       needPax: false,
2248 silly tar       nullBlock: false,
2248 silly tar       block: null,
2248 silly tar       path: 'package/ReactCommon/react/renderer/components/rncore/Props.h',
2248 silly tar       mode: 420,
2248 silly tar       uid: null,
2248 silly tar       gid: null,
2248 silly tar       size: 586,
2248 silly tar       mtime: 1985-10-26T08:15:00.000Z,
2248 silly tar       cksum: 8911,
2248 silly tar       linkpath: '',
2248 silly tar       uname: '',
2248 silly tar       gname: '',
2248 silly tar       devmaj: 0,
2248 silly tar       devmin: 0,
2248 silly tar       atime: null,
2248 silly tar       ctime: null,
2248 silly tar       [Symbol(type)]: '0'
2248 silly tar     },
2248 silly tar     startBlockSize: 1024,
2248 silly tar     blockRemain: 0,
2248 silly tar     remain: 0,
2248 silly tar     type: 'File',
2248 silly tar     meta: false,
2248 silly tar     ignore: false,
2248 silly tar     path: 'ReactCommon/react/renderer/components/rncore/Props.h',
2248 silly tar     mode: 438,
2248 silly tar     uid: null,
2248 silly tar     gid: null,
2248 silly tar     uname: '',
2248 silly tar     gname: '',
2248 silly tar     size: 586,
2248 silly tar     mtime: 1985-10-26T08:15:00.000Z,
2248 silly tar     atime: null,
2248 silly tar     ctime: null,
2248 silly tar     linkpath: '',
2248 silly tar     absolute: 'C:/Users/Ansi/Desktop/FixNow/node_modules/react-native/ReactCommon/react/renderer/components/rncore/Props.h',
2248 silly tar     [Symbol(shapeMode)]: false,
2248 silly tar     [Symbol(kCapture)]: false,
2248 silly tar     [Symbol(flowing)]: false,
2248 silly tar     [Symbol(paused)]: true,
2248 silly tar     [Symbol(pipes)]: [ [Pipe] ],
2248 silly tar     [Symbol(buffer)]: [],
2248 silly tar     [Symbol(objectMode)]: false,
2248 silly tar     [Symbol(encoding)]: null,
2248 silly tar     [Symbol(async)]: false,
2248 silly tar     [Symbol(decoder)]: null,
2248 silly tar     [Symbol(EOF)]: true,
2248 silly tar     [Symbol(emittedEnd)]: true,
2248 silly tar     [Symbol(emittingEnd)]: false,
2248 silly tar     [Symbol(closed)]: false,
2248 silly tar     [Symbol(emittedError)]: null,
2248 silly tar     [Symbol(bufferLength)]: 0,
2248 silly tar     [Symbol(destroyed)]: false,
2248 silly tar     [Symbol(signal)]: undefined,
2248 silly tar     [Symbol(aborted)]: false
2248 silly tar   },
2248 silly tar   cwd: 'C:/Users/Ansi/Desktop/FixNow/node_modules/react-native',
2248 silly tar   tarCode: 'TAR_ENTRY_ERROR'
2248 silly tar }
2249 warn tar TAR_ENTRY_ERROR ENOENT: no such file or directory, open 'C:\Users\Ansi\Desktop\FixNow\node_modules\react-native\ReactCommon\react\renderer\core\Props.h'
2250 silly tar TAR_ENTRY_ERROR ENOENT: no such file or directory, open 'C:\Users\Ansi\Desktop\FixNow\node_modules\react-native\ReactCommon\react\renderer\core\Props.h' [Error: ENOENT: no such file or directory, open 'C:\Users\Ansi\Desktop\FixNow\node_modules\react-native\ReactCommon\react\renderer\core\Props.h'] {
2250 silly tar   errno: -4058,
2250 silly tar   code: 'ENOENT',
2250 silly tar   syscall: 'open',
2250 silly tar   path: 'C:\\Users\\Ansi\\Desktop\\FixNow\\node_modules\\react-native\\ReactCommon\\react\\renderer\\core\\Props.h',
2250 silly tar   entry: ReadEntry {
2250 silly tar     _events: [Object: null prototype] {},
2250 silly tar     _eventsCount: 0,
2250 silly tar     _maxListeners: undefined,
2250 silly tar     writable: false,
2250 silly tar     readable: false,
2250 silly tar     extended: null,
2250 silly tar     globalExtended: null,
2250 silly tar     header: Header {
2250 silly tar       cksumValid: true,
2250 silly tar       needPax: false,
2250 silly tar       nullBlock: false,
2250 silly tar       block: null,
2250 silly tar       path: 'package/ReactCommon/react/renderer/core/Props.h',
2250 silly tar       mode: 420,
2250 silly tar       uid: null,
2250 silly tar       gid: null,
2250 silly tar       size: 2860,
2250 silly tar       mtime: 1985-10-26T08:15:00.000Z,
2250 silly tar       cksum: 7559,
2250 silly tar       linkpath: '',
2250 silly tar       uname: '',
2250 silly tar       gname: '',
2250 silly tar       devmaj: 0,
2250 silly tar       devmin: 0,
2250 silly tar       atime: null,
2250 silly tar       ctime: null,
2250 silly tar       [Symbol(type)]: '0'
2250 silly tar     },
2250 silly tar     startBlockSize: 3072,
2250 silly tar     blockRemain: 0,
2250 silly tar     remain: 0,
2250 silly tar     type: 'File',
2250 silly tar     meta: false,
2250 silly tar     ignore: false,
2250 silly tar     path: 'ReactCommon/react/renderer/core/Props.h',
2250 silly tar     mode: 438,
2250 silly tar     uid: null,
2250 silly tar     gid: null,
2250 silly tar     uname: '',
2250 silly tar     gname: '',
2250 silly tar     size: 2860,
2250 silly tar     mtime: 1985-10-26T08:15:00.000Z,
2250 silly tar     atime: null,
2250 silly tar     ctime: null,
2250 silly tar     linkpath: '',
2250 silly tar     absolute: 'C:/Users/Ansi/Desktop/FixNow/node_modules/react-native/ReactCommon/react/renderer/core/Props.h',
2250 silly tar     [Symbol(shapeMode)]: false,
2250 silly tar     [Symbol(kCapture)]: false,
2250 silly tar     [Symbol(flowing)]: false,
2250 silly tar     [Symbol(paused)]: true,
2250 silly tar     [Symbol(pipes)]: [ [Pipe] ],
2250 silly tar     [Symbol(buffer)]: [],
2250 silly tar     [Symbol(objectMode)]: false,
2250 silly tar     [Symbol(encoding)]: null,
2250 silly tar     [Symbol(async)]: false,
2250 silly tar     [Symbol(decoder)]: null,
2250 silly tar     [Symbol(EOF)]: true,
2250 silly tar     [Symbol(emittedEnd)]: true,
2250 silly tar     [Symbol(emittingEnd)]: false,
2250 silly tar     [Symbol(closed)]: false,
2250 silly tar     [Symbol(emittedError)]: null,
2250 silly tar     [Symbol(bufferLength)]: 0,
2250 silly tar     [Symbol(destroyed)]: false,
2250 silly tar     [Symbol(signal)]: undefined,
2250 silly tar     [Symbol(aborted)]: false
2250 silly tar   },
2250 silly tar   cwd: 'C:/Users/Ansi/Desktop/FixNow/node_modules/react-native',
2250 silly tar   tarCode: 'TAR_ENTRY_ERROR'
2250 silly tar }
2251 warn tar TAR_ENTRY_ERROR ENOENT: no such file or directory, open 'C:\Users\Ansi\Desktop\FixNow\node_modules\react-native\ReactCommon\react\renderer\components\textinput\platform\ios\react\renderer\components\iostextinput\propsConversions.h'
2252 silly tar TAR_ENTRY_ERROR ENOENT: no such file or directory, open 'C:\Users\Ansi\Desktop\FixNow\node_modules\react-native\ReactCommon\react\renderer\components\textinput\platform\ios\react\renderer\components\iostextinput\propsConversions.h' [Error: ENOENT: no such file or directory, open 'C:\Users\Ansi\Desktop\FixNow\node_modules\react-native\ReactCommon\react\renderer\components\textinput\platform\ios\react\renderer\components\iostextinput\propsConversions.h'] {
2252 silly tar   errno: -4058,
2252 silly tar   code: 'ENOENT',
2252 silly tar   syscall: 'open',
2252 silly tar   path: 'C:\\Users\\Ansi\\Desktop\\FixNow\\node_modules\\react-native\\ReactCommon\\react\\renderer\\components\\textinput\\platform\\ios\\react\\renderer\\components\\iostextinput\\propsConversions.h',
2252 silly tar   entry: ReadEntry {
2252 silly tar     _events: [Object: null prototype] {},
2252 silly tar     _eventsCount: 0,
2252 silly tar     _maxListeners: undefined,
2252 silly tar     writable: false,
2252 silly tar     readable: false,
2252 silly tar     extended: null,
2252 silly tar     globalExtended: null,
2252 silly tar     header: Header {
2252 silly tar       cksumValid: true,
2252 silly tar       needPax: false,
2252 silly tar       nullBlock: false,
2252 silly tar       block: null,
2252 silly tar       path: 'package/ReactCommon/react/renderer/components/textinput/platform/ios/react/renderer/components/iostextinput/propsConversions.h',
2252 silly tar       mode: 420,
2252 silly tar       uid: null,
2252 silly tar       gid: null,
2252 silly tar       size: 5229,
2252 silly tar       mtime: 1985-10-26T08:15:00.000Z,
2252 silly tar       cksum: 15748,
2252 silly tar       linkpath: '',
2252 silly tar       uname: '',
2252 silly tar       gname: '',
2252 silly tar       devmaj: 0,
2252 silly tar       devmin: 0,
2252 silly tar       atime: null,
2252 silly tar       ctime: null,
2252 silly tar       [Symbol(type)]: '0'
2252 silly tar     },
2252 silly tar     startBlockSize: 5632,
2252 silly tar     blockRemain: 0,
2252 silly tar     remain: 0,
2252 silly tar     type: 'File',
2252 silly tar     meta: false,
2252 silly tar     ignore: false,
2252 silly tar     path: 'ReactCommon/react/renderer/components/textinput/platform/ios/react/renderer/components/iostextinput/propsConversions.h',
2252 silly tar     mode: 438,
2252 silly tar     uid: null,
2252 silly tar     gid: null,
2252 silly tar     uname: '',
2252 silly tar     gname: '',
2252 silly tar     size: 5229,
2252 silly tar     mtime: 1985-10-26T08:15:00.000Z,
2252 silly tar     atime: null,
2252 silly tar     ctime: null,
2252 silly tar     linkpath: '',
2252 silly tar     absolute: 'C:/Users/Ansi/Desktop/FixNow/node_modules/react-native/ReactCommon/react/renderer/components/textinput/platform/ios/react/renderer/components/iostextinput/propsConversions.h',
2252 silly tar     [Symbol(shapeMode)]: false,
2252 silly tar     [Symbol(kCapture)]: false,
2252 silly tar     [Symbol(flowing)]: false,
2252 silly tar     [Symbol(paused)]: true,
2252 silly tar     [Symbol(pipes)]: [ [Pipe] ],
2252 silly tar     [Symbol(buffer)]: [],
2252 silly tar     [Symbol(objectMode)]: false,
2252 silly tar     [Symbol(encoding)]: null,
2252 silly tar     [Symbol(async)]: false,
2252 silly tar     [Symbol(decoder)]: null,
2252 silly tar     [Symbol(EOF)]: true,
2252 silly tar     [Symbol(emittedEnd)]: true,
2252 silly tar     [Symbol(emittingEnd)]: false,
2252 silly tar     [Symbol(closed)]: false,
2252 silly tar     [Symbol(emittedError)]: null,
2252 silly tar     [Symbol(bufferLength)]: 0,
2252 silly tar     [Symbol(destroyed)]: false,
2252 silly tar     [Symbol(signal)]: undefined,
2252 silly tar     [Symbol(aborted)]: false
2252 silly tar   },
2252 silly tar   cwd: 'C:/Users/Ansi/Desktop/FixNow/node_modules/react-native',
2252 silly tar   tarCode: 'TAR_ENTRY_ERROR'
2252 silly tar }
2253 warn tar TAR_ENTRY_ERROR ENOENT: no such file or directory, open 'C:\Users\Ansi\Desktop\FixNow\node_modules\react-native\ReactCommon\react\renderer\components\view\propsConversions.h'
2254 silly tar TAR_ENTRY_ERROR ENOENT: no such file or directory, open 'C:\Users\Ansi\Desktop\FixNow\node_modules\react-native\ReactCommon\react\renderer\components\view\propsConversions.h' [Error: ENOENT: no such file or directory, open 'C:\Users\Ansi\Desktop\FixNow\node_modules\react-native\ReactCommon\react\renderer\components\view\propsConversions.h'] {
2254 silly tar   errno: -4058,
2254 silly tar   code: 'ENOENT',
2254 silly tar   syscall: 'open',
2254 silly tar   path: 'C:\\Users\\Ansi\\Desktop\\FixNow\\node_modules\\react-native\\ReactCommon\\react\\renderer\\components\\view\\propsConversions.h',
2254 silly tar   entry: ReadEntry {
2254 silly tar     _events: [Object: null prototype] { end: [Function (anonymous)] },
2254 silly tar     _eventsCount: 1,
2254 silly tar     _maxListeners: undefined,
2254 silly tar     writable: false,
2254 silly tar     readable: true,
2254 silly tar     extended: null,
2254 silly tar     globalExtended: null,
2254 silly tar     header: Header {
2254 silly tar       cksumValid: true,
2254 silly tar       needPax: false,
2254 silly tar       nullBlock: false,
2254 silly tar       block: null,
2254 silly tar       path: 'package/ReactCommon/react/renderer/components/view/propsConversions.h',
2254 silly tar       mode: 420,
2254 silly tar       uid: null,
2254 silly tar       gid: null,
2254 silly tar       size: 25707,
2254 silly tar       mtime: 1985-10-26T08:15:00.000Z,
2254 silly tar       cksum: 9926,
2254 silly tar       linkpath: '',
2254 silly tar       uname: '',
2254 silly tar       gname: '',
2254 silly tar       devmaj: 0,
2254 silly tar       devmin: 0,
2254 silly tar       atime: null,
2254 silly tar       ctime: null,
2254 silly tar       [Symbol(type)]: '0'
2254 silly tar     },
2254 silly tar     startBlockSize: 26112,
2254 silly tar     blockRemain: 0,
2254 silly tar     remain: 0,
2254 silly tar     type: 'File',
2254 silly tar     meta: false,
2254 silly tar     ignore: false,
2254 silly tar     path: 'ReactCommon/react/renderer/components/view/propsConversions.h',
2254 silly tar     mode: 438,
2254 silly tar     uid: null,
2254 silly tar     gid: null,
2254 silly tar     uname: '',
2254 silly tar     gname: '',
2254 silly tar     size: 25707,
2254 silly tar     mtime: 1985-10-26T08:15:00.000Z,
2254 silly tar     atime: null,
2254 silly tar     ctime: null,
2254 silly tar     linkpath: '',
2254 silly tar     absolute: 'C:/Users/Ansi/Desktop/FixNow/node_modules/react-native/ReactCommon/react/renderer/components/view/propsConversions.h',
2254 silly tar     [Symbol(shapeMode)]: false,
2254 silly tar     [Symbol(kCapture)]: false,
2254 silly tar     [Symbol(flowing)]: false,
2254 silly tar     [Symbol(paused)]: true,
2254 silly tar     [Symbol(pipes)]: [ [Pipe] ],
2254 silly tar     [Symbol(buffer)]: [
2254 silly tar       <Buffer 78 74 2c 0a 20 20 20 20 20 20 72 61 77 50 72 6f 70 73 2c 0a 20 20 20 20 20 20 22 4c 65 66 74 22 2c 0a 20 20 20 20 20 20 73 6f 75 72 63 65 56 61 6c 75 ... 9023 more bytes>
2254 silly tar     ],
2254 silly tar     [Symbol(objectMode)]: false,
2254 silly tar     [Symbol(encoding)]: null,
2254 silly tar     [Symbol(async)]: false,
2254 silly tar     [Symbol(decoder)]: null,
2254 silly tar     [Symbol(EOF)]: true,
2254 silly tar     [Symbol(emittedEnd)]: false,
2254 silly tar     [Symbol(emittingEnd)]: false,
2254 silly tar     [Symbol(closed)]: false,
2254 silly tar     [Symbol(emittedError)]: null,
2254 silly tar     [Symbol(bufferLength)]: 9073,
2254 silly tar     [Symbol(destroyed)]: false,
2254 silly tar     [Symbol(signal)]: undefined,
2254 silly tar     [Symbol(aborted)]: false
2254 silly tar   },
2254 silly tar   cwd: 'C:/Users/Ansi/Desktop/FixNow/node_modules/react-native',
2254 silly tar   tarCode: 'TAR_ENTRY_ERROR'
2254 silly tar }
2255 warn tar TAR_ENTRY_ERROR ENOENT: no such file or directory, open 'C:\Users\Ansi\Desktop\FixNow\node_modules\react-native\ReactCommon\react\renderer\core\propsConversions.h'
2256 silly tar TAR_ENTRY_ERROR ENOENT: no such file or directory, open 'C:\Users\Ansi\Desktop\FixNow\node_modules\react-native\ReactCommon\react\renderer\core\propsConversions.h' [Error: ENOENT: no such file or directory, open 'C:\Users\Ansi\Desktop\FixNow\node_modules\react-native\ReactCommon\react\renderer\core\propsConversions.h'] {
2256 silly tar   errno: -4058,
2256 silly tar   code: 'ENOENT',
2256 silly tar   syscall: 'open',
2256 silly tar   path: 'C:\\Users\\Ansi\\Desktop\\FixNow\\node_modules\\react-native\\ReactCommon\\react\\renderer\\core\\propsConversions.h',
2256 silly tar   entry: ReadEntry {
2256 silly tar     _events: [Object: null prototype] {},
2256 silly tar     _eventsCount: 0,
2256 silly tar     _maxListeners: undefined,
2256 silly tar     writable: false,
2256 silly tar     readable: false,
2256 silly tar     extended: null,
2256 silly tar     globalExtended: null,
2256 silly tar     header: Header {
2256 silly tar       cksumValid: true,
2256 silly tar       needPax: false,
2256 silly tar       nullBlock: false,
2256 silly tar       block: null,
2256 silly tar       path: 'package/ReactCommon/react/renderer/core/propsConversions.h',
2256 silly tar       mode: 420,
2256 silly tar       uid: null,
2256 silly tar       gid: null,
2256 silly tar       size: 4727,
2256 silly tar       mtime: 1985-10-26T08:15:00.000Z,
2256 silly tar       cksum: 8766,
2256 silly tar       linkpath: '',
2256 silly tar       uname: '',
2256 silly tar       gname: '',
2256 silly tar       devmaj: 0,
2256 silly tar       devmin: 0,
2256 silly tar       atime: null,
2256 silly tar       ctime: null,
2256 silly tar       [Symbol(type)]: '0'
2256 silly tar     },
2256 silly tar     startBlockSize: 5120,
2256 silly tar     blockRemain: 0,
2256 silly tar     remain: 0,
2256 silly tar     type: 'File',
2256 silly tar     meta: false,
2256 silly tar     ignore: false,
2256 silly tar     path: 'ReactCommon/react/renderer/core/propsConversions.h',
2256 silly tar     mode: 438,
2256 silly tar     uid: null,
2256 silly tar     gid: null,
2256 silly tar     uname: '',
2256 silly tar     gname: '',
2256 silly tar     size: 4727,
2256 silly tar     mtime: 1985-10-26T08:15:00.000Z,
2256 silly tar     atime: null,
2256 silly tar     ctime: null,
2256 silly tar     linkpath: '',
2256 silly tar     absolute: 'C:/Users/Ansi/Desktop/FixNow/node_modules/react-native/ReactCommon/react/renderer/core/propsConversions.h',
2256 silly tar     [Symbol(shapeMode)]: false,
2256 silly tar     [Symbol(kCapture)]: false,
2256 silly tar     [Symbol(flowing)]: false,
2256 silly tar     [Symbol(paused)]: true,
2256 silly tar     [Symbol(pipes)]: [ [Pipe] ],
2256 silly tar     [Symbol(buffer)]: [],
2256 silly tar     [Symbol(objectMode)]: false,
2256 silly tar     [Symbol(encoding)]: null,
2256 silly tar     [Symbol(async)]: false,
2256 silly tar     [Symbol(decoder)]: null,
2256 silly tar     [Symbol(EOF)]: true,
2256 silly tar     [Symbol(emittedEnd)]: true,
2256 silly tar     [Symbol(emittingEnd)]: false,
2256 silly tar     [Symbol(closed)]: false,
2256 silly tar     [Symbol(emittedError)]: null,
2256 silly tar     [Symbol(bufferLength)]: 0,
2256 silly tar     [Symbol(destroyed)]: false,
2256 silly tar     [Symbol(signal)]: undefined,
2256 silly tar     [Symbol(aborted)]: false
2256 silly tar   },
2256 silly tar   cwd: 'C:/Users/Ansi/Desktop/FixNow/node_modules/react-native',
2256 silly tar   tarCode: 'TAR_ENTRY_ERROR'
2256 silly tar }
2257 warn tar TAR_ENTRY_ERROR ENOENT: no such file or directory, open 'C:\Users\Ansi\Desktop\FixNow\node_modules\react-native\ReactCommon\react\renderer\core\PropsMacros.h'
2258 silly tar TAR_ENTRY_ERROR ENOENT: no such file or directory, open 'C:\Users\Ansi\Desktop\FixNow\node_modules\react-native\ReactCommon\react\renderer\core\PropsMacros.h' [Error: ENOENT: no such file or directory, open 'C:\Users\Ansi\Desktop\FixNow\node_modules\react-native\ReactCommon\react\renderer\core\PropsMacros.h'] {
2258 silly tar   errno: -4058,
2258 silly tar   code: 'ENOENT',
2258 silly tar   syscall: 'open',
2258 silly tar   path: 'C:\\Users\\Ansi\\Desktop\\FixNow\\node_modules\\react-native\\ReactCommon\\react\\renderer\\core\\PropsMacros.h',
2258 silly tar   entry: ReadEntry {
2258 silly tar     _events: [Object: null prototype] { end: [Function (anonymous)] },
2258 silly tar     _eventsCount: 1,
2258 silly tar     _maxListeners: undefined,
2258 silly tar     writable: false,
2258 silly tar     readable: true,
2258 silly tar     extended: null,
2258 silly tar     globalExtended: null,
2258 silly tar     header: Header {
2258 silly tar       cksumValid: true,
2258 silly tar       needPax: false,
2258 silly tar       nullBlock: false,
2258 silly tar       block: null,
2258 silly tar       path: 'package/ReactCommon/react/renderer/core/PropsMacros.h',
2258 silly tar       mode: 420,
2258 silly tar       uid: null,
2258 silly tar       gid: null,
2258 silly tar       size: 7100,
2258 silly tar       mtime: 1985-10-26T08:15:00.000Z,
2258 silly tar       cksum: 8177,
2258 silly tar       linkpath: '',
2258 silly tar       uname: '',
2258 silly tar       gname: '',
2258 silly tar       devmaj: 0,
2258 silly tar       devmin: 0,
2258 silly tar       atime: null,
2258 silly tar       ctime: null,
2258 silly tar       [Symbol(type)]: '0'
2258 silly tar     },
2258 silly tar     startBlockSize: 7168,
2258 silly tar     blockRemain: 0,
2258 silly tar     remain: 0,
2258 silly tar     type: 'File',
2258 silly tar     meta: false,
2258 silly tar     ignore: false,
2258 silly tar     path: 'ReactCommon/react/renderer/core/PropsMacros.h',
2258 silly tar     mode: 438,
2258 silly tar     uid: null,
2258 silly tar     gid: null,
2258 silly tar     uname: '',
2258 silly tar     gname: '',
2258 silly tar     size: 7100,
2258 silly tar     mtime: 1985-10-26T08:15:00.000Z,
2258 silly tar     atime: null,
2258 silly tar     ctime: null,
2258 silly tar     linkpath: '',
2258 silly tar     absolute: 'C:/Users/Ansi/Desktop/FixNow/node_modules/react-native/ReactCommon/react/renderer/core/PropsMacros.h',
2258 silly tar     [Symbol(shapeMode)]: false,
2258 silly tar     [Symbol(kCapture)]: false,
2258 silly tar     [Symbol(flowing)]: false,
2258 silly tar     [Symbol(paused)]: true,
2258 silly tar     [Symbol(pipes)]: [ [Pipe] ],
2258 silly tar     [Symbol(buffer)]: [
2258 silly tar       <Buffer 6e 67 20 64 69 61 67 6e 6f 73 74 69 63 20 69 67 6e 6f 72 65 64 20 5c 22 2d 57 73 68 61 64 6f 77 5c 22 22 29 20 5c 0a 20 20 20 20 72 65 74 75 72 6e 20 ... 6288 more bytes>
2258 silly tar     ],
2258 silly tar     [Symbol(objectMode)]: false,
2258 silly tar     [Symbol(encoding)]: null,
2258 silly tar     [Symbol(async)]: false,
2258 silly tar     [Symbol(decoder)]: null,
2258 silly tar     [Symbol(EOF)]: true,
2258 silly tar     [Symbol(emittedEnd)]: false,
2258 silly tar     [Symbol(emittingEnd)]: false,
2258 silly tar     [Symbol(closed)]: false,
2258 silly tar     [Symbol(emittedError)]: null,
2258 silly tar     [Symbol(bufferLength)]: 6338,
2258 silly tar     [Symbol(destroyed)]: false,
2258 silly tar     [Symbol(signal)]: undefined,
2258 silly tar     [Symbol(aborted)]: false
2258 silly tar   },
2258 silly tar   cwd: 'C:/Users/Ansi/Desktop/FixNow/node_modules/react-native',
2258 silly tar   tarCode: 'TAR_ENTRY_ERROR'
2258 silly tar }
2259 warn tar TAR_ENTRY_ERROR ENOENT: no such file or directory, open 'C:\Users\Ansi\Desktop\FixNow\node_modules\react-native\ReactCommon\react\renderer\core\PropsParserContext.h'
2260 silly tar TAR_ENTRY_ERROR ENOENT: no such file or directory, open 'C:\Users\Ansi\Desktop\FixNow\node_modules\react-native\ReactCommon\react\renderer\core\PropsParserContext.h' [Error: ENOENT: no such file or directory, open 'C:\Users\Ansi\Desktop\FixNow\node_modules\react-native\ReactCommon\react\renderer\core\PropsParserContext.h'] {
2260 silly tar   errno: -4058,
2260 silly tar   code: 'ENOENT',
2260 silly tar   syscall: 'open',
2260 silly tar   path: 'C:\\Users\\Ansi\\Desktop\\FixNow\\node_modules\\react-native\\ReactCommon\\react\\renderer\\core\\PropsParserContext.h',
2260 silly tar   entry: ReadEntry {
2260 silly tar     _events: [Object: null prototype] {},
2260 silly tar     _eventsCount: 0,
2260 silly tar     _maxListeners: undefined,
2260 silly tar     writable: false,
2260 silly tar     readable: false,
2260 silly tar     extended: null,
2260 silly tar     globalExtended: null,
2260 silly tar     header: Header {
2260 silly tar       cksumValid: true,
2260 silly tar       needPax: false,
2260 silly tar       nullBlock: false,
2260 silly tar       block: null,
2260 silly tar       path: 'package/ReactCommon/react/renderer/core/PropsParserContext.h',
2260 silly tar       mode: 420,
2260 silly tar       uid: null,
2260 silly tar       gid: null,
2260 silly tar       size: 984,
2260 silly tar       mtime: 1985-10-26T08:15:00.000Z,
2260 silly tar       cksum: 8914,
2260 silly tar       linkpath: '',
2260 silly tar       uname: '',
2260 silly tar       gname: '',
2260 silly tar       devmaj: 0,
2260 silly tar       devmin: 0,
2260 silly tar       atime: null,
2260 silly tar       ctime: null,
2260 silly tar       [Symbol(type)]: '0'
2260 silly tar     },
2260 silly tar     startBlockSize: 1024,
2260 silly tar     blockRemain: 0,
2260 silly tar     remain: 0,
2260 silly tar     type: 'File',
2260 silly tar     meta: false,
2260 silly tar     ignore: false,
2260 silly tar     path: 'ReactCommon/react/renderer/core/PropsParserContext.h',
2260 silly tar     mode: 438,
2260 silly tar     uid: null,
2260 silly tar     gid: null,
2260 silly tar     uname: '',
2260 silly tar     gname: '',
2260 silly tar     size: 984,
2260 silly tar     mtime: 1985-10-26T08:15:00.000Z,
2260 silly tar     atime: null,
2260 silly tar     ctime: null,
2260 silly tar     linkpath: '',
2260 silly tar     absolute: 'C:/Users/Ansi/Desktop/FixNow/node_modules/react-native/ReactCommon/react/renderer/core/PropsParserContext.h',
2260 silly tar     [Symbol(shapeMode)]: false,
2260 silly tar     [Symbol(kCapture)]: false,
2260 silly tar     [Symbol(flowing)]: false,
2260 silly tar     [Symbol(paused)]: true,
2260 silly tar     [Symbol(pipes)]: [ [Pipe] ],
2260 silly tar     [Symbol(buffer)]: [],
2260 silly tar     [Symbol(objectMode)]: false,
2260 silly tar     [Symbol(encoding)]: null,
2260 silly tar     [Symbol(async)]: false,
2260 silly tar     [Symbol(decoder)]: null,
2260 silly tar     [Symbol(EOF)]: true,
2260 silly tar     [Symbol(emittedEnd)]: true,
2260 silly tar     [Symbol(emittingEnd)]: false,
2260 silly tar     [Symbol(closed)]: false,
2260 silly tar     [Symbol(emittedError)]: null,
2260 silly tar     [Symbol(bufferLength)]: 0,
2260 silly tar     [Symbol(destroyed)]: false,
2260 silly tar     [Symbol(signal)]: undefined,
2260 silly tar     [Symbol(aborted)]: false
2260 silly tar   },
2260 silly tar   cwd: 'C:/Users/Ansi/Desktop/FixNow/node_modules/react-native',
2260 silly tar   tarCode: 'TAR_ENTRY_ERROR'
2260 silly tar }
2261 warn tar TAR_ENTRY_ERROR ENOENT: no such file or directory, open 'C:\Users\Ansi\Desktop\FixNow\node_modules\react-native\ReactCommon\react\renderer\graphics\RadialGradient.h'
2262 silly tar TAR_ENTRY_ERROR ENOENT: no such file or directory, open 'C:\Users\Ansi\Desktop\FixNow\node_modules\react-native\ReactCommon\react\renderer\graphics\RadialGradient.h' [Error: ENOENT: no such file or directory, open 'C:\Users\Ansi\Desktop\FixNow\node_modules\react-native\ReactCommon\react\renderer\graphics\RadialGradient.h'] {
2262 silly tar   errno: -4058,
2262 silly tar   code: 'ENOENT',
2262 silly tar   syscall: 'open',
2262 silly tar   path: 'C:\\Users\\Ansi\\Desktop\\FixNow\\node_modules\\react-native\\ReactCommon\\react\\renderer\\graphics\\RadialGradient.h',
2262 silly tar   entry: ReadEntry {
2262 silly tar     _events: [Object: null prototype] {},
2262 silly tar     _eventsCount: 0,
2262 silly tar     _maxListeners: undefined,
2262 silly tar     writable: false,
2262 silly tar     readable: false,
2262 silly tar     extended: null,
2262 silly tar     globalExtended: null,
2262 silly tar     header: Header {
2262 silly tar       cksumValid: true,
2262 silly tar       needPax: false,
2262 silly tar       nullBlock: false,
2262 silly tar       block: null,
2262 silly tar       path: 'package/ReactCommon/react/renderer/graphics/RadialGradient.h',
2262 silly tar       mode: 420,
2262 silly tar       uid: null,
2262 silly tar       gid: null,
2262 silly tar       size: 2434,
2262 silly tar       mtime: 1985-10-26T08:15:00.000Z,
2262 silly tar       cksum: 8848,
2262 silly tar       linkpath: '',
2262 silly tar       uname: '',
2262 silly tar       gname: '',
2262 silly tar       devmaj: 0,
2262 silly tar       devmin: 0,
2262 silly tar       atime: null,
2262 silly tar       ctime: null,
2262 silly tar       [Symbol(type)]: '0'
2262 silly tar     },
2262 silly tar     startBlockSize: 2560,
2262 silly tar     blockRemain: 0,
2262 silly tar     remain: 0,
2262 silly tar     type: 'File',
2262 silly tar     meta: false,
2262 silly tar     ignore: false,
2262 silly tar     path: 'ReactCommon/react/renderer/graphics/RadialGradient.h',
2262 silly tar     mode: 438,
2262 silly tar     uid: null,
2262 silly tar     gid: null,
2262 silly tar     uname: '',
2262 silly tar     gname: '',
2262 silly tar     size: 2434,
2262 silly tar     mtime: 1985-10-26T08:15:00.000Z,
2262 silly tar     atime: null,
2262 silly tar     ctime: null,
2262 silly tar     linkpath: '',
2262 silly tar     absolute: 'C:/Users/Ansi/Desktop/FixNow/node_modules/react-native/ReactCommon/react/renderer/graphics/RadialGradient.h',
2262 silly tar     [Symbol(shapeMode)]: false,
2262 silly tar     [Symbol(kCapture)]: false,
2262 silly tar     [Symbol(flowing)]: false,
2262 silly tar     [Symbol(paused)]: true,
2262 silly tar     [Symbol(pipes)]: [ [Pipe] ],
2262 silly tar     [Symbol(buffer)]: [],
2262 silly tar     [Symbol(objectMode)]: false,
2262 silly tar     [Symbol(encoding)]: null,
2262 silly tar     [Symbol(async)]: false,
2262 silly tar     [Symbol(decoder)]: null,
2262 silly tar     [Symbol(EOF)]: true,
2262 silly tar     [Symbol(emittedEnd)]: true,
2262 silly tar     [Symbol(emittingEnd)]: false,
2262 silly tar     [Symbol(closed)]: false,
2262 silly tar     [Symbol(emittedError)]: null,
2262 silly tar     [Symbol(bufferLength)]: 0,
2262 silly tar     [Symbol(destroyed)]: false,
2262 silly tar     [Symbol(signal)]: undefined,
2262 silly tar     [Symbol(aborted)]: false
2262 silly tar   },
2262 silly tar   cwd: 'C:/Users/Ansi/Desktop/FixNow/node_modules/react-native',
2262 silly tar   tarCode: 'TAR_ENTRY_ERROR'
2262 silly tar }
2263 warn tar TAR_ENTRY_ERROR ENOENT: no such file or directory, open 'C:\Users\Ansi\Desktop\FixNow\node_modules\react-native\ReactCommon\react\renderer\core\RawEvent.h'
2264 silly tar TAR_ENTRY_ERROR ENOENT: no such file or directory, open 'C:\Users\Ansi\Desktop\FixNow\node_modules\react-native\ReactCommon\react\renderer\core\RawEvent.h' [Error: ENOENT: no such file or directory, open 'C:\Users\Ansi\Desktop\FixNow\node_modules\react-native\ReactCommon\react\renderer\core\RawEvent.h'] {
2264 silly tar   errno: -4058,
2264 silly tar   code: 'ENOENT',
2264 silly tar   syscall: 'open',
2264 silly tar   path: 'C:\\Users\\Ansi\\Desktop\\FixNow\\node_modules\\react-native\\ReactCommon\\react\\renderer\\core\\RawEvent.h',
2264 silly tar   entry: ReadEntry {
2264 silly tar     _events: [Object: null prototype] { end: [Function (anonymous)] },
2264 silly tar     _eventsCount: 1,
2264 silly tar     _maxListeners: undefined,
2264 silly tar     writable: false,
2264 silly tar     readable: true,
2264 silly tar     extended: null,
2264 silly tar     globalExtended: null,
2264 silly tar     header: Header {
2264 silly tar       cksumValid: true,
2264 silly tar       needPax: false,
2264 silly tar       nullBlock: false,
2264 silly tar       block: null,
2264 silly tar       path: 'package/ReactCommon/react/renderer/core/RawEvent.h',
2264 silly tar       mode: 420,
2264 silly tar       uid: null,
2264 silly tar       gid: null,
2264 silly tar       size: 2421,
2264 silly tar       mtime: 1985-10-26T08:15:00.000Z,
2264 silly tar       cksum: 7841,
2264 silly tar       linkpath: '',
2264 silly tar       uname: '',
2264 silly tar       gname: '',
2264 silly tar       devmaj: 0,
2264 silly tar       devmin: 0,
2264 silly tar       atime: null,
2264 silly tar       ctime: null,
2264 silly tar       [Symbol(type)]: '0'
2264 silly tar     },
2264 silly tar     startBlockSize: 2560,
2264 silly tar     blockRemain: 0,
2264 silly tar     remain: 0,
2264 silly tar     type: 'File',
2264 silly tar     meta: false,
2264 silly tar     ignore: false,
2264 silly tar     path: 'ReactCommon/react/renderer/core/RawEvent.h',
2264 silly tar     mode: 438,
2264 silly tar     uid: null,
2264 silly tar     gid: null,
2264 silly tar     uname: '',
2264 silly tar     gname: '',
2264 silly tar     size: 2421,
2264 silly tar     mtime: 1985-10-26T08:15:00.000Z,
2264 silly tar     atime: null,
2264 silly tar     ctime: null,
2264 silly tar     linkpath: '',
2264 silly tar     absolute: 'C:/Users/Ansi/Desktop/FixNow/node_modules/react-native/ReactCommon/react/renderer/core/RawEvent.h',
2264 silly tar     [Symbol(shapeMode)]: false,
2264 silly tar     [Symbol(kCapture)]: false,
2264 silly tar     [Symbol(flowing)]: false,
2264 silly tar     [Symbol(paused)]: true,
2264 silly tar     [Symbol(pipes)]: [ [Pipe] ],
2264 silly tar     [Symbol(buffer)]: [
2264 silly tar       <Buffer 6e 61 74 69 76 65 0a 20 20 2f 2f 20 73 69 64 65 2e 0a 20 20 73 74 64 3a 3a 6f 70 74 69 6f 6e 61 6c 3c 48 69 67 68 52 65 73 54 69 6d 65 53 74 61 6d 70 ... 73 more bytes>
2264 silly tar     ],
2264 silly tar     [Symbol(objectMode)]: false,
2264 silly tar     [Symbol(encoding)]: null,
2264 silly tar     [Symbol(async)]: false,
2264 silly tar     [Symbol(decoder)]: null,
2264 silly tar     [Symbol(EOF)]: true,
2264 silly tar     [Symbol(emittedEnd)]: false,
2264 silly tar     [Symbol(emittingEnd)]: false,
2264 silly tar     [Symbol(closed)]: false,
2264 silly tar     [Symbol(emittedError)]: null,
2264 silly tar     [Symbol(bufferLength)]: 123,
2264 silly tar     [Symbol(destroyed)]: false,
2264 silly tar     [Symbol(signal)]: undefined,
2264 silly tar     [Symbol(aborted)]: false
2264 silly tar   },
2264 silly tar   cwd: 'C:/Users/Ansi/Desktop/FixNow/node_modules/react-native',
2264 silly tar   tarCode: 'TAR_ENTRY_ERROR'
2264 silly tar }
2265 warn tar TAR_ENTRY_ERROR ENOENT: no such file or directory, open 'C:\Users\Ansi\Desktop\FixNow\node_modules\react-native\ReactCommon\react\renderer\core\RawProps.h'
2266 silly tar TAR_ENTRY_ERROR ENOENT: no such file or directory, open 'C:\Users\Ansi\Desktop\FixNow\node_modules\react-native\ReactCommon\react\renderer\core\RawProps.h' [Error: ENOENT: no such file or directory, open 'C:\Users\Ansi\Desktop\FixNow\node_modules\react-native\ReactCommon\react\renderer\core\RawProps.h'] {
2266 silly tar   errno: -4058,
2266 silly tar   code: 'ENOENT',
2266 silly tar   syscall: 'open',
2266 silly tar   path: 'C:\\Users\\Ansi\\Desktop\\FixNow\\node_modules\\react-native\\ReactCommon\\react\\renderer\\core\\RawProps.h',
2266 silly tar   entry: ReadEntry {
2266 silly tar     _events: [Object: null prototype] {},
2266 silly tar     _eventsCount: 0,
2266 silly tar     _maxListeners: undefined,
2266 silly tar     writable: false,
2266 silly tar     readable: false,
2266 silly tar     extended: null,
2266 silly tar     globalExtended: null,
2266 silly tar     header: Header {
2266 silly tar       cksumValid: true,
2266 silly tar       needPax: false,
2266 silly tar       nullBlock: false,
2266 silly tar       block: null,
2266 silly tar       path: 'package/ReactCommon/react/renderer/core/RawProps.h',
2266 silly tar       mode: 420,
2266 silly tar       uid: null,
2266 silly tar       gid: null,
2266 silly tar       size: 4056,
2266 silly tar       mtime: 1985-10-26T08:15:00.000Z,
2266 silly tar       cksum: 7856,
2266 silly tar       linkpath: '',
2266 silly tar       uname: '',
2266 silly tar       gname: '',
2266 silly tar       devmaj: 0,
2266 silly tar       devmin: 0,
2266 silly tar       atime: null,
2266 silly tar       ctime: null,
2266 silly tar       [Symbol(type)]: '0'
2266 silly tar     },
2266 silly tar     startBlockSize: 4096,
2266 silly tar     blockRemain: 0,
2266 silly tar     remain: 0,
2266 silly tar     type: 'File',
2266 silly tar     meta: false,
2266 silly tar     ignore: false,
2266 silly tar     path: 'ReactCommon/react/renderer/core/RawProps.h',
2266 silly tar     mode: 438,
2266 silly tar     uid: null,
2266 silly tar     gid: null,
2266 silly tar     uname: '',
2266 silly tar     gname: '',
2266 silly tar     size: 4056,
2266 silly tar     mtime: 1985-10-26T08:15:00.000Z,
2266 silly tar     atime: null,
2266 silly tar     ctime: null,
2266 silly tar     linkpath: '',
2266 silly tar     absolute: 'C:/Users/Ansi/Desktop/FixNow/node_modules/react-native/ReactCommon/react/renderer/core/RawProps.h',
2266 silly tar     [Symbol(shapeMode)]: false,
2266 silly tar     [Symbol(kCapture)]: false,
2266 silly tar     [Symbol(flowing)]: false,
2266 silly tar     [Symbol(paused)]: true,
2266 silly tar     [Symbol(pipes)]: [ [Pipe] ],
2266 silly tar     [Symbol(buffer)]: [],
2266 silly tar     [Symbol(objectMode)]: false,
2266 silly tar     [Symbol(encoding)]: null,
2266 silly tar     [Symbol(async)]: false,
2266 silly tar     [Symbol(decoder)]: null,
2266 silly tar     [Symbol(EOF)]: true,
2266 silly tar     [Symbol(emittedEnd)]: true,
2266 silly tar     [Symbol(emittingEnd)]: false,
2266 silly tar     [Symbol(closed)]: false,
2266 silly tar     [Symbol(emittedError)]: null,
2266 silly tar     [Symbol(bufferLength)]: 0,
2266 silly tar     [Symbol(destroyed)]: false,
2266 silly tar     [Symbol(signal)]: undefined,
2266 silly tar     [Symbol(aborted)]: false
2266 silly tar   },
2266 silly tar   cwd: 'C:/Users/Ansi/Desktop/FixNow/node_modules/react-native',
2266 silly tar   tarCode: 'TAR_ENTRY_ERROR'
2266 silly tar }
2267 warn tar TAR_ENTRY_ERROR ENOENT: no such file or directory, open 'C:\Users\Ansi\Desktop\FixNow\node_modules\react-native\ReactCommon\react\renderer\core\RawPropsKey.h'
2268 silly tar TAR_ENTRY_ERROR ENOENT: no such file or directory, open 'C:\Users\Ansi\Desktop\FixNow\node_modules\react-native\ReactCommon\react\renderer\core\RawPropsKey.h' [Error: ENOENT: no such file or directory, open 'C:\Users\Ansi\Desktop\FixNow\node_modules\react-native\ReactCommon\react\renderer\core\RawPropsKey.h'] {
2268 silly tar   errno: -4058,
2268 silly tar   code: 'ENOENT',
2268 silly tar   syscall: 'open',
2268 silly tar   path: 'C:\\Users\\Ansi\\Desktop\\FixNow\\node_modules\\react-native\\ReactCommon\\react\\renderer\\core\\RawPropsKey.h',
2268 silly tar   entry: ReadEntry {
2268 silly tar     _events: [Object: null prototype] {},
2268 silly tar     _eventsCount: 0,
2268 silly tar     _maxListeners: undefined,
2268 silly tar     writable: false,
2268 silly tar     readable: false,
2268 silly tar     extended: null,
2268 silly tar     globalExtended: null,
2268 silly tar     header: Header {
2268 silly tar       cksumValid: true,
2268 silly tar       needPax: false,
2268 silly tar       nullBlock: false,
2268 silly tar       block: null,
2268 silly tar       path: 'package/ReactCommon/react/renderer/core/RawPropsKey.h',
2268 silly tar       mode: 420,
2268 silly tar       uid: null,
2268 silly tar       gid: null,
2268 silly tar       size: 948,
2268 silly tar       mtime: 1985-10-26T08:15:00.000Z,
2268 silly tar       cksum: 8153,
2268 silly tar       linkpath: '',
2268 silly tar       uname: '',
2268 silly tar       gname: '',
2268 silly tar       devmaj: 0,
2268 silly tar       devmin: 0,
2268 silly tar       atime: null,
2268 silly tar       ctime: null,
2268 silly tar       [Symbol(type)]: '0'
2268 silly tar     },
2268 silly tar     startBlockSize: 1024,
2268 silly tar     blockRemain: 0,
2268 silly tar     remain: 0,
2268 silly tar     type: 'File',
2268 silly tar     meta: false,
2268 silly tar     ignore: false,
2268 silly tar     path: 'ReactCommon/react/renderer/core/RawPropsKey.h',
2268 silly tar     mode: 438,
2268 silly tar     uid: null,
2268 silly tar     gid: null,
2268 silly tar     uname: '',
2268 silly tar     gname: '',
2268 silly tar     size: 948,
2268 silly tar     mtime: 1985-10-26T08:15:00.000Z,
2268 silly tar     atime: null,
2268 silly tar     ctime: null,
2268 silly tar     linkpath: '',
2268 silly tar     absolute: 'C:/Users/Ansi/Desktop/FixNow/node_modules/react-native/ReactCommon/react/renderer/core/RawPropsKey.h',
2268 silly tar     [Symbol(shapeMode)]: false,
2268 silly tar     [Symbol(kCapture)]: false,
2268 silly tar     [Symbol(flowing)]: false,
2268 silly tar     [Symbol(paused)]: true,
2268 silly tar     [Symbol(pipes)]: [ [Pipe] ],
2268 silly tar     [Symbol(buffer)]: [],
2268 silly tar     [Symbol(objectMode)]: false,
2268 silly tar     [Symbol(encoding)]: null,
2268 silly tar     [Symbol(async)]: false,
2268 silly tar     [Symbol(decoder)]: null,
2268 silly tar     [Symbol(EOF)]: true,
2268 silly tar     [Symbol(emittedEnd)]: true,
2268 silly tar     [Symbol(emittingEnd)]: false,
2268 silly tar     [Symbol(closed)]: false,
2268 silly tar     [Symbol(emittedError)]: null,
2268 silly tar     [Symbol(bufferLength)]: 0,
2268 silly tar     [Symbol(destroyed)]: false,
2268 silly tar     [Symbol(signal)]: undefined,
2268 silly tar     [Symbol(aborted)]: false
2268 silly tar   },
2268 silly tar   cwd: 'C:/Users/Ansi/Desktop/FixNow/node_modules/react-native',
2268 silly tar   tarCode: 'TAR_ENTRY_ERROR'
2268 silly tar }
2269 warn tar TAR_ENTRY_ERROR ENOENT: no such file or directory, open 'C:\Users\Ansi\Desktop\FixNow\node_modules\react-native\ReactCommon\react\renderer\core\RawPropsKeyMap.h'
2270 silly tar TAR_ENTRY_ERROR ENOENT: no such file or directory, open 'C:\Users\Ansi\Desktop\FixNow\node_modules\react-native\ReactCommon\react\renderer\core\RawPropsKeyMap.h' [Error: ENOENT: no such file or directory, open 'C:\Users\Ansi\Desktop\FixNow\node_modules\react-native\ReactCommon\react\renderer\core\RawPropsKeyMap.h'] {
2270 silly tar   errno: -4058,
2270 silly tar   code: 'ENOENT',
2270 silly tar   syscall: 'open',
2270 silly tar   path: 'C:\\Users\\Ansi\\Desktop\\FixNow\\node_modules\\react-native\\ReactCommon\\react\\renderer\\core\\RawPropsKeyMap.h',
2270 silly tar   entry: ReadEntry {
2270 silly tar     _events: [Object: null prototype] {},
2270 silly tar     _eventsCount: 0,
2270 silly tar     _maxListeners: undefined,
2270 silly tar     writable: false,
2270 silly tar     readable: false,
2270 silly tar     extended: null,
2270 silly tar     globalExtended: null,
2270 silly tar     header: Header {
2270 silly tar       cksumValid: true,
2270 silly tar       needPax: false,
2270 silly tar       nullBlock: false,
2270 silly tar       block: null,
2270 silly tar       path: 'package/ReactCommon/react/renderer/core/RawPropsKeyMap.h',
2270 silly tar       mode: 420,
2270 silly tar       uid: null,
2270 silly tar       gid: null,
2270 silly tar       size: 1614,
2270 silly tar       mtime: 1985-10-26T08:15:00.000Z,
2270 silly tar       cksum: 8433,
2270 silly tar       linkpath: '',
2270 silly tar       uname: '',
2270 silly tar       gname: '',
2270 silly tar       devmaj: 0,
2270 silly tar       devmin: 0,
2270 silly tar       atime: null,
2270 silly tar       ctime: null,
2270 silly tar       [Symbol(type)]: '0'
2270 silly tar     },
2270 silly tar     startBlockSize: 2048,
2270 silly tar     blockRemain: 0,
2270 silly tar     remain: 0,
2270 silly tar     type: 'File',
2270 silly tar     meta: false,
2270 silly tar     ignore: false,
2270 silly tar     path: 'ReactCommon/react/renderer/core/RawPropsKeyMap.h',
2270 silly tar     mode: 438,
2270 silly tar     uid: null,
2270 silly tar     gid: null,
2270 silly tar     uname: '',
2270 silly tar     gname: '',
2270 silly tar     size: 1614,
2270 silly tar     mtime: 1985-10-26T08:15:00.000Z,
2270 silly tar     atime: null,
2270 silly tar     ctime: null,
2270 silly tar     linkpath: '',
2270 silly tar     absolute: 'C:/Users/Ansi/Desktop/FixNow/node_modules/react-native/ReactCommon/react/renderer/core/RawPropsKeyMap.h',
2270 silly tar     [Symbol(shapeMode)]: false,
2270 silly tar     [Symbol(kCapture)]: false,
2270 silly tar     [Symbol(flowing)]: false,
2270 silly tar     [Symbol(paused)]: true,
2270 silly tar     [Symbol(pipes)]: [ [Pipe] ],
2270 silly tar     [Symbol(buffer)]: [],
2270 silly tar     [Symbol(objectMode)]: false,
2270 silly tar     [Symbol(encoding)]: null,
2270 silly tar     [Symbol(async)]: false,
2270 silly tar     [Symbol(decoder)]: null,
2270 silly tar     [Symbol(EOF)]: true,
2270 silly tar     [Symbol(emittedEnd)]: true,
2270 silly tar     [Symbol(emittingEnd)]: false,
2270 silly tar     [Symbol(closed)]: false,
2270 silly tar     [Symbol(emittedError)]: null,
2270 silly tar     [Symbol(bufferLength)]: 0,
2270 silly tar     [Symbol(destroyed)]: false,
2270 silly tar     [Symbol(signal)]: undefined,
2270 silly tar     [Symbol(aborted)]: false
2270 silly tar   },
2270 silly tar   cwd: 'C:/Users/Ansi/Desktop/FixNow/node_modules/react-native',
2270 silly tar   tarCode: 'TAR_ENTRY_ERROR'
2270 silly tar }
2271 warn tar TAR_ENTRY_ERROR ENOENT: no such file or directory, open 'C:\Users\Ansi\Desktop\FixNow\node_modules\react-native\ReactCommon\react\renderer\core\RawPropsParser.h'
2272 silly tar TAR_ENTRY_ERROR ENOENT: no such file or directory, open 'C:\Users\Ansi\Desktop\FixNow\node_modules\react-native\ReactCommon\react\renderer\core\RawPropsParser.h' [Error: ENOENT: no such file or directory, open 'C:\Users\Ansi\Desktop\FixNow\node_modules\react-native\ReactCommon\react\renderer\core\RawPropsParser.h'] {
2272 silly tar   errno: -4058,
2272 silly tar   code: 'ENOENT',
2272 silly tar   syscall: 'open',
2272 silly tar   path: 'C:\\Users\\Ansi\\Desktop\\FixNow\\node_modules\\react-native\\ReactCommon\\react\\renderer\\core\\RawPropsParser.h',
2272 silly tar   entry: ReadEntry {
2272 silly tar     _events: [Object: null prototype] {},
2272 silly tar     _eventsCount: 0,
2272 silly tar     _maxListeners: undefined,
2272 silly tar     writable: false,
2272 silly tar     readable: false,
2272 silly tar     extended: null,
2272 silly tar     globalExtended: null,
2272 silly tar     header: Header {
2272 silly tar       cksumValid: true,
2272 silly tar       needPax: false,
2272 silly tar       nullBlock: false,
2272 silly tar       block: null,
2272 silly tar       path: 'package/ReactCommon/react/renderer/core/RawPropsParser.h',
2272 silly tar       mode: 420,
2272 silly tar       uid: null,
2272 silly tar       gid: null,
2272 silly tar       size: 2501,
2272 silly tar       mtime: 1985-10-26T08:15:00.000Z,
2272 silly tar       cksum: 8476,
2272 silly tar       linkpath: '',
2272 silly tar       uname: '',
2272 silly tar       gname: '',
2272 silly tar       devmaj: 0,
2272 silly tar       devmin: 0,
2272 silly tar       atime: null,
2272 silly tar       ctime: null,
2272 silly tar       [Symbol(type)]: '0'
2272 silly tar     },
2272 silly tar     startBlockSize: 2560,
2272 silly tar     blockRemain: 0,
2272 silly tar     remain: 0,
2272 silly tar     type: 'File',
2272 silly tar     meta: false,
2272 silly tar     ignore: false,
2272 silly tar     path: 'ReactCommon/react/renderer/core/RawPropsParser.h',
2272 silly tar     mode: 438,
2272 silly tar     uid: null,
2272 silly tar     gid: null,
2272 silly tar     uname: '',
2272 silly tar     gname: '',
2272 silly tar     size: 2501,
2272 silly tar     mtime: 1985-10-26T08:15:00.000Z,
2272 silly tar     atime: null,
2272 silly tar     ctime: null,
2272 silly tar     linkpath: '',
2272 silly tar     absolute: 'C:/Users/Ansi/Desktop/FixNow/node_modules/react-native/ReactCommon/react/renderer/core/RawPropsParser.h',
2272 silly tar     [Symbol(shapeMode)]: false,
2272 silly tar     [Symbol(kCapture)]: false,
2272 silly tar     [Symbol(flowing)]: false,
2272 silly tar     [Symbol(paused)]: true,
2272 silly tar     [Symbol(pipes)]: [ [Pipe] ],
2272 silly tar     [Symbol(buffer)]: [],
2272 silly tar     [Symbol(objectMode)]: false,
2272 silly tar     [Symbol(encoding)]: null,
2272 silly tar     [Symbol(async)]: false,
2272 silly tar     [Symbol(decoder)]: null,
2272 silly tar     [Symbol(EOF)]: true,
2272 silly tar     [Symbol(emittedEnd)]: true,
2272 silly tar     [Symbol(emittingEnd)]: false,
2272 silly tar     [Symbol(closed)]: false,
2272 silly tar     [Symbol(emittedError)]: null,
2272 silly tar     [Symbol(bufferLength)]: 0,
2272 silly tar     [Symbol(destroyed)]: false,
2272 silly tar     [Symbol(signal)]: undefined,
2272 silly tar     [Symbol(aborted)]: false
2272 silly tar   },
2272 silly tar   cwd: 'C:/Users/Ansi/Desktop/FixNow/node_modules/react-native',
2272 silly tar   tarCode: 'TAR_ENTRY_ERROR'
2272 silly tar }
2273 warn tar TAR_ENTRY_ERROR ENOENT: no such file or directory, open 'C:\Users\Ansi\Desktop\FixNow\node_modules\react-native\ReactCommon\react\renderer\core\RawPropsPrimitives.h'
2274 silly tar TAR_ENTRY_ERROR ENOENT: no such file or directory, open 'C:\Users\Ansi\Desktop\FixNow\node_modules\react-native\ReactCommon\react\renderer\core\RawPropsPrimitives.h' [Error: ENOENT: no such file or directory, open 'C:\Users\Ansi\Desktop\FixNow\node_modules\react-native\ReactCommon\react\renderer\core\RawPropsPrimitives.h'] {
2274 silly tar   errno: -4058,
2274 silly tar   code: 'ENOENT',
2274 silly tar   syscall: 'open',
2274 silly tar   path: 'C:\\Users\\Ansi\\Desktop\\FixNow\\node_modules\\react-native\\ReactCommon\\react\\renderer\\core\\RawPropsPrimitives.h',
2274 silly tar   entry: ReadEntry {
2274 silly tar     _events: [Object: null prototype] {},
2274 silly tar     _eventsCount: 0,
2274 silly tar     _maxListeners: undefined,
2274 silly tar     writable: false,
2274 silly tar     readable: false,
2274 silly tar     extended: null,
2274 silly tar     globalExtended: null,
2274 silly tar     header: Header {
2274 silly tar       cksumValid: true,
2274 silly tar       needPax: false,
2274 silly tar       nullBlock: false,
2274 silly tar       block: null,
2274 silly tar       path: 'package/ReactCommon/react/renderer/core/RawPropsPrimitives.h',
2274 silly tar       mode: 420,
2274 silly tar       uid: null,
2274 silly tar       gid: null,
2274 silly tar       size: 1060,
2274 silly tar       mtime: 1985-10-26T08:15:00.000Z,
2274 silly tar       cksum: 8917,
2274 silly tar       linkpath: '',
2274 silly tar       uname: '',
2274 silly tar       gname: '',
2274 silly tar       devmaj: 0,
2274 silly tar       devmin: 0,
2274 silly tar       atime: null,
2274 silly tar       ctime: null,
2274 silly tar       [Symbol(type)]: '0'
2274 silly tar     },
2274 silly tar     startBlockSize: 1536,
2274 silly tar     blockRemain: 0,
2274 silly tar     remain: 0,
2274 silly tar     type: 'File',
2274 silly tar     meta: false,
2274 silly tar     ignore: false,
2274 silly tar     path: 'ReactCommon/react/renderer/core/RawPropsPrimitives.h',
2274 silly tar     mode: 438,
2274 silly tar     uid: null,
2274 silly tar     gid: null,
2274 silly tar     uname: '',
2274 silly tar     gname: '',
2274 silly tar     size: 1060,
2274 silly tar     mtime: 1985-10-26T08:15:00.000Z,
2274 silly tar     atime: null,
2274 silly tar     ctime: null,
2274 silly tar     linkpath: '',
2274 silly tar     absolute: 'C:/Users/Ansi/Desktop/FixNow/node_modules/react-native/ReactCommon/react/renderer/core/RawPropsPrimitives.h',
2274 silly tar     [Symbol(shapeMode)]: false,
2274 silly tar     [Symbol(kCapture)]: false,
2274 silly tar     [Symbol(flowing)]: false,
2274 silly tar     [Symbol(paused)]: true,
2274 silly tar     [Symbol(pipes)]: [ [Pipe] ],
2274 silly tar     [Symbol(buffer)]: [],
2274 silly tar     [Symbol(objectMode)]: false,
2274 silly tar     [Symbol(encoding)]: null,
2274 silly tar     [Symbol(async)]: false,
2274 silly tar     [Symbol(decoder)]: null,
2274 silly tar     [Symbol(EOF)]: true,
2274 silly tar     [Symbol(emittedEnd)]: true,
2274 silly tar     [Symbol(emittingEnd)]: false,
2274 silly tar     [Symbol(closed)]: false,
2274 silly tar     [Symbol(emittedError)]: null,
2274 silly tar     [Symbol(bufferLength)]: 0,
2274 silly tar     [Symbol(destroyed)]: false,
2274 silly tar     [Symbol(signal)]: undefined,
2274 silly tar     [Symbol(aborted)]: false
2274 silly tar   },
2274 silly tar   cwd: 'C:/Users/Ansi/Desktop/FixNow/node_modules/react-native',
2274 silly tar   tarCode: 'TAR_ENTRY_ERROR'
2274 silly tar }
2275 warn tar TAR_ENTRY_ERROR ENOENT: no such file or directory, open 'C:\Users\Ansi\Desktop\FixNow\node_modules\react-native\ReactCommon\react\renderer\components\text\RawTextComponentDescriptor.h'
2276 silly tar TAR_ENTRY_ERROR ENOENT: no such file or directory, open 'C:\Users\Ansi\Desktop\FixNow\node_modules\react-native\ReactCommon\react\renderer\components\text\RawTextComponentDescriptor.h' [Error: ENOENT: no such file or directory, open 'C:\Users\Ansi\Desktop\FixNow\node_modules\react-native\ReactCommon\react\renderer\components\text\RawTextComponentDescriptor.h'] {
2276 silly tar   errno: -4058,
2276 silly tar   code: 'ENOENT',
2276 silly tar   syscall: 'open',
2276 silly tar   path: 'C:\\Users\\Ansi\\Desktop\\FixNow\\node_modules\\react-native\\ReactCommon\\react\\renderer\\components\\text\\RawTextComponentDescriptor.h',
2276 silly tar   entry: ReadEntry {
2276 silly tar     _events: [Object: null prototype] {},
2276 silly tar     _eventsCount: 0,
2276 silly tar     _maxListeners: undefined,
2276 silly tar     writable: false,
2276 silly tar     readable: false,
2276 silly tar     extended: null,
2276 silly tar     globalExtended: null,
2276 silly tar     header: Header {
2276 silly tar       cksumValid: true,
2276 silly tar       needPax: false,
2276 silly tar       nullBlock: false,
2276 silly tar       block: null,
2276 silly tar       path: 'package/ReactCommon/react/renderer/components/text/RawTextComponentDescriptor.h',
2276 silly tar       mode: 420,
2276 silly tar       uid: null,
2276 silly tar       gid: null,
2276 silly tar       size: 477,
2276 silly tar       mtime: 1985-10-26T08:15:00.000Z,
2276 silly tar       cksum: 10914,
2276 silly tar       linkpath: '',
2276 silly tar       uname: '',
2276 silly tar       gname: '',
2276 silly tar       devmaj: 0,
2276 silly tar       devmin: 0,
2276 silly tar       atime: null,
2276 silly tar       ctime: null,
2276 silly tar       [Symbol(type)]: '0'
2276 silly tar     },
2276 silly tar     startBlockSize: 512,
2276 silly tar     blockRemain: 0,
2276 silly tar     remain: 0,
2276 silly tar     type: 'File',
2276 silly tar     meta: false,
2276 silly tar     ignore: false,
2276 silly tar     path: 'ReactCommon/react/renderer/components/text/RawTextComponentDescriptor.h',
2276 silly tar     mode: 438,
2276 silly tar     uid: null,
2276 silly tar     gid: null,
2276 silly tar     uname: '',
2276 silly tar     gname: '',
2276 silly tar     size: 477,
2276 silly tar     mtime: 1985-10-26T08:15:00.000Z,
2276 silly tar     atime: null,
2276 silly tar     ctime: null,
2276 silly tar     linkpath: '',
2276 silly tar     absolute: 'C:/Users/Ansi/Desktop/FixNow/node_modules/react-native/ReactCommon/react/renderer/components/text/RawTextComponentDescriptor.h',
2276 silly tar     [Symbol(shapeMode)]: false,
2276 silly tar     [Symbol(kCapture)]: false,
2276 silly tar     [Symbol(flowing)]: false,
2276 silly tar     [Symbol(paused)]: true,
2276 silly tar     [Symbol(pipes)]: [ [Pipe] ],
2276 silly tar     [Symbol(buffer)]: [],
2276 silly tar     [Symbol(objectMode)]: false,
2276 silly tar     [Symbol(encoding)]: null,
2276 silly tar     [Symbol(async)]: false,
2276 silly tar     [Symbol(decoder)]: null,
2276 silly tar     [Symbol(EOF)]: true,
2276 silly tar     [Symbol(emittedEnd)]: true,
2276 silly tar     [Symbol(emittingEnd)]: false,
2276 silly tar     [Symbol(closed)]: false,
2276 silly tar     [Symbol(emittedError)]: null,
2276 silly tar     [Symbol(bufferLength)]: 0,
2276 silly tar     [Symbol(destroyed)]: false,
2276 silly tar     [Symbol(signal)]: undefined,
2276 silly tar     [Symbol(aborted)]: false
2276 silly tar   },
2276 silly tar   cwd: 'C:/Users/Ansi/Desktop/FixNow/node_modules/react-native',
2276 silly tar   tarCode: 'TAR_ENTRY_ERROR'
2276 silly tar }
2277 warn tar TAR_ENTRY_ERROR ENOENT: no such file or directory, open 'C:\Users\Ansi\Desktop\FixNow\node_modules\react-native\ReactCommon\react\renderer\components\text\RawTextProps.h'
2278 silly tar TAR_ENTRY_ERROR ENOENT: no such file or directory, open 'C:\Users\Ansi\Desktop\FixNow\node_modules\react-native\ReactCommon\react\renderer\components\text\RawTextProps.h' [Error: ENOENT: no such file or directory, open 'C:\Users\Ansi\Desktop\FixNow\node_modules\react-native\ReactCommon\react\renderer\components\text\RawTextProps.h'] {
2278 silly tar   errno: -4058,
2278 silly tar   code: 'ENOENT',
2278 silly tar   syscall: 'open',
2278 silly tar   path: 'C:\\Users\\Ansi\\Desktop\\FixNow\\node_modules\\react-native\\ReactCommon\\react\\renderer\\components\\text\\RawTextProps.h',
2278 silly tar   entry: ReadEntry {
2278 silly tar     _events: [Object: null prototype] { end: [Function (anonymous)] },
2278 silly tar     _eventsCount: 1,
2278 silly tar     _maxListeners: undefined,
2278 silly tar     writable: false,
2278 silly tar     readable: true,
2278 silly tar     extended: null,
2278 silly tar     globalExtended: null,
2278 silly tar     header: Header {
2278 silly tar       cksumValid: true,
2278 silly tar       needPax: false,
2278 silly tar       nullBlock: false,
2278 silly tar       block: null,
2278 silly tar       path: 'package/ReactCommon/react/renderer/components/text/RawTextProps.h',
2278 silly tar       mode: 420,
2278 silly tar       uid: null,
2278 silly tar       gid: null,
2278 silly tar       size: 1090,
2278 silly tar       mtime: 1985-10-26T08:15:00.000Z,
2278 silly tar       cksum: 9434,
2278 silly tar       linkpath: '',
2278 silly tar       uname: '',
2278 silly tar       gname: '',
2278 silly tar       devmaj: 0,
2278 silly tar       devmin: 0,
2278 silly tar       atime: null,
2278 silly tar       ctime: null,
2278 silly tar       [Symbol(type)]: '0'
2278 silly tar     },
2278 silly tar     startBlockSize: 1536,
2278 silly tar     blockRemain: 0,
2278 silly tar     remain: 0,
2278 silly tar     type: 'File',
2278 silly tar     meta: false,
2278 silly tar     ignore: false,
2278 silly tar     path: 'ReactCommon/react/renderer/components/text/RawTextProps.h',
2278 silly tar     mode: 438,
2278 silly tar     uid: null,
2278 silly tar     gid: null,
2278 silly tar     uname: '',
2278 silly tar     gname: '',
2278 silly tar     size: 1090,
2278 silly tar     mtime: 1985-10-26T08:15:00.000Z,
2278 silly tar     atime: null,
2278 silly tar     ctime: null,
2278 silly tar     linkpath: '',
2278 silly tar     absolute: 'C:/Users/Ansi/Desktop/FixNow/node_modules/react-native/ReactCommon/react/renderer/components/text/RawTextProps.h',
2278 silly tar     [Symbol(shapeMode)]: false,
2278 silly tar     [Symbol(kCapture)]: false,
2278 silly tar     [Symbol(flowing)]: false,
2278 silly tar     [Symbol(paused)]: true,
2278 silly tar     [Symbol(pipes)]: [ [Pipe] ],
2278 silly tar     [Symbol(buffer)]: [
2278 silly tar       <Buffer 43 6f 6e 76 65 72 74 69 62 6c 65 0a 0a 23 69 66 20 52 4e 5f 44 45 42 55 47 5f 53 54 52 49 4e 47 5f 43 4f 4e 56 45 52 54 49 42 4c 45 0a 20 20 53 68 61 ... 278 more bytes>
2278 silly tar     ],
2278 silly tar     [Symbol(objectMode)]: false,
2278 silly tar     [Symbol(encoding)]: null,
2278 silly tar     [Symbol(async)]: false,
2278 silly tar     [Symbol(decoder)]: null,
2278 silly tar     [Symbol(EOF)]: true,
2278 silly tar     [Symbol(emittedEnd)]: false,
2278 silly tar     [Symbol(emittingEnd)]: false,
2278 silly tar     [Symbol(closed)]: false,
2278 silly tar     [Symbol(emittedError)]: null,
2278 silly tar     [Symbol(bufferLength)]: 328,
2278 silly tar     [Symbol(destroyed)]: false,
2278 silly tar     [Symbol(signal)]: undefined,
2278 silly tar     [Symbol(aborted)]: false
2278 silly tar   },
2278 silly tar   cwd: 'C:/Users/Ansi/Desktop/FixNow/node_modules/react-native',
2278 silly tar   tarCode: 'TAR_ENTRY_ERROR'
2278 silly tar }
2279 warn tar TAR_ENTRY_ERROR ENOENT: no such file or directory, open 'C:\Users\Ansi\Desktop\FixNow\node_modules\react-native\ReactCommon\react\renderer\components\text\RawTextShadowNode.h'
2280 silly tar TAR_ENTRY_ERROR ENOENT: no such file or directory, open 'C:\Users\Ansi\Desktop\FixNow\node_modules\react-native\ReactCommon\react\renderer\components\text\RawTextShadowNode.h' [Error: ENOENT: no such file or directory, open 'C:\Users\Ansi\Desktop\FixNow\node_modules\react-native\ReactCommon\react\renderer\components\text\RawTextShadowNode.h'] {
2280 silly tar   errno: -4058,
2280 silly tar   code: 'ENOENT',
2280 silly tar   syscall: 'open',
2280 silly tar   path: 'C:\\Users\\Ansi\\Desktop\\FixNow\\node_modules\\react-native\\ReactCommon\\react\\renderer\\components\\text\\RawTextShadowNode.h',
2280 silly tar   entry: ReadEntry {
2280 silly tar     _events: [Object: null prototype] {},
2280 silly tar     _eventsCount: 0,
2280 silly tar     _maxListeners: undefined,
2280 silly tar     writable: false,
2280 silly tar     readable: false,
2280 silly tar     extended: null,
2280 silly tar     globalExtended: null,
2280 silly tar     header: Header {
2280 silly tar       cksumValid: true,
2280 silly tar       needPax: false,
2280 silly tar       nullBlock: false,
2280 silly tar       block: null,
2280 silly tar       path: 'package/ReactCommon/react/renderer/components/text/RawTextShadowNode.h',
2280 silly tar       mode: 420,
2280 silly tar       uid: null,
2280 silly tar       gid: null,
2280 silly tar       size: 931,
2280 silly tar       mtime: 1985-10-26T08:15:00.000Z,
2280 silly tar       cksum: 9915,
2280 silly tar       linkpath: '',
2280 silly tar       uname: '',
2280 silly tar       gname: '',
2280 silly tar       devmaj: 0,
2280 silly tar       devmin: 0,
2280 silly tar       atime: null,
2280 silly tar       ctime: null,
2280 silly tar       [Symbol(type)]: '0'
2280 silly tar     },
2280 silly tar     startBlockSize: 1024,
2280 silly tar     blockRemain: 0,
2280 silly tar     remain: 0,
2280 silly tar     type: 'File',
2280 silly tar     meta: false,
2280 silly tar     ignore: false,
2280 silly tar     path: 'ReactCommon/react/renderer/components/text/RawTextShadowNode.h',
2280 silly tar     mode: 438,
2280 silly tar     uid: null,
2280 silly tar     gid: null,
2280 silly tar     uname: '',
2280 silly tar     gname: '',
2280 silly tar     size: 931,
2280 silly tar     mtime: 1985-10-26T08:15:00.000Z,
2280 silly tar     atime: null,
2280 silly tar     ctime: null,
2280 silly tar     linkpath: '',
2280 silly tar     absolute: 'C:/Users/Ansi/Desktop/FixNow/node_modules/react-native/ReactCommon/react/renderer/components/text/RawTextShadowNode.h',
2280 silly tar     [Symbol(shapeMode)]: false,
2280 silly tar     [Symbol(kCapture)]: false,
2280 silly tar     [Symbol(flowing)]: false,
2280 silly tar     [Symbol(paused)]: true,
2280 silly tar     [Symbol(pipes)]: [ [Pipe] ],
2280 silly tar     [Symbol(buffer)]: [],
2280 silly tar     [Symbol(objectMode)]: false,
2280 silly tar     [Symbol(encoding)]: null,
2280 silly tar     [Symbol(async)]: false,
2280 silly tar     [Symbol(decoder)]: null,
2280 silly tar     [Symbol(EOF)]: true,
2280 silly tar     [Symbol(emittedEnd)]: true,
2280 silly tar     [Symbol(emittingEnd)]: false,
2280 silly tar     [Symbol(closed)]: false,
2280 silly tar     [Symbol(emittedError)]: null,
2280 silly tar     [Symbol(bufferLength)]: 0,
2280 silly tar     [Symbol(destroyed)]: false,
2280 silly tar     [Symbol(signal)]: undefined,
2280 silly tar     [Symbol(aborted)]: false
2280 silly tar   },
2280 silly tar   cwd: 'C:/Users/Ansi/Desktop/FixNow/node_modules/react-native',
2280 silly tar   tarCode: 'TAR_ENTRY_ERROR'
2280 silly tar }
2281 warn tar TAR_ENTRY_ERROR ENOENT: no such file or directory, open 'C:\Users\Ansi\Desktop\FixNow\node_modules\react-native\ReactCommon\react\renderer\core\RawValue.h'
2282 silly tar TAR_ENTRY_ERROR ENOENT: no such file or directory, open 'C:\Users\Ansi\Desktop\FixNow\node_modules\react-native\ReactCommon\react\renderer\core\RawValue.h' [Error: ENOENT: no such file or directory, open 'C:\Users\Ansi\Desktop\FixNow\node_modules\react-native\ReactCommon\react\renderer\core\RawValue.h'] {
2282 silly tar   errno: -4058,
2282 silly tar   code: 'ENOENT',
2282 silly tar   syscall: 'open',
2282 silly tar   path: 'C:\\Users\\Ansi\\Desktop\\FixNow\\node_modules\\react-native\\ReactCommon\\react\\renderer\\core\\RawValue.h',
2282 silly tar   entry: ReadEntry {
2282 silly tar     _events: [Object: null prototype] { end: [Function (anonymous)] },
2282 silly tar     _eventsCount: 1,
2282 silly tar     _maxListeners: undefined,
2282 silly tar     writable: false,
2282 silly tar     readable: true,
2282 silly tar     extended: null,
2282 silly tar     globalExtended: null,
2282 silly tar     header: Header {
2282 silly tar       cksumValid: true,
2282 silly tar       needPax: false,
2282 silly tar       nullBlock: false,
2282 silly tar       block: null,
2282 silly tar       path: 'package/ReactCommon/react/renderer/core/RawValue.h',
2282 silly tar       mode: 420,
2282 silly tar       uid: null,
2282 silly tar       gid: null,
2282 silly tar       size: 16490,
2282 silly tar       mtime: 1985-10-26T08:15:00.000Z,
2282 silly tar       cksum: 7828,
2282 silly tar       linkpath: '',
2282 silly tar       uname: '',
2282 silly tar       gname: '',
2282 silly tar       devmaj: 0,
2282 silly tar       devmin: 0,
2282 silly tar       atime: null,
2282 silly tar       ctime: null,
2282 silly tar       [Symbol(type)]: '0'
2282 silly tar     },
2282 silly tar     startBlockSize: 16896,
2282 silly tar     blockRemain: 0,
2282 silly tar     remain: 0,
2282 silly tar     type: 'File',
2282 silly tar     meta: false,
2282 silly tar     ignore: false,
2282 silly tar     path: 'ReactCommon/react/renderer/core/RawValue.h',
2282 silly tar     mode: 438,
2282 silly tar     uid: null,
2282 silly tar     gid: null,
2282 silly tar     uname: '',
2282 silly tar     gname: '',
2282 silly tar     size: 16490,
2282 silly tar     mtime: 1985-10-26T08:15:00.000Z,
2282 silly tar     atime: null,
2282 silly tar     ctime: null,
2282 silly tar     linkpath: '',
2282 silly tar     absolute: 'C:/Users/Ansi/Desktop/FixNow/node_modules/react-native/ReactCommon/react/renderer/core/RawValue.h',
2282 silly tar     [Symbol(shapeMode)]: false,
2282 silly tar     [Symbol(kCapture)]: false,
2282 silly tar     [Symbol(flowing)]: false,
2282 silly tar     [Symbol(paused)]: true,
2282 silly tar     [Symbol(pipes)]: [ [Pipe] ],
2282 silly tar     [Symbol(buffer)]: [
2282 silly tar       <Buffer 6d 56 61 6c 75 65 2c 20 28 54 2a 29 6e 75 6c 6c 70 74 72 29 3b 0a 20 20 20 20 20 20 72 65 73 75 6c 74 2e 70 75 73 68 5f 62 61 63 6b 28 73 74 64 3a 3a ... 2878 more bytes>
2282 silly tar     ],
2282 silly tar     [Symbol(objectMode)]: false,
2282 silly tar     [Symbol(encoding)]: null,
2282 silly tar     [Symbol(async)]: false,
2282 silly tar     [Symbol(decoder)]: null,
2282 silly tar     [Symbol(EOF)]: true,
2282 silly tar     [Symbol(emittedEnd)]: false,
2282 silly tar     [Symbol(emittingEnd)]: false,
2282 silly tar     [Symbol(closed)]: false,
2282 silly tar     [Symbol(emittedError)]: null,
2282 silly tar     [Symbol(bufferLength)]: 2928,
2282 silly tar     [Symbol(destroyed)]: false,
2282 silly tar     [Symbol(signal)]: undefined,
2282 silly tar     [Symbol(aborted)]: false
2282 silly tar   },
2282 silly tar   cwd: 'C:/Users/Ansi/Desktop/FixNow/node_modules/react-native',
2282 silly tar   tarCode: 'TAR_ENTRY_ERROR'
2282 silly tar }
2283 warn tar TAR_ENTRY_ERROR ENOENT: no such file or directory, lstat 'C:\Users\Ansi\Desktop\FixNow\node_modules\react-native\React\Fabric\Mounting'
2284 silly tar TAR_ENTRY_ERROR ENOENT: no such file or directory, lstat 'C:\Users\Ansi\Desktop\FixNow\node_modules\react-native\React\Fabric\Mounting' [Error: ENOENT: no such file or directory, lstat 'C:\Users\Ansi\Desktop\FixNow\node_modules\react-native\React\Fabric\Mounting'] {
2284 silly tar   errno: -4058,
2284 silly tar   code: 'ENOENT',
2284 silly tar   syscall: 'lstat',
2284 silly tar   path: 'C:/Users/Ansi/Desktop/FixNow/node_modules/react-native/React/Fabric/Mounting',
2284 silly tar   entry: ReadEntry {
2284 silly tar     _events: [Object: null prototype] { end: [Function (anonymous)] },
2284 silly tar     _eventsCount: 1,
2284 silly tar     _maxListeners: undefined,
2284 silly tar     writable: false,
2284 silly tar     readable: true,
2284 silly tar     extended: null,
2284 silly tar     globalExtended: null,
2284 silly tar     header: Header {
2284 silly tar       cksumValid: true,
2284 silly tar       needPax: false,
2284 silly tar       nullBlock: false,
2284 silly tar       block: null,
2284 silly tar       path: 'package/React/Fabric/Mounting/ComponentViews/Text/RCTAccessibilityElement.h',
2284 silly tar       mode: 420,
2284 silly tar       uid: null,
2284 silly tar       gid: null,
2284 silly tar       size: 552,
2284 silly tar       mtime: 1985-10-26T08:15:00.000Z,
2284 silly tar       cksum: 10263,
2284 silly tar       linkpath: '',
2284 silly tar       uname: '',
2284 silly tar       gname: '',
2284 silly tar       devmaj: 0,
2284 silly tar       devmin: 0,
2284 silly tar       atime: null,
2284 silly tar       ctime: null,
2284 silly tar       [Symbol(type)]: '0'
2284 silly tar     },
2284 silly tar     startBlockSize: 1024,
2284 silly tar     blockRemain: 0,
2284 silly tar     remain: 0,
2284 silly tar     type: 'File',
2284 silly tar     meta: false,
2284 silly tar     ignore: false,
2284 silly tar     path: 'React/Fabric/Mounting/ComponentViews/Text/RCTAccessibilityElement.h',
2284 silly tar     mode: 438,
2284 silly tar     uid: null,
2284 silly tar     gid: null,
2284 silly tar     uname: '',
2284 silly tar     gname: '',
2284 silly tar     size: 552,
2284 silly tar     mtime: 1985-10-26T08:15:00.000Z,
2284 silly tar     atime: null,
2284 silly tar     ctime: null,
2284 silly tar     linkpath: '',
2284 silly tar     absolute: 'C:/Users/Ansi/Desktop/FixNow/node_modules/react-native/React/Fabric/Mounting/ComponentViews/Text/RCTAccessibilityElement.h',
2284 silly tar     [Symbol(shapeMode)]: false,
2284 silly tar     [Symbol(kCapture)]: false,
2284 silly tar     [Symbol(flowing)]: false,
2284 silly tar     [Symbol(paused)]: true,
2284 silly tar     [Symbol(pipes)]: [],
2284 silly tar     [Symbol(buffer)]: [
2284 silly tar       <Buffer 2f 2a 0a 20 2a 20 43 6f 70 79 72 69 67 68 74 20 28 63 29 20 4d 65 74 61 20 50 6c 61 74 66 6f 72 6d 73 2c 20 49 6e 63 2e 20 61 6e 64 20 61 66 66 69 6c ... 502 more bytes>
2284 silly tar     ],
2284 silly tar     [Symbol(objectMode)]: false,
2284 silly tar     [Symbol(encoding)]: null,
2284 silly tar     [Symbol(async)]: false,
2284 silly tar     [Symbol(decoder)]: null,
2284 silly tar     [Symbol(EOF)]: true,
2284 silly tar     [Symbol(emittedEnd)]: false,
2284 silly tar     [Symbol(emittingEnd)]: false,
2284 silly tar     [Symbol(closed)]: false,
2284 silly tar     [Symbol(emittedError)]: null,
2284 silly tar     [Symbol(bufferLength)]: 552,
2284 silly tar     [Symbol(destroyed)]: false,
2284 silly tar     [Symbol(signal)]: undefined,
2284 silly tar     [Symbol(aborted)]: false
2284 silly tar   },
2284 silly tar   cwd: 'C:/Users/Ansi/Desktop/FixNow/node_modules/react-native',
2284 silly tar   tarCode: 'TAR_ENTRY_ERROR'
2284 silly tar }
2285 warn tar TAR_ENTRY_ERROR ENOENT: no such file or directory, open 'C:\Users\Ansi\Desktop\FixNow\node_modules\react-native\React\CoreModules\RCTAccessibilityManager.h'
2286 silly tar TAR_ENTRY_ERROR ENOENT: no such file or directory, open 'C:\Users\Ansi\Desktop\FixNow\node_modules\react-native\React\CoreModules\RCTAccessibilityManager.h' [Error: ENOENT: no such file or directory, open 'C:\Users\Ansi\Desktop\FixNow\node_modules\react-native\React\CoreModules\RCTAccessibilityManager.h'] {
2286 silly tar   errno: -4058,
2286 silly tar   code: 'ENOENT',
2286 silly tar   syscall: 'open',
2286 silly tar   path: 'C:\\Users\\Ansi\\Desktop\\FixNow\\node_modules\\react-native\\React\\CoreModules\\RCTAccessibilityManager.h',
2286 silly tar   entry: ReadEntry {
2286 silly tar     _events: [Object: null prototype] {},
2286 silly tar     _eventsCount: 0,
2286 silly tar     _maxListeners: undefined,
2286 silly tar     writable: false,
2286 silly tar     readable: false,
2286 silly tar     extended: null,
2286 silly tar     globalExtended: null,
2286 silly tar     header: Header {
2286 silly tar       cksumValid: true,
2286 silly tar       needPax: false,
2286 silly tar       nullBlock: false,
2286 silly tar       block: null,
2286 silly tar       path: 'package/React/CoreModules/RCTAccessibilityManager.h',
2286 silly tar       mode: 420,
2286 silly tar       uid: null,
2286 silly tar       gid: null,
2286 silly tar       size: 1433,
2286 silly tar       mtime: 1985-10-26T08:15:00.000Z,
2286 silly tar       cksum: 7909,
2286 silly tar       linkpath: '',
2286 silly tar       uname: '',
2286 silly tar       gname: '',
2286 silly tar       devmaj: 0,
2286 silly tar       devmin: 0,
2286 silly tar       atime: null,
2286 silly tar       ctime: null,
2286 silly tar       [Symbol(type)]: '0'
2286 silly tar     },
2286 silly tar     startBlockSize: 1536,
2286 silly tar     blockRemain: 0,
2286 silly tar     remain: 0,
2286 silly tar     type: 'File',
2286 silly tar     meta: false,
2286 silly tar     ignore: false,
2286 silly tar     path: 'React/CoreModules/RCTAccessibilityManager.h',
2286 silly tar     mode: 438,
2286 silly tar     uid: null,
2286 silly tar     gid: null,
2286 silly tar     uname: '',
2286 silly tar     gname: '',
2286 silly tar     size: 1433,
2286 silly tar     mtime: 1985-10-26T08:15:00.000Z,
2286 silly tar     atime: null,
2286 silly tar     ctime: null,
2286 silly tar     linkpath: '',
2286 silly tar     absolute: 'C:/Users/Ansi/Desktop/FixNow/node_modules/react-native/React/CoreModules/RCTAccessibilityManager.h',
2286 silly tar     [Symbol(shapeMode)]: false,
2286 silly tar     [Symbol(kCapture)]: false,
2286 silly tar     [Symbol(flowing)]: false,
2286 silly tar     [Symbol(paused)]: true,
2286 silly tar     [Symbol(pipes)]: [ [Pipe] ],
2286 silly tar     [Symbol(buffer)]: [],
2286 silly tar     [Symbol(objectMode)]: false,
2286 silly tar     [Symbol(encoding)]: null,
2286 silly tar     [Symbol(async)]: false,
2286 silly tar     [Symbol(decoder)]: null,
2286 silly tar     [Symbol(EOF)]: true,
2286 silly tar     [Symbol(emittedEnd)]: true,
2286 silly tar     [Symbol(emittingEnd)]: false,
2286 silly tar     [Symbol(closed)]: false,
2286 silly tar     [Symbol(emittedError)]: null,
2286 silly tar     [Symbol(bufferLength)]: 0,
2286 silly tar     [Symbol(destroyed)]: false,
2286 silly tar     [Symbol(signal)]: undefined,
2286 silly tar     [Symbol(aborted)]: false
2286 silly tar   },
2286 silly tar   cwd: 'C:/Users/Ansi/Desktop/FixNow/node_modules/react-native',
2286 silly tar   tarCode: 'TAR_ENTRY_ERROR'
2286 silly tar }
2287 warn tar TAR_ENTRY_ERROR ENOENT: no such file or directory, open 'C:\Users\Ansi\Desktop\FixNow\node_modules\react-native\React\CoreModules\RCTAccessibilityManager+Internal.h'
2288 silly tar TAR_ENTRY_ERROR ENOENT: no such file or directory, open 'C:\Users\Ansi\Desktop\FixNow\node_modules\react-native\React\CoreModules\RCTAccessibilityManager+Internal.h' [Error: ENOENT: no such file or directory, open 'C:\Users\Ansi\Desktop\FixNow\node_modules\react-native\React\CoreModules\RCTAccessibilityManager+Internal.h'] {
2288 silly tar   errno: -4058,
2288 silly tar   code: 'ENOENT',
2288 silly tar   syscall: 'open',
2288 silly tar   path: 'C:\\Users\\Ansi\\Desktop\\FixNow\\node_modules\\react-native\\React\\CoreModules\\RCTAccessibilityManager+Internal.h',
2288 silly tar   entry: ReadEntry {
2288 silly tar     _events: [Object: null prototype] {},
2288 silly tar     _eventsCount: 0,
2288 silly tar     _maxListeners: undefined,
2288 silly tar     writable: false,
2288 silly tar     readable: false,
2288 silly tar     extended: null,
2288 silly tar     globalExtended: null,
2288 silly tar     header: Header {
2288 silly tar       cksumValid: true,
2288 silly tar       needPax: false,
2288 silly tar       nullBlock: false,
2288 silly tar       block: null,
2288 silly tar       path: 'package/React/CoreModules/RCTAccessibilityManager+Internal.h',
2288 silly tar       mode: 420,
2288 silly tar       uid: null,
2288 silly tar       gid: null,
2288 silly tar       size: 563,
2288 silly tar       mtime: 1985-10-26T08:15:00.000Z,
2288 silly tar       cksum: 8779,
2288 silly tar       linkpath: '',
2288 silly tar       uname: '',
2288 silly tar       gname: '',
2288 silly tar       devmaj: 0,
2288 silly tar       devmin: 0,
2288 silly tar       atime: null,
2288 silly tar       ctime: null,
2288 silly tar       [Symbol(type)]: '0'
2288 silly tar     },
2288 silly tar     startBlockSize: 1024,
2288 silly tar     blockRemain: 0,
2288 silly tar     remain: 0,
2288 silly tar     type: 'File',
2288 silly tar     meta: false,
2288 silly tar     ignore: false,
2288 silly tar     path: 'React/CoreModules/RCTAccessibilityManager+Internal.h',
2288 silly tar     mode: 438,
2288 silly tar     uid: null,
2288 silly tar     gid: null,
2288 silly tar     uname: '',
2288 silly tar     gname: '',
2288 silly tar     size: 563,
2288 silly tar     mtime: 1985-10-26T08:15:00.000Z,
2288 silly tar     atime: null,
2288 silly tar     ctime: null,
2288 silly tar     linkpath: '',
2288 silly tar     absolute: 'C:/Users/Ansi/Desktop/FixNow/node_modules/react-native/React/CoreModules/RCTAccessibilityManager+Internal.h',
2288 silly tar     [Symbol(shapeMode)]: false,
2288 silly tar     [Symbol(kCapture)]: false,
2288 silly tar     [Symbol(flowing)]: false,
2288 silly tar     [Symbol(paused)]: true,
2288 silly tar     [Symbol(pipes)]: [ [Pipe] ],
2288 silly tar     [Symbol(buffer)]: [],
2288 silly tar     [Symbol(objectMode)]: false,
2288 silly tar     [Symbol(encoding)]: null,
2288 silly tar     [Symbol(async)]: false,
2288 silly tar     [Symbol(decoder)]: null,
2288 silly tar     [Symbol(EOF)]: true,
2288 silly tar     [Symbol(emittedEnd)]: true,
2288 silly tar     [Symbol(emittingEnd)]: false,
2288 silly tar     [Symbol(closed)]: false,
2288 silly tar     [Symbol(emittedError)]: null,
2288 silly tar     [Symbol(bufferLength)]: 0,
2288 silly tar     [Symbol(destroyed)]: false,
2288 silly tar     [Symbol(signal)]: undefined,
2288 silly tar     [Symbol(aborted)]: false
2288 silly tar   },
2288 silly tar   cwd: 'C:/Users/Ansi/Desktop/FixNow/node_modules/react-native',
2288 silly tar   tarCode: 'TAR_ENTRY_ERROR'
2288 silly tar }
2289 warn tar TAR_ENTRY_ERROR ENOENT: no such file or directory, open 'C:\Users\Ansi\Desktop\FixNow\node_modules\react-native\React\CoreModules\RCTActionSheetManager.h'
2290 silly tar TAR_ENTRY_ERROR ENOENT: no such file or directory, open 'C:\Users\Ansi\Desktop\FixNow\node_modules\react-native\React\CoreModules\RCTActionSheetManager.h' [Error: ENOENT: no such file or directory, open 'C:\Users\Ansi\Desktop\FixNow\node_modules\react-native\React\CoreModules\RCTActionSheetManager.h'] {
2290 silly tar   errno: -4058,
2290 silly tar   code: 'ENOENT',
2290 silly tar   syscall: 'open',
2290 silly tar   path: 'C:\\Users\\Ansi\\Desktop\\FixNow\\node_modules\\react-native\\React\\CoreModules\\RCTActionSheetManager.h',
2290 silly tar   entry: ReadEntry {
2290 silly tar     _events: [Object: null prototype] {},
2290 silly tar     _eventsCount: 0,
2290 silly tar     _maxListeners: undefined,
2290 silly tar     writable: false,
2290 silly tar     readable: false,
2290 silly tar     extended: null,
2290 silly tar     globalExtended: null,
2290 silly tar     header: Header {
2290 silly tar       cksumValid: true,
2290 silly tar       needPax: false,
2290 silly tar       nullBlock: false,
2290 silly tar       block: null,
2290 silly tar       path: 'package/React/CoreModules/RCTActionSheetManager.h',
2290 silly tar       mode: 420,
2290 silly tar       uid: null,
2290 silly tar       gid: null,
2290 silly tar       size: 313,
2290 silly tar       mtime: 1985-10-26T08:15:00.000Z,
2290 silly tar       cksum: 7668,
2290 silly tar       linkpath: '',
2290 silly tar       uname: '',
2290 silly tar       gname: '',
2290 silly tar       devmaj: 0,
2290 silly tar       devmin: 0,
2290 silly tar       atime: null,
2290 silly tar       ctime: null,
2290 silly tar       [Symbol(type)]: '0'
2290 silly tar     },
2290 silly tar     startBlockSize: 512,
2290 silly tar     blockRemain: 0,
2290 silly tar     remain: 0,
2290 silly tar     type: 'File',
2290 silly tar     meta: false,
2290 silly tar     ignore: false,
2290 silly tar     path: 'React/CoreModules/RCTActionSheetManager.h',
2290 silly tar     mode: 438,
2290 silly tar     uid: null,
2290 silly tar     gid: null,
2290 silly tar     uname: '',
2290 silly tar     gname: '',
2290 silly tar     size: 313,
2290 silly tar     mtime: 1985-10-26T08:15:00.000Z,
2290 silly tar     atime: null,
2290 silly tar     ctime: null,
2290 silly tar     linkpath: '',
2290 silly tar     absolute: 'C:/Users/Ansi/Desktop/FixNow/node_modules/react-native/React/CoreModules/RCTActionSheetManager.h',
2290 silly tar     [Symbol(shapeMode)]: false,
2290 silly tar     [Symbol(kCapture)]: false,
2290 silly tar     [Symbol(flowing)]: false,
2290 silly tar     [Symbol(paused)]: true,
2290 silly tar     [Symbol(pipes)]: [ [Pipe] ],
2290 silly tar     [Symbol(buffer)]: [],
2290 silly tar     [Symbol(objectMode)]: false,
2290 silly tar     [Symbol(encoding)]: null,
2290 silly tar     [Symbol(async)]: false,
2290 silly tar     [Symbol(decoder)]: null,
2290 silly tar     [Symbol(EOF)]: true,
2290 silly tar     [Symbol(emittedEnd)]: true,
2290 silly tar     [Symbol(emittingEnd)]: false,
2290 silly tar     [Symbol(closed)]: false,
2290 silly tar     [Symbol(emittedError)]: null,
2290 silly tar     [Symbol(bufferLength)]: 0,
2290 silly tar     [Symbol(destroyed)]: false,
2290 silly tar     [Symbol(signal)]: undefined,
2290 silly tar     [Symbol(aborted)]: false
2290 silly tar   },
2290 silly tar   cwd: 'C:/Users/Ansi/Desktop/FixNow/node_modules/react-native',
2290 silly tar   tarCode: 'TAR_ENTRY_ERROR'
2290 silly tar }
2291 warn tar TAR_ENTRY_ERROR ENOENT: no such file or directory, lstat 'C:\Users\Ansi\Desktop\FixNow\node_modules\react-native\React\Fabric\Mounting'
2292 silly tar TAR_ENTRY_ERROR ENOENT: no such file or directory, lstat 'C:\Users\Ansi\Desktop\FixNow\node_modules\react-native\React\Fabric\Mounting' [Error: ENOENT: no such file or directory, lstat 'C:\Users\Ansi\Desktop\FixNow\node_modules\react-native\React\Fabric\Mounting'] {
2292 silly tar   errno: -4058,
2292 silly tar   code: 'ENOENT',
2292 silly tar   syscall: 'lstat',
2292 silly tar   path: 'C:/Users/Ansi/Desktop/FixNow/node_modules/react-native/React/Fabric/Mounting',
2292 silly tar   entry: ReadEntry {
2292 silly tar     _events: [Object: null prototype] { end: [Function (anonymous)] },
2292 silly tar     _eventsCount: 1,
2292 silly tar     _maxListeners: undefined,
2292 silly tar     writable: false,
2292 silly tar     readable: true,
2292 silly tar     extended: null,
2292 silly tar     globalExtended: null,
2292 silly tar     header: Header {
2292 silly tar       cksumValid: true,
2292 silly tar       needPax: false,
2292 silly tar       nullBlock: false,
2292 silly tar       block: null,
2292 silly tar       path: 'package/React/Fabric/Mounting/ComponentViews/ActivityIndicator/RCTActivityIndicatorViewComponentView.h',
2292 silly tar       mode: 420,
2292 silly tar       uid: null,
2292 silly tar       gid: null,
2292 silly tar       size: 446,
2292 silly tar       mtime: 1985-10-26T08:15:00.000Z,
2292 silly tar       cksum: 13051,
2292 silly tar       linkpath: '',
2292 silly tar       uname: '',
2292 silly tar       gname: '',
2292 silly tar       devmaj: 0,
2292 silly tar       devmin: 0,
2292 silly tar       atime: null,
2292 silly tar       ctime: null,
2292 silly tar       [Symbol(type)]: '0'
2292 silly tar     },
2292 silly tar     startBlockSize: 512,
2292 silly tar     blockRemain: 0,
2292 silly tar     remain: 0,
2292 silly tar     type: 'File',
2292 silly tar     meta: false,
2292 silly tar     ignore: false,
2292 silly tar     path: 'React/Fabric/Mounting/ComponentViews/ActivityIndicator/RCTActivityIndicatorViewComponentView.h',
2292 silly tar     mode: 438,
2292 silly tar     uid: null,
2292 silly tar     gid: null,
2292 silly tar     uname: '',
2292 silly tar     gname: '',
2292 silly tar     size: 446,
2292 silly tar     mtime: 1985-10-26T08:15:00.000Z,
2292 silly tar     atime: null,
2292 silly tar     ctime: null,
2292 silly tar     linkpath: '',
2292 silly tar     absolute: 'C:/Users/Ansi/Desktop/FixNow/node_modules/react-native/React/Fabric/Mounting/ComponentViews/ActivityIndicator/RCTActivityIndicatorViewComponentView.h',
2292 silly tar     [Symbol(shapeMode)]: false,
2292 silly tar     [Symbol(kCapture)]: false,
2292 silly tar     [Symbol(flowing)]: false,
2292 silly tar     [Symbol(paused)]: true,
2292 silly tar     [Symbol(pipes)]: [],
2292 silly tar     [Symbol(buffer)]: [
2292 silly tar       <Buffer 2f 2a 0a 20 2a 20 43 6f 70 79 72 69 67 68 74 20 28 63 29 20 4d 65 74 61 20 50 6c 61 74 66 6f 72 6d 73 2c 20 49 6e 63 2e 20 61 6e 64 20 61 66 66 69 6c ... 396 more bytes>
2292 silly tar     ],
2292 silly tar     [Symbol(objectMode)]: false,
2292 silly tar     [Symbol(encoding)]: null,
2292 silly tar     [Symbol(async)]: false,
2292 silly tar     [Symbol(decoder)]: null,
2292 silly tar     [Symbol(EOF)]: true,
2292 silly tar     [Symbol(emittedEnd)]: false,
2292 silly tar     [Symbol(emittingEnd)]: false,
2292 silly tar     [Symbol(closed)]: false,
2292 silly tar     [Symbol(emittedError)]: null,
2292 silly tar     [Symbol(bufferLength)]: 446,
2292 silly tar     [Symbol(destroyed)]: false,
2292 silly tar     [Symbol(signal)]: undefined,
2292 silly tar     [Symbol(aborted)]: false
2292 silly tar   },
2292 silly tar   cwd: 'C:/Users/Ansi/Desktop/FixNow/node_modules/react-native',
2292 silly tar   tarCode: 'TAR_ENTRY_ERROR'
2292 silly tar }
2293 warn tar TAR_ENTRY_ERROR ENOENT: no such file or directory, open 'C:\Users\Ansi\Desktop\FixNow\node_modules\react-native\React\CoreModules\RCTAlertController.h'
2294 silly tar TAR_ENTRY_ERROR ENOENT: no such file or directory, open 'C:\Users\Ansi\Desktop\FixNow\node_modules\react-native\React\CoreModules\RCTAlertController.h' [Error: ENOENT: no such file or directory, open 'C:\Users\Ansi\Desktop\FixNow\node_modules\react-native\React\CoreModules\RCTAlertController.h'] {
2294 silly tar   errno: -4058,
2294 silly tar   code: 'ENOENT',
2294 silly tar   syscall: 'open',
2294 silly tar   path: 'C:\\Users\\Ansi\\Desktop\\FixNow\\node_modules\\react-native\\React\\CoreModules\\RCTAlertController.h',
2294 silly tar   entry: ReadEntry {
2294 silly tar     _events: [Object: null prototype] {},
2294 silly tar     _eventsCount: 0,
2294 silly tar     _maxListeners: undefined,
2294 silly tar     writable: false,
2294 silly tar     readable: false,
2294 silly tar     extended: null,
2294 silly tar     globalExtended: null,
2294 silly tar     header: Header {
2294 silly tar       cksumValid: true,
2294 silly tar       needPax: false,
2294 silly tar       nullBlock: false,
2294 silly tar       block: null,
2294 silly tar       path: 'package/React/CoreModules/RCTAlertController.h',
2294 silly tar       mode: 420,
2294 silly tar       uid: null,
2294 silly tar       gid: null,
2294 silly tar       size: 354,
2294 silly tar       mtime: 1985-10-26T08:15:00.000Z,
2294 silly tar       cksum: 7421,
2294 silly tar       linkpath: '',
2294 silly tar       uname: '',
2294 silly tar       gname: '',
2294 silly tar       devmaj: 0,
2294 silly tar       devmin: 0,
2294 silly tar       atime: null,
2294 silly tar       ctime: null,
2294 silly tar       [Symbol(type)]: '0'
2294 silly tar     },
2294 silly tar     startBlockSize: 512,
2294 silly tar     blockRemain: 0,
2294 silly tar     remain: 0,
2294 silly tar     type: 'File',
2294 silly tar     meta: false,
2294 silly tar     ignore: false,
2294 silly tar     path: 'React/CoreModules/RCTAlertController.h',
2294 silly tar     mode: 438,
2294 silly tar     uid: null,
2294 silly tar     gid: null,
2294 silly tar     uname: '',
2294 silly tar     gname: '',
2294 silly tar     size: 354,
2294 silly tar     mtime: 1985-10-26T08:15:00.000Z,
2294 silly tar     atime: null,
2294 silly tar     ctime: null,
2294 silly tar     linkpath: '',
2294 silly tar     absolute: 'C:/Users/Ansi/Desktop/FixNow/node_modules/react-native/React/CoreModules/RCTAlertController.h',
2294 silly tar     [Symbol(shapeMode)]: false,
2294 silly tar     [Symbol(kCapture)]: false,
2294 silly tar     [Symbol(flowing)]: false,
2294 silly tar     [Symbol(paused)]: true,
2294 silly tar     [Symbol(pipes)]: [ [Pipe] ],
2294 silly tar     [Symbol(buffer)]: [],
2294 silly tar     [Symbol(objectMode)]: false,
2294 silly tar     [Symbol(encoding)]: null,
2294 silly tar     [Symbol(async)]: false,
2294 silly tar     [Symbol(decoder)]: null,
2294 silly tar     [Symbol(EOF)]: true,
2294 silly tar     [Symbol(emittedEnd)]: true,
2294 silly tar     [Symbol(emittingEnd)]: false,
2294 silly tar     [Symbol(closed)]: false,
2294 silly tar     [Symbol(emittedError)]: null,
2294 silly tar     [Symbol(bufferLength)]: 0,
2294 silly tar     [Symbol(destroyed)]: false,
2294 silly tar     [Symbol(signal)]: undefined,
2294 silly tar     [Symbol(aborted)]: false
2294 silly tar   },
2294 silly tar   cwd: 'C:/Users/Ansi/Desktop/FixNow/node_modules/react-native',
2294 silly tar   tarCode: 'TAR_ENTRY_ERROR'
2294 silly tar }
2295 warn tar TAR_ENTRY_ERROR ENOENT: no such file or directory, open 'C:\Users\Ansi\Desktop\FixNow\node_modules\react-native\React\CoreModules\RCTAlertManager.h'
2296 silly tar TAR_ENTRY_ERROR ENOENT: no such file or directory, open 'C:\Users\Ansi\Desktop\FixNow\node_modules\react-native\React\CoreModules\RCTAlertManager.h' [Error: ENOENT: no such file or directory, open 'C:\Users\Ansi\Desktop\FixNow\node_modules\react-native\React\CoreModules\RCTAlertManager.h'] {
2296 silly tar   errno: -4058,
2296 silly tar   code: 'ENOENT',
2296 silly tar   syscall: 'open',
2296 silly tar   path: 'C:\\Users\\Ansi\\Desktop\\FixNow\\node_modules\\react-native\\React\\CoreModules\\RCTAlertManager.h',
2296 silly tar   entry: ReadEntry {
2296 silly tar     _events: [Object: null prototype] {},
2296 silly tar     _eventsCount: 0,
2296 silly tar     _maxListeners: undefined,
2296 silly tar     writable: false,
2296 silly tar     readable: false,
2296 silly tar     extended: null,
2296 silly tar     globalExtended: null,
2296 silly tar     header: Header {
2296 silly tar       cksumValid: true,
2296 silly tar       needPax: false,
2296 silly tar       nullBlock: false,
2296 silly tar       block: null,
2296 silly tar       path: 'package/React/CoreModules/RCTAlertManager.h',
2296 silly tar       mode: 420,
2296 silly tar       uid: null,
2296 silly tar       gid: null,
2296 silly tar       size: 560,
2296 silly tar       mtime: 1985-10-26T08:15:00.000Z,
2296 silly tar       cksum: 7056,
2296 silly tar       linkpath: '',
2296 silly tar       uname: '',
2296 silly tar       gname: '',
2296 silly tar       devmaj: 0,
2296 silly tar       devmin: 0,
2296 silly tar       atime: null,
2296 silly tar       ctime: null,
2296 silly tar       [Symbol(type)]: '0'
2296 silly tar     },
2296 silly tar     startBlockSize: 1024,
2296 silly tar     blockRemain: 0,
2296 silly tar     remain: 0,
2296 silly tar     type: 'File',
2296 silly tar     meta: false,
2296 silly tar     ignore: false,
2296 silly tar     path: 'React/CoreModules/RCTAlertManager.h',
2296 silly tar     mode: 438,
2296 silly tar     uid: null,
2296 silly tar     gid: null,
2296 silly tar     uname: '',
2296 silly tar     gname: '',
2296 silly tar     size: 560,
2296 silly tar     mtime: 1985-10-26T08:15:00.000Z,
2296 silly tar     atime: null,
2296 silly tar     ctime: null,
2296 silly tar     linkpath: '',
2296 silly tar     absolute: 'C:/Users/Ansi/Desktop/FixNow/node_modules/react-native/React/CoreModules/RCTAlertManager.h',
2296 silly tar     [Symbol(shapeMode)]: false,
2296 silly tar     [Symbol(kCapture)]: false,
2296 silly tar     [Symbol(flowing)]: false,
2296 silly tar     [Symbol(paused)]: true,
2296 silly tar     [Symbol(pipes)]: [ [Pipe] ],
2296 silly tar     [Symbol(buffer)]: [],
2296 silly tar     [Symbol(objectMode)]: false,
2296 silly tar     [Symbol(encoding)]: null,
2296 silly tar     [Symbol(async)]: false,
2296 silly tar     [Symbol(decoder)]: null,
2296 silly tar     [Symbol(EOF)]: true,
2296 silly tar     [Symbol(emittedEnd)]: true,
2296 silly tar     [Symbol(emittingEnd)]: false,
2296 silly tar     [Symbol(closed)]: false,
2296 silly tar     [Symbol(emittedError)]: null,
2296 silly tar     [Symbol(bufferLength)]: 0,
2296 silly tar     [Symbol(destroyed)]: false,
2296 silly tar     [Symbol(signal)]: undefined,
2296 silly tar     [Symbol(aborted)]: false
2296 silly tar   },
2296 silly tar   cwd: 'C:/Users/Ansi/Desktop/FixNow/node_modules/react-native',
2296 silly tar   tarCode: 'TAR_ENTRY_ERROR'
2296 silly tar }
2297 warn tar TAR_ENTRY_ERROR ENOENT: no such file or directory, open 'C:\Users\Ansi\Desktop\FixNow\node_modules\react-native\React\CoreModules\RCTAppearance.h'
2298 silly tar TAR_ENTRY_ERROR ENOENT: no such file or directory, open 'C:\Users\Ansi\Desktop\FixNow\node_modules\react-native\React\CoreModules\RCTAppearance.h' [Error: ENOENT: no such file or directory, open 'C:\Users\Ansi\Desktop\FixNow\node_modules\react-native\React\CoreModules\RCTAppearance.h'] {
2298 silly tar   errno: -4058,
2298 silly tar   code: 'ENOENT',
2298 silly tar   syscall: 'open',
2298 silly tar   path: 'C:\\Users\\Ansi\\Desktop\\FixNow\\node_modules\\react-native\\React\\CoreModules\\RCTAppearance.h',
2298 silly tar   entry: ReadEntry {
2298 silly tar     _events: [Object: null prototype] {},
2298 silly tar     _eventsCount: 0,
2298 silly tar     _maxListeners: undefined,
2298 silly tar     writable: false,
2298 silly tar     readable: false,
2298 silly tar     extended: null,
2298 silly tar     globalExtended: null,
2298 silly tar     header: Header {
2298 silly tar       cksumValid: true,
2298 silly tar       needPax: false,
2298 silly tar       nullBlock: false,
2298 silly tar       block: null,
2298 silly tar       path: 'package/React/CoreModules/RCTAppearance.h',
2298 silly tar       mode: 420,
2298 silly tar       uid: null,
2298 silly tar       gid: null,
2298 silly tar       size: 747,
2298 silly tar       mtime: 1985-10-26T08:15:00.000Z,
2298 silly tar       cksum: 6866,
2298 silly tar       linkpath: '',
2298 silly tar       uname: '',
2298 silly tar       gname: '',
2298 silly tar       devmaj: 0,
2298 silly tar       devmin: 0,
2298 silly tar       atime: null,
2298 silly tar       ctime: null,
2298 silly tar       [Symbol(type)]: '0'
2298 silly tar     },
2298 silly tar     startBlockSize: 1024,
2298 silly tar     blockRemain: 0,
2298 silly tar     remain: 0,
2298 silly tar     type: 'File',
2298 silly tar     meta: false,
2298 silly tar     ignore: false,
2298 silly tar     path: 'React/CoreModules/RCTAppearance.h',
2298 silly tar     mode: 438,
2298 silly tar     uid: null,
2298 silly tar     gid: null,
2298 silly tar     uname: '',
2298 silly tar     gname: '',
2298 silly tar     size: 747,
2298 silly tar     mtime: 1985-10-26T08:15:00.000Z,
2298 silly tar     atime: null,
2298 silly tar     ctime: null,
2298 silly tar     linkpath: '',
2298 silly tar     absolute: 'C:/Users/Ansi/Desktop/FixNow/node_modules/react-native/React/CoreModules/RCTAppearance.h',
2298 silly tar     [Symbol(shapeMode)]: false,
2298 silly tar     [Symbol(kCapture)]: false,
2298 silly tar     [Symbol(flowing)]: false,
2298 silly tar     [Symbol(paused)]: true,
2298 silly tar     [Symbol(pipes)]: [ [Pipe] ],
2298 silly tar     [Symbol(buffer)]: [],
2298 silly tar     [Symbol(objectMode)]: false,
2298 silly tar     [Symbol(encoding)]: null,
2298 silly tar     [Symbol(async)]: false,
2298 silly tar     [Symbol(decoder)]: null,
2298 silly tar     [Symbol(EOF)]: true,
2298 silly tar     [Symbol(emittedEnd)]: true,
2298 silly tar     [Symbol(emittingEnd)]: false,
2298 silly tar     [Symbol(closed)]: false,
2298 silly tar     [Symbol(emittedError)]: null,
2298 silly tar     [Symbol(bufferLength)]: 0,
2298 silly tar     [Symbol(destroyed)]: false,
2298 silly tar     [Symbol(signal)]: undefined,
2298 silly tar     [Symbol(aborted)]: false
2298 silly tar   },
2298 silly tar   cwd: 'C:/Users/Ansi/Desktop/FixNow/node_modules/react-native',
2298 silly tar   tarCode: 'TAR_ENTRY_ERROR'
2298 silly tar }
2299 warn tar TAR_ENTRY_ERROR ENOENT: no such file or directory, open 'C:\Users\Ansi\Desktop\FixNow\node_modules\react-native\React\CoreModules\RCTAppState.h'
2300 silly tar TAR_ENTRY_ERROR ENOENT: no such file or directory, open 'C:\Users\Ansi\Desktop\FixNow\node_modules\react-native\React\CoreModules\RCTAppState.h' [Error: ENOENT: no such file or directory, open 'C:\Users\Ansi\Desktop\FixNow\node_modules\react-native\React\CoreModules\RCTAppState.h'] {
2300 silly tar   errno: -4058,
2300 silly tar   code: 'ENOENT',
2300 silly tar   syscall: 'open',
2300 silly tar   path: 'C:\\Users\\Ansi\\Desktop\\FixNow\\node_modules\\react-native\\React\\CoreModules\\RCTAppState.h',
2300 silly tar   entry: ReadEntry {
2300 silly tar     _events: [Object: null prototype] {},
2300 silly tar     _eventsCount: 0,
2300 silly tar     _maxListeners: undefined,
2300 silly tar     writable: false,
2300 silly tar     readable: false,
2300 silly tar     extended: null,
2300 silly tar     globalExtended: null,
2300 silly tar     header: Header {
2300 silly tar       cksumValid: true,
2300 silly tar       needPax: false,
2300 silly tar       nullBlock: false,
2300 silly tar       block: null,
2300 silly tar       path: 'package/React/CoreModules/RCTAppState.h',
2300 silly tar       mode: 420,
2300 silly tar       uid: null,
2300 silly tar       gid: null,
2300 silly tar       size: 273,
2300 silly tar       mtime: 1985-10-26T08:15:00.000Z,
2300 silly tar       cksum: 6655,
2300 silly tar       linkpath: '',
2300 silly tar       uname: '',
2300 silly tar       gname: '',
2300 silly tar       devmaj: 0,
2300 silly tar       devmin: 0,
2300 silly tar       atime: null,
2300 silly tar       ctime: null,
2300 silly tar       [Symbol(type)]: '0'
2300 silly tar     },
2300 silly tar     startBlockSize: 512,
2300 silly tar     blockRemain: 0,
2300 silly tar     remain: 0,
2300 silly tar     type: 'File',
2300 silly tar     meta: false,
2300 silly tar     ignore: false,
2300 silly tar     path: 'React/CoreModules/RCTAppState.h',
2300 silly tar     mode: 438,
2300 silly tar     uid: null,
2300 silly tar     gid: null,
2300 silly tar     uname: '',
2300 silly tar     gname: '',
2300 silly tar     size: 273,
2300 silly tar     mtime: 1985-10-26T08:15:00.000Z,
2300 silly tar     atime: null,
2300 silly tar     ctime: null,
2300 silly tar     linkpath: '',
2300 silly tar     absolute: 'C:/Users/Ansi/Desktop/FixNow/node_modules/react-native/React/CoreModules/RCTAppState.h',
2300 silly tar     [Symbol(shapeMode)]: false,
2300 silly tar     [Symbol(kCapture)]: false,
2300 silly tar     [Symbol(flowing)]: false,
2300 silly tar     [Symbol(paused)]: true,
2300 silly tar     [Symbol(pipes)]: [ [Pipe] ],
2300 silly tar     [Symbol(buffer)]: [],
2300 silly tar     [Symbol(objectMode)]: false,
2300 silly tar     [Symbol(encoding)]: null,
2300 silly tar     [Symbol(async)]: false,
2300 silly tar     [Symbol(decoder)]: null,
2300 silly tar     [Symbol(EOF)]: true,
2300 silly tar     [Symbol(emittedEnd)]: true,
2300 silly tar     [Symbol(emittingEnd)]: false,
2300 silly tar     [Symbol(closed)]: false,
2300 silly tar     [Symbol(emittedError)]: null,
2300 silly tar     [Symbol(bufferLength)]: 0,
2300 silly tar     [Symbol(destroyed)]: false,
2300 silly tar     [Symbol(signal)]: undefined,
2300 silly tar     [Symbol(aborted)]: false
2300 silly tar   },
2300 silly tar   cwd: 'C:/Users/Ansi/Desktop/FixNow/node_modules/react-native',
2300 silly tar   tarCode: 'TAR_ENTRY_ERROR'
2300 silly tar }
2301 warn tar TAR_ENTRY_ERROR ENOENT: no such file or directory, lstat 'C:\Users\Ansi\Desktop\FixNow\node_modules\react-native\ReactCommon\react\renderer\textlayoutmanager\platform'
2302 silly tar TAR_ENTRY_ERROR ENOENT: no such file or directory, lstat 'C:\Users\Ansi\Desktop\FixNow\node_modules\react-native\ReactCommon\react\renderer\textlayoutmanager\platform' [Error: ENOENT: no such file or directory, lstat 'C:\Users\Ansi\Desktop\FixNow\node_modules\react-native\ReactCommon\react\renderer\textlayoutmanager\platform'] {
2302 silly tar   errno: -4058,
2302 silly tar   code: 'ENOENT',
2302 silly tar   syscall: 'lstat',
2302 silly tar   path: 'C:/Users/Ansi/Desktop/FixNow/node_modules/react-native/ReactCommon/react/renderer/textlayoutmanager/platform',
2302 silly tar   entry: ReadEntry {
2302 silly tar     _events: [Object: null prototype] { end: [Function (anonymous)] },
2302 silly tar     _eventsCount: 1,
2302 silly tar     _maxListeners: undefined,
2302 silly tar     writable: false,
2302 silly tar     readable: true,
2302 silly tar     extended: null,
2302 silly tar     globalExtended: null,
2302 silly tar     header: Header {
2302 silly tar       cksumValid: true,
2302 silly tar       needPax: false,
2302 silly tar       nullBlock: false,
2302 silly tar       block: null,
2302 silly tar       path: 'package/ReactCommon/react/renderer/textlayoutmanager/platform/ios/react/renderer/textlayoutmanager/RCTAttributedTextUtils.h',
2302 silly tar       mode: 420,
2302 silly tar       uid: null,
2302 silly tar       gid: null,
2302 silly tar       size: 3078,
2302 silly tar       mtime: 1985-10-26T08:15:00.000Z,
2302 silly tar       cksum: 15305,
2302 silly tar       linkpath: '',
2302 silly tar       uname: '',
2302 silly tar       gname: '',
2302 silly tar       devmaj: 0,
2302 silly tar       devmin: 0,
2302 silly tar       atime: null,
2302 silly tar       ctime: null,
2302 silly tar       [Symbol(type)]: '0'
2302 silly tar     },
2302 silly tar     startBlockSize: 3584,
2302 silly tar     blockRemain: 0,
2302 silly tar     remain: 0,
2302 silly tar     type: 'File',
2302 silly tar     meta: false,
2302 silly tar     ignore: false,
2302 silly tar     path: 'ReactCommon/react/renderer/textlayoutmanager/platform/ios/react/renderer/textlayoutmanager/RCTAttributedTextUtils.h',
2302 silly tar     mode: 438,
2302 silly tar     uid: null,
2302 silly tar     gid: null,
2302 silly tar     uname: '',
2302 silly tar     gname: '',
2302 silly tar     size: 3078,
2302 silly tar     mtime: 1985-10-26T08:15:00.000Z,
2302 silly tar     atime: null,
2302 silly tar     ctime: null,
2302 silly tar     linkpath: '',
2302 silly tar     absolute: 'C:/Users/Ansi/Desktop/FixNow/node_modules/react-native/ReactCommon/react/renderer/textlayoutmanager/platform/ios/react/renderer/textlayoutmanager/RCTAttributedTextUtils.h',
2302 silly tar     [Symbol(shapeMode)]: false,
2302 silly tar     [Symbol(kCapture)]: false,
2302 silly tar     [Symbol(flowing)]: false,
2302 silly tar     [Symbol(paused)]: true,
2302 silly tar     [Symbol(pipes)]: [],
2302 silly tar     [Symbol(buffer)]: [
2302 silly tar       <Buffer 2f 2a 0a 20 2a 20 43 6f 70 79 72 69 67 68 74 20 28 63 29 20 4d 65 74 61 20 50 6c 61 74 66 6f 72 6d 73 2c 20 49 6e 63 2e 20 61 6e 64 20 61 66 66 69 6c ... 3028 more bytes>
2302 silly tar     ],
2302 silly tar     [Symbol(objectMode)]: false,
2302 silly tar     [Symbol(encoding)]: null,
2302 silly tar     [Symbol(async)]: false,
2302 silly tar     [Symbol(decoder)]: null,
2302 silly tar     [Symbol(EOF)]: true,
2302 silly tar     [Symbol(emittedEnd)]: false,
2302 silly tar     [Symbol(emittingEnd)]: false,
2302 silly tar     [Symbol(closed)]: false,
2302 silly tar     [Symbol(emittedError)]: null,
2302 silly tar     [Symbol(bufferLength)]: 3078,
2302 silly tar     [Symbol(destroyed)]: false,
2302 silly tar     [Symbol(signal)]: undefined,
2302 silly tar     [Symbol(aborted)]: false
2302 silly tar   },
2302 silly tar   cwd: 'C:/Users/Ansi/Desktop/FixNow/node_modules/react-native',
2302 silly tar   tarCode: 'TAR_ENTRY_ERROR'
2302 silly tar }
2303 warn tar TAR_ENTRY_ERROR ENOENT: no such file or directory, lstat 'C:\Users\Ansi\Desktop\FixNow\node_modules\react-native\React\Fabric\Utils'
2304 silly tar TAR_ENTRY_ERROR ENOENT: no such file or directory, lstat 'C:\Users\Ansi\Desktop\FixNow\node_modules\react-native\React\Fabric\Utils' [Error: ENOENT: no such file or directory, lstat 'C:\Users\Ansi\Desktop\FixNow\node_modules\react-native\React\Fabric\Utils'] {
2304 silly tar   errno: -4058,
2304 silly tar   code: 'ENOENT',
2304 silly tar   syscall: 'lstat',
2304 silly tar   path: 'C:/Users/Ansi/Desktop/FixNow/node_modules/react-native/React/Fabric/Utils',
2304 silly tar   entry: ReadEntry {
2304 silly tar     _events: [Object: null prototype] { end: [Function (anonymous)] },
2304 silly tar     _eventsCount: 1,
2304 silly tar     _maxListeners: undefined,
2304 silly tar     writable: false,
2304 silly tar     readable: true,
2304 silly tar     extended: null,
2304 silly tar     globalExtended: null,
2304 silly tar     header: Header {
2304 silly tar       cksumValid: true,
2304 silly tar       needPax: false,
2304 silly tar       nullBlock: false,
2304 silly tar       block: null,
2304 silly tar       path: 'package/React/Fabric/Utils/RCTBoxShadow.h',
2304 silly tar       mode: 420,
2304 silly tar       uid: null,
2304 silly tar       gid: null,
2304 silly tar       size: 516,
2304 silly tar       mtime: 1985-10-26T08:15:00.000Z,
2304 silly tar       cksum: 6799,
2304 silly tar       linkpath: '',
2304 silly tar       uname: '',
2304 silly tar       gname: '',
2304 silly tar       devmaj: 0,
2304 silly tar       devmin: 0,
2304 silly tar       atime: null,
2304 silly tar       ctime: null,
2304 silly tar       [Symbol(type)]: '0'
2304 silly tar     },
2304 silly tar     startBlockSize: 1024,
2304 silly tar     blockRemain: 0,
2304 silly tar     remain: 0,
2304 silly tar     type: 'File',
2304 silly tar     meta: false,
2304 silly tar     ignore: false,
2304 silly tar     path: 'React/Fabric/Utils/RCTBoxShadow.h',
2304 silly tar     mode: 438,
2304 silly tar     uid: null,
2304 silly tar     gid: null,
2304 silly tar     uname: '',
2304 silly tar     gname: '',
2304 silly tar     size: 516,
2304 silly tar     mtime: 1985-10-26T08:15:00.000Z,
2304 silly tar     atime: null,
2304 silly tar     ctime: null,
2304 silly tar     linkpath: '',
2304 silly tar     absolute: 'C:/Users/Ansi/Desktop/FixNow/node_modules/react-native/React/Fabric/Utils/RCTBoxShadow.h',
2304 silly tar     [Symbol(shapeMode)]: false,
2304 silly tar     [Symbol(kCapture)]: false,
2304 silly tar     [Symbol(flowing)]: false,
2304 silly tar     [Symbol(paused)]: true,
2304 silly tar     [Symbol(pipes)]: [],
2304 silly tar     [Symbol(buffer)]: [
2304 silly tar       <Buffer 2f 2a 0a 20 2a 20 43 6f 70 79 72 69 67 68 74 20 28 63 29 20 4d 65 74 61 20 50 6c 61 74 66 6f 72 6d 73 2c 20 49 6e 63 2e 20 61 6e 64 20 61 66 66 69 6c ... 466 more bytes>
2304 silly tar     ],
2304 silly tar     [Symbol(objectMode)]: false,
2304 silly tar     [Symbol(encoding)]: null,
2304 silly tar     [Symbol(async)]: false,
2304 silly tar     [Symbol(decoder)]: null,
2304 silly tar     [Symbol(EOF)]: true,
2304 silly tar     [Symbol(emittedEnd)]: false,
2304 silly tar     [Symbol(emittingEnd)]: false,
2304 silly tar     [Symbol(closed)]: false,
2304 silly tar     [Symbol(emittedError)]: null,
2304 silly tar     [Symbol(bufferLength)]: 516,
2304 silly tar     [Symbol(destroyed)]: false,
2304 silly tar     [Symbol(signal)]: undefined,
2304 silly tar     [Symbol(aborted)]: false
2304 silly tar   },
2304 silly tar   cwd: 'C:/Users/Ansi/Desktop/FixNow/node_modules/react-native',
2304 silly tar   tarCode: 'TAR_ENTRY_ERROR'
2304 silly tar }
2305 warn tar TAR_ENTRY_ERROR ENOENT: no such file or directory, open 'C:\Users\Ansi\Desktop\FixNow\node_modules\react-native\React\FBReactNativeSpec\react\renderer\components\FBReactNativeSpec\RCTComponentViewHelpers.h'
2306 silly tar TAR_ENTRY_ERROR ENOENT: no such file or directory, open 'C:\Users\Ansi\Desktop\FixNow\node_modules\react-native\React\FBReactNativeSpec\react\renderer\components\FBReactNativeSpec\RCTComponentViewHelpers.h' [Error: ENOENT: no such file or directory, open 'C:\Users\Ansi\Desktop\FixNow\node_modules\react-native\React\FBReactNativeSpec\react\renderer\components\FBReactNativeSpec\RCTComponentViewHelpers.h'] {
2306 silly tar   errno: -4058,
2306 silly tar   code: 'ENOENT',
2306 silly tar   syscall: 'open',
2306 silly tar   path: 'C:\\Users\\Ansi\\Desktop\\FixNow\\node_modules\\react-native\\React\\FBReactNativeSpec\\react\\renderer\\components\\FBReactNativeSpec\\RCTComponentViewHelpers.h',
2306 silly tar   entry: ReadEntry {
2306 silly tar     _events: [Object: null prototype] { end: [Function (anonymous)] },
2306 silly tar     _eventsCount: 1,
2306 silly tar     _maxListeners: undefined,
2306 silly tar     writable: false,
2306 silly tar     readable: true,
2306 silly tar     extended: null,
2306 silly tar     globalExtended: null,
2306 silly tar     header: Header {
2306 silly tar       cksumValid: true,
2306 silly tar       needPax: false,
2306 silly tar       nullBlock: false,
2306 silly tar       block: null,
2306 silly tar       path: 'package/React/FBReactNativeSpec/react/renderer/components/FBReactNativeSpec/RCTComponentViewHelpers.h',
2306 silly tar       mode: 420,
2306 silly tar       uid: null,
2306 silly tar       gid: null,
2306 silly tar       size: 7584,
2306 silly tar       mtime: 1985-10-26T08:15:00.000Z,
2306 silly tar       cksum: 12721,
2306 silly tar       linkpath: '',
2306 silly tar       uname: '',
2306 silly tar       gname: '',
2306 silly tar       devmaj: 0,
2306 silly tar       devmin: 0,
2306 silly tar       atime: null,
2306 silly tar       ctime: null,
2306 silly tar       [Symbol(type)]: '0'
2306 silly tar     },
2306 silly tar     startBlockSize: 7680,
2306 silly tar     blockRemain: 0,
2306 silly tar     remain: 0,
2306 silly tar     type: 'File',
2306 silly tar     meta: false,
2306 silly tar     ignore: false,
2306 silly tar     path: 'React/FBReactNativeSpec/react/renderer/components/FBReactNativeSpec/RCTComponentViewHelpers.h',
2306 silly tar     mode: 438,
2306 silly tar     uid: null,
2306 silly tar     gid: null,
2306 silly tar     uname: '',
2306 silly tar     gname: '',
2306 silly tar     size: 7584,
2306 silly tar     mtime: 1985-10-26T08:15:00.000Z,
2306 silly tar     atime: null,
2306 silly tar     ctime: null,
2306 silly tar     linkpath: '',
2306 silly tar     absolute: 'C:/Users/Ansi/Desktop/FixNow/node_modules/react-native/React/FBReactNativeSpec/react/renderer/components/FBReactNativeSpec/RCTComponentViewHelpers.h',
2306 silly tar     [Symbol(shapeMode)]: false,
2306 silly tar     [Symbol(kCapture)]: false,
2306 silly tar     [Symbol(flowing)]: false,
2306 silly tar     [Symbol(paused)]: true,
2306 silly tar     [Symbol(pipes)]: [ [Pipe] ],
2306 silly tar     [Symbol(buffer)]: [
2306 silly tar       <Buffer 72 6f 72 28 40 22 25 40 20 63 6f 6d 6d 61 6e 64 20 25 40 20 72 65 63 65 69 76 65 64 20 25 64 20 61 72 67 75 6d 65 6e 74 73 2c 20 65 78 70 65 63 74 65 ... 6334 more bytes>
2306 silly tar     ],
2306 silly tar     [Symbol(objectMode)]: false,
2306 silly tar     [Symbol(encoding)]: null,
2306 silly tar     [Symbol(async)]: false,
2306 silly tar     [Symbol(decoder)]: null,
2306 silly tar     [Symbol(EOF)]: true,
2306 silly tar     [Symbol(emittedEnd)]: false,
2306 silly tar     [Symbol(emittingEnd)]: false,
2306 silly tar     [Symbol(closed)]: false,
2306 silly tar     [Symbol(emittedError)]: null,
2306 silly tar     [Symbol(bufferLength)]: 6384,
2306 silly tar     [Symbol(destroyed)]: false,
2306 silly tar     [Symbol(signal)]: undefined,
2306 silly tar     [Symbol(aborted)]: false
2306 silly tar   },
2306 silly tar   cwd: 'C:/Users/Ansi/Desktop/FixNow/node_modules/react-native',
2306 silly tar   tarCode: 'TAR_ENTRY_ERROR'
2306 silly tar }
2307 warn tar TAR_ENTRY_ERROR ENOENT: no such file or directory, open 'C:\Users\Ansi\Desktop\FixNow\node_modules\react-native\ReactCommon\react\renderer\components\scrollview\RCTComponentViewHelpers.h'
2308 silly tar TAR_ENTRY_ERROR ENOENT: no such file or directory, open 'C:\Users\Ansi\Desktop\FixNow\node_modules\react-native\ReactCommon\react\renderer\components\scrollview\RCTComponentViewHelpers.h' [Error: ENOENT: no such file or directory, open 'C:\Users\Ansi\Desktop\FixNow\node_modules\react-native\ReactCommon\react\renderer\components\scrollview\RCTComponentViewHelpers.h'] {
2308 silly tar   errno: -4058,
2308 silly tar   code: 'ENOENT',
2308 silly tar   syscall: 'open',
2308 silly tar   path: 'C:\\Users\\Ansi\\Desktop\\FixNow\\node_modules\\react-native\\ReactCommon\\react\\renderer\\components\\scrollview\\RCTComponentViewHelpers.h',
2308 silly tar   entry: ReadEntry {
2308 silly tar     _events: [Object: null prototype] {},
2308 silly tar     _eventsCount: 0,
2308 silly tar     _maxListeners: undefined,
2308 silly tar     writable: false,
2308 silly tar     readable: false,
2308 silly tar     extended: null,
2308 silly tar     globalExtended: null,
2308 silly tar     header: Header {
2308 silly tar       cksumValid: true,
2308 silly tar       needPax: false,
2308 silly tar       nullBlock: false,
2308 silly tar       block: null,
2308 silly tar       path: 'package/ReactCommon/react/renderer/components/scrollview/RCTComponentViewHelpers.h',
2308 silly tar       mode: 420,
2308 silly tar       uid: null,
2308 silly tar       gid: null,
2308 silly tar       size: 3737,
2308 silly tar       mtime: 1985-10-26T08:15:00.000Z,
2308 silly tar       cksum: 11150,
2308 silly tar       linkpath: '',
2308 silly tar       uname: '',
2308 silly tar       gname: '',
2308 silly tar       devmaj: 0,
2308 silly tar       devmin: 0,
2308 silly tar       atime: null,
2308 silly tar       ctime: null,
2308 silly tar       [Symbol(type)]: '0'
2308 silly tar     },
2308 silly tar     startBlockSize: 4096,
2308 silly tar     blockRemain: 0,
2308 silly tar     remain: 0,
2308 silly tar     type: 'File',
2308 silly tar     meta: false,
2308 silly tar     ignore: false,
2308 silly tar     path: 'ReactCommon/react/renderer/components/scrollview/RCTComponentViewHelpers.h',
2308 silly tar     mode: 438,
2308 silly tar     uid: null,
2308 silly tar     gid: null,
2308 silly tar     uname: '',
2308 silly tar     gname: '',
2308 silly tar     size: 3737,
2308 silly tar     mtime: 1985-10-26T08:15:00.000Z,
2308 silly tar     atime: null,
2308 silly tar     ctime: null,
2308 silly tar     linkpath: '',
2308 silly tar     absolute: 'C:/Users/Ansi/Desktop/FixNow/node_modules/react-native/ReactCommon/react/renderer/components/scrollview/RCTComponentViewHelpers.h',
2308 silly tar     [Symbol(shapeMode)]: false,
2308 silly tar     [Symbol(kCapture)]: false,
2308 silly tar     [Symbol(flowing)]: false,
2308 silly tar     [Symbol(paused)]: true,
2308 silly tar     [Symbol(pipes)]: [ [Pipe] ],
2308 silly tar     [Symbol(buffer)]: [],
2308 silly tar     [Symbol(objectMode)]: false,
2308 silly tar     [Symbol(encoding)]: null,
2308 silly tar     [Symbol(async)]: false,
2308 silly tar     [Symbol(decoder)]: null,
2308 silly tar     [Symbol(EOF)]: true,
2308 silly tar     [Symbol(emittedEnd)]: true,
2308 silly tar     [Symbol(emittingEnd)]: false,
2308 silly tar     [Symbol(closed)]: false,
2308 silly tar     [Symbol(emittedError)]: null,
2308 silly tar     [Symbol(bufferLength)]: 0,
2308 silly tar     [Symbol(destroyed)]: false,
2308 silly tar     [Symbol(signal)]: undefined,
2308 silly tar     [Symbol(aborted)]: false
2308 silly tar   },
2308 silly tar   cwd: 'C:/Users/Ansi/Desktop/FixNow/node_modules/react-native',
2308 silly tar   tarCode: 'TAR_ENTRY_ERROR'
2308 silly tar }
2309 warn tar TAR_ENTRY_ERROR ENOENT: no such file or directory, lstat 'C:\Users\Ansi\Desktop\FixNow\node_modules\react-native\ReactCommon\react\runtime\platform'
2310 silly tar TAR_ENTRY_ERROR ENOENT: no such file or directory, lstat 'C:\Users\Ansi\Desktop\FixNow\node_modules\react-native\ReactCommon\react\runtime\platform' [Error: ENOENT: no such file or directory, lstat 'C:\Users\Ansi\Desktop\FixNow\node_modules\react-native\ReactCommon\react\runtime\platform'] {
2310 silly tar   errno: -4058,
2310 silly tar   code: 'ENOENT',
2310 silly tar   syscall: 'lstat',
2310 silly tar   path: 'C:/Users/Ansi/Desktop/FixNow/node_modules/react-native/ReactCommon/react/runtime/platform',
2310 silly tar   entry: ReadEntry {
2310 silly tar     _events: [Object: null prototype] { end: [Function (anonymous)] },
2310 silly tar     _eventsCount: 1,
2310 silly tar     _maxListeners: undefined,
2310 silly tar     writable: false,
2310 silly tar     readable: true,
2310 silly tar     extended: null,
2310 silly tar     globalExtended: null,
2310 silly tar     header: Header {
2310 silly tar       cksumValid: true,
2310 silly tar       needPax: false,
2310 silly tar       nullBlock: false,
2310 silly tar       block: null,
2310 silly tar       path: 'package/ReactCommon/react/runtime/platform/ios/ReactCommon/RCTContextContainerHandling.h',
2310 silly tar       mode: 420,
2310 silly tar       uid: null,
2310 silly tar       gid: null,
2310 silly tar       size: 428,
2310 silly tar       mtime: 1985-10-26T08:15:00.000Z,
2310 silly tar       cksum: 11632,
2310 silly tar       linkpath: '',
2310 silly tar       uname: '',
2310 silly tar       gname: '',
2310 silly tar       devmaj: 0,
2310 silly tar       devmin: 0,
2310 silly tar       atime: null,
2310 silly tar       ctime: null,
2310 silly tar       [Symbol(type)]: '0'
2310 silly tar     },
2310 silly tar     startBlockSize: 512,
2310 silly tar     blockRemain: 0,
2310 silly tar     remain: 0,
2310 silly tar     type: 'File',
2310 silly tar     meta: false,
2310 silly tar     ignore: false,
2310 silly tar     path: 'ReactCommon/react/runtime/platform/ios/ReactCommon/RCTContextContainerHandling.h',
2310 silly tar     mode: 438,
2310 silly tar     uid: null,
2310 silly tar     gid: null,
2310 silly tar     uname: '',
2310 silly tar     gname: '',
2310 silly tar     size: 428,
2310 silly tar     mtime: 1985-10-26T08:15:00.000Z,
2310 silly tar     atime: null,
2310 silly tar     ctime: null,
2310 silly tar     linkpath: '',
2310 silly tar     absolute: 'C:/Users/Ansi/Desktop/FixNow/node_modules/react-native/ReactCommon/react/runtime/platform/ios/ReactCommon/RCTContextContainerHandling.h',
2310 silly tar     [Symbol(shapeMode)]: false,
2310 silly tar     [Symbol(kCapture)]: false,
2310 silly tar     [Symbol(flowing)]: false,
2310 silly tar     [Symbol(paused)]: true,
2310 silly tar     [Symbol(pipes)]: [],
2310 silly tar     [Symbol(buffer)]: [
2310 silly tar       <Buffer 2f 2a 0a 20 2a 20 43 6f 70 79 72 69 67 68 74 20 28 63 29 20 4d 65 74 61 20 50 6c 61 74 66 6f 72 6d 73 2c 20 49 6e 63 2e 20 61 6e 64 20 61 66 66 69 6c ... 378 more bytes>
2310 silly tar     ],
2310 silly tar     [Symbol(objectMode)]: false,
2310 silly tar     [Symbol(encoding)]: null,
2310 silly tar     [Symbol(async)]: false,
2310 silly tar     [Symbol(decoder)]: null,
2310 silly tar     [Symbol(EOF)]: true,
2310 silly tar     [Symbol(emittedEnd)]: false,
2310 silly tar     [Symbol(emittingEnd)]: false,
2310 silly tar     [Symbol(closed)]: false,
2310 silly tar     [Symbol(emittedError)]: null,
2310 silly tar     [Symbol(bufferLength)]: 428,
2310 silly tar     [Symbol(destroyed)]: false,
2310 silly tar     [Symbol(signal)]: undefined,
2310 silly tar     [Symbol(aborted)]: false
2310 silly tar   },
2310 silly tar   cwd: 'C:/Users/Ansi/Desktop/FixNow/node_modules/react-native',
2310 silly tar   tarCode: 'TAR_ENTRY_ERROR'
2310 silly tar }
2311 warn tar TAR_ENTRY_ERROR ENOENT: no such file or directory, lstat 'C:\Users\Ansi\Desktop\FixNow\node_modules\react-native\ReactCommon\react\renderer\textlayoutmanager\platform'
2312 silly tar TAR_ENTRY_ERROR ENOENT: no such file or directory, lstat 'C:\Users\Ansi\Desktop\FixNow\node_modules\react-native\ReactCommon\react\renderer\textlayoutmanager\platform' [Error: ENOENT: no such file or directory, lstat 'C:\Users\Ansi\Desktop\FixNow\node_modules\react-native\ReactCommon\react\renderer\textlayoutmanager\platform'] {
2312 silly tar   errno: -4058,
2312 silly tar   code: 'ENOENT',
2312 silly tar   syscall: 'lstat',
2312 silly tar   path: 'C:/Users/Ansi/Desktop/FixNow/node_modules/react-native/ReactCommon/react/renderer/textlayoutmanager/platform',
2312 silly tar   entry: ReadEntry {
2312 silly tar     _events: [Object: null prototype] { end: [Function (anonymous)] },
2312 silly tar     _eventsCount: 1,
2312 silly tar     _maxListeners: undefined,
2312 silly tar     writable: false,
2312 silly tar     readable: true,
2312 silly tar     extended: null,
2312 silly tar     globalExtended: null,
2312 silly tar     header: Header {
2312 silly tar       cksumValid: true,
2312 silly tar       needPax: false,
2312 silly tar       nullBlock: false,
2312 silly tar       block: null,
2312 silly tar       path: 'package/ReactCommon/react/renderer/textlayoutmanager/platform/ios/react/renderer/textlayoutmanager/RCTFontProperties.h',
2312 silly tar       mode: 420,
2312 silly tar       uid: null,
2312 silly tar       gid: null,
2312 silly tar       size: 1799,
2312 silly tar       mtime: 1985-10-26T08:15:00.000Z,
2312 silly tar       cksum: 14785,
2312 silly tar       linkpath: '',
2312 silly tar       uname: '',
2312 silly tar       gname: '',
2312 silly tar       devmaj: 0,
2312 silly tar       devmin: 0,
2312 silly tar       atime: null,
2312 silly tar       ctime: null,
2312 silly tar       [Symbol(type)]: '0'
2312 silly tar     },
2312 silly tar     startBlockSize: 2048,
2312 silly tar     blockRemain: 0,
2312 silly tar     remain: 0,
2312 silly tar     type: 'File',
2312 silly tar     meta: false,
2312 silly tar     ignore: false,
2312 silly tar     path: 'ReactCommon/react/renderer/textlayoutmanager/platform/ios/react/renderer/textlayoutmanager/RCTFontProperties.h',
2312 silly tar     mode: 438,
2312 silly tar     uid: null,
2312 silly tar     gid: null,
2312 silly tar     uname: '',
2312 silly tar     gname: '',
2312 silly tar     size: 1799,
2312 silly tar     mtime: 1985-10-26T08:15:00.000Z,
2312 silly tar     atime: null,
2312 silly tar     ctime: null,
2312 silly tar     linkpath: '',
2312 silly tar     absolute: 'C:/Users/Ansi/Desktop/FixNow/node_modules/react-native/ReactCommon/react/renderer/textlayoutmanager/platform/ios/react/renderer/textlayoutmanager/RCTFontProperties.h',
2312 silly tar     [Symbol(shapeMode)]: false,
2312 silly tar     [Symbol(kCapture)]: false,
2312 silly tar     [Symbol(flowing)]: false,
2312 silly tar     [Symbol(paused)]: true,
2312 silly tar     [Symbol(pipes)]: [],
2312 silly tar     [Symbol(buffer)]: [
2312 silly tar       <Buffer 2f 2a 0a 20 2a 20 43 6f 70 79 72 69 67 68 74 20 28 63 29 20 4d 65 74 61 20 50 6c 61 74 66 6f 72 6d 73 2c 20 49 6e 63 2e 20 61 6e 64 20 61 66 66 69 6c ... 1749 more bytes>
2312 silly tar     ],
2312 silly tar     [Symbol(objectMode)]: false,
2312 silly tar     [Symbol(encoding)]: null,
2312 silly tar     [Symbol(async)]: false,
2312 silly tar     [Symbol(decoder)]: null,
2312 silly tar     [Symbol(EOF)]: true,
2312 silly tar     [Symbol(emittedEnd)]: false,
2312 silly tar     [Symbol(emittingEnd)]: false,
2312 silly tar     [Symbol(closed)]: false,
2312 silly tar     [Symbol(emittedError)]: null,
2312 silly tar     [Symbol(bufferLength)]: 1799,
2312 silly tar     [Symbol(destroyed)]: false,
2312 silly tar     [Symbol(signal)]: undefined,
2312 silly tar     [Symbol(aborted)]: false
2312 silly tar   },
2312 silly tar   cwd: 'C:/Users/Ansi/Desktop/FixNow/node_modules/react-native',
2312 silly tar   tarCode: 'TAR_ENTRY_ERROR'
2312 silly tar }
2313 warn tar TAR_ENTRY_ERROR ENOENT: no such file or directory, lstat 'C:\Users\Ansi\Desktop\FixNow\node_modules\react-native\ReactCommon\react\renderer\textlayoutmanager\platform'
2314 silly tar TAR_ENTRY_ERROR ENOENT: no such file or directory, lstat 'C:\Users\Ansi\Desktop\FixNow\node_modules\react-native\ReactCommon\react\renderer\textlayoutmanager\platform' [Error: ENOENT: no such file or directory, lstat 'C:\Users\Ansi\Desktop\FixNow\node_modules\react-native\ReactCommon\react\renderer\textlayoutmanager\platform'] {
2314 silly tar   errno: -4058,
2314 silly tar   code: 'ENOENT',
2314 silly tar   syscall: 'lstat',
2314 silly tar   path: 'C:/Users/Ansi/Desktop/FixNow/node_modules/react-native/ReactCommon/react/renderer/textlayoutmanager/platform',
2314 silly tar   entry: ReadEntry {
2314 silly tar     _events: [Object: null prototype] { end: [Function (anonymous)] },
2314 silly tar     _eventsCount: 1,
2314 silly tar     _maxListeners: undefined,
2314 silly tar     writable: false,
2314 silly tar     readable: true,
2314 silly tar     extended: null,
2314 silly tar     globalExtended: null,
2314 silly tar     header: Header {
2314 silly tar       cksumValid: true,
2314 silly tar       needPax: false,
2314 silly tar       nullBlock: false,
2314 silly tar       block: null,
2314 silly tar       path: 'package/ReactCommon/react/renderer/textlayoutmanager/platform/ios/react/renderer/textlayoutmanager/RCTFontUtils.h',
2314 silly tar       mode: 420,
2314 silly tar       uid: null,
2314 silly tar       gid: null,
2314 silly tar       size: 471,
2314 silly tar       mtime: 1985-10-26T08:15:00.000Z,
2314 silly tar       cksum: 14247,
2314 silly tar       linkpath: '',
2314 silly tar       uname: '',
2314 silly tar       gname: '',
2314 silly tar       devmaj: 0,
2314 silly tar       devmin: 0,
2314 silly tar       atime: null,
2314 silly tar       ctime: null,
2314 silly tar       [Symbol(type)]: '0'
2314 silly tar     },
2314 silly tar     startBlockSize: 512,
2314 silly tar     blockRemain: 0,
2314 silly tar     remain: 0,
2314 silly tar     type: 'File',
2314 silly tar     meta: false,
2314 silly tar     ignore: false,
2314 silly tar     path: 'ReactCommon/react/renderer/textlayoutmanager/platform/ios/react/renderer/textlayoutmanager/RCTFontUtils.h',
2314 silly tar     mode: 438,
2314 silly tar     uid: null,
2314 silly tar     gid: null,
2314 silly tar     uname: '',
2314 silly tar     gname: '',
2314 silly tar     size: 471,
2314 silly tar     mtime: 1985-10-26T08:15:00.000Z,
2314 silly tar     atime: null,
2314 silly tar     ctime: null,
2314 silly tar     linkpath: '',
2314 silly tar     absolute: 'C:/Users/Ansi/Desktop/FixNow/node_modules/react-native/ReactCommon/react/renderer/textlayoutmanager/platform/ios/react/renderer/textlayoutmanager/RCTFontUtils.h',
2314 silly tar     [Symbol(shapeMode)]: false,
2314 silly tar     [Symbol(kCapture)]: false,
2314 silly tar     [Symbol(flowing)]: false,
2314 silly tar     [Symbol(paused)]: true,
2314 silly tar     [Symbol(pipes)]: [],
2314 silly tar     [Symbol(buffer)]: [
2314 silly tar       <Buffer 2f 2a 0a 20 2a 20 43 6f 70 79 72 69 67 68 74 20 28 63 29 20 4d 65 74 61 20 50 6c 61 74 66 6f 72 6d 73 2c 20 49 6e 63 2e 20 61 6e 64 20 61 66 66 69 6c ... 421 more bytes>
2314 silly tar     ],
2314 silly tar     [Symbol(objectMode)]: false,
2314 silly tar     [Symbol(encoding)]: null,
2314 silly tar     [Symbol(async)]: false,
2314 silly tar     [Symbol(decoder)]: null,
2314 silly tar     [Symbol(EOF)]: true,
2314 silly tar     [Symbol(emittedEnd)]: false,
2314 silly tar     [Symbol(emittingEnd)]: false,
2314 silly tar     [Symbol(closed)]: false,
2314 silly tar     [Symbol(emittedError)]: null,
2314 silly tar     [Symbol(bufferLength)]: 471,
2314 silly tar     [Symbol(destroyed)]: false,
2314 silly tar     [Symbol(signal)]: undefined,
2314 silly tar     [Symbol(aborted)]: false
2314 silly tar   },
2314 silly tar   cwd: 'C:/Users/Ansi/Desktop/FixNow/node_modules/react-native',
2314 silly tar   tarCode: 'TAR_ENTRY_ERROR'
2314 silly tar }
2315 warn tar TAR_ENTRY_ERROR ENOENT: no such file or directory, open 'C:\Users\Ansi\Desktop\FixNow\node_modules\react-native\ReactCommon\react\renderer\imagemanager\platform\ios\react\renderer\imagemanager\RCTImageManager.h'
2316 silly tar TAR_ENTRY_ERROR ENOENT: no such file or directory, open 'C:\Users\Ansi\Desktop\FixNow\node_modules\react-native\ReactCommon\react\renderer\imagemanager\platform\ios\react\renderer\imagemanager\RCTImageManager.h' [Error: ENOENT: no such file or directory, open 'C:\Users\Ansi\Desktop\FixNow\node_modules\react-native\ReactCommon\react\renderer\imagemanager\platform\ios\react\renderer\imagemanager\RCTImageManager.h'] {
2316 silly tar   errno: -4058,
2316 silly tar   code: 'ENOENT',
2316 silly tar   syscall: 'open',
2316 silly tar   path: 'C:\\Users\\Ansi\\Desktop\\FixNow\\node_modules\\react-native\\ReactCommon\\react\\renderer\\imagemanager\\platform\\ios\\react\\renderer\\imagemanager\\RCTImageManager.h',
2316 silly tar   entry: ReadEntry {
2316 silly tar     _events: [Object: null prototype] {},
2316 silly tar     _eventsCount: 0,
2316 silly tar     _maxListeners: undefined,
2316 silly tar     writable: false,
2316 silly tar     readable: false,
2316 silly tar     extended: null,
2316 silly tar     globalExtended: null,
2316 silly tar     header: Header {
2316 silly tar       cksumValid: true,
2316 silly tar       needPax: false,
2316 silly tar       nullBlock: false,
2316 silly tar       block: null,
2316 silly tar       path: 'package/ReactCommon/react/renderer/imagemanager/platform/ios/react/renderer/imagemanager/RCTImageManager.h',
2316 silly tar       mode: 420,
2316 silly tar       uid: null,
2316 silly tar       gid: null,
2316 silly tar       size: 726,
2316 silly tar       mtime: 1985-10-26T08:15:00.000Z,
2316 silly tar       cksum: 13273,
2316 silly tar       linkpath: '',
2316 silly tar       uname: '',
2316 silly tar       gname: '',
2316 silly tar       devmaj: 0,
2316 silly tar       devmin: 0,
2316 silly tar       atime: null,
2316 silly tar       ctime: null,
2316 silly tar       [Symbol(type)]: '0'
2316 silly tar     },
2316 silly tar     startBlockSize: 1024,
2316 silly tar     blockRemain: 0,
2316 silly tar     remain: 0,
2316 silly tar     type: 'File',
2316 silly tar     meta: false,
2316 silly tar     ignore: false,
2316 silly tar     path: 'ReactCommon/react/renderer/imagemanager/platform/ios/react/renderer/imagemanager/RCTImageManager.h',
2316 silly tar     mode: 438,
2316 silly tar     uid: null,
2316 silly tar     gid: null,
2316 silly tar     uname: '',
2316 silly tar     gname: '',
2316 silly tar     size: 726,
2316 silly tar     mtime: 1985-10-26T08:15:00.000Z,
2316 silly tar     atime: null,
2316 silly tar     ctime: null,
2316 silly tar     linkpath: '',
2316 silly tar     absolute: 'C:/Users/Ansi/Desktop/FixNow/node_modules/react-native/ReactCommon/react/renderer/imagemanager/platform/ios/react/renderer/imagemanager/RCTImageManager.h',
2316 silly tar     [Symbol(shapeMode)]: false,
2316 silly tar     [Symbol(kCapture)]: false,
2316 silly tar     [Symbol(flowing)]: false,
2316 silly tar     [Symbol(paused)]: true,
2316 silly tar     [Symbol(pipes)]: [ [Pipe] ],
2316 silly tar     [Symbol(buffer)]: [],
2316 silly tar     [Symbol(objectMode)]: false,
2316 silly tar     [Symbol(encoding)]: null,
2316 silly tar     [Symbol(async)]: false,
2316 silly tar     [Symbol(decoder)]: null,
2316 silly tar     [Symbol(EOF)]: true,
2316 silly tar     [Symbol(emittedEnd)]: true,
2316 silly tar     [Symbol(emittingEnd)]: false,
2316 silly tar     [Symbol(closed)]: false,
2316 silly tar     [Symbol(emittedError)]: null,
2316 silly tar     [Symbol(bufferLength)]: 0,
2316 silly tar     [Symbol(destroyed)]: false,
2316 silly tar     [Symbol(signal)]: undefined,
2316 silly tar     [Symbol(aborted)]: false
2316 silly tar   },
2316 silly tar   cwd: 'C:/Users/Ansi/Desktop/FixNow/node_modules/react-native',
2316 silly tar   tarCode: 'TAR_ENTRY_ERROR'
2316 silly tar }
2317 warn tar TAR_ENTRY_ERROR ENOENT: no such file or directory, open 'C:\Users\Ansi\Desktop\FixNow\node_modules\react-native\ReactCommon\react\renderer\imagemanager\platform\ios\react\renderer\imagemanager\RCTImageManagerProtocol.h'
2318 silly tar TAR_ENTRY_ERROR ENOENT: no such file or directory, open 'C:\Users\Ansi\Desktop\FixNow\node_modules\react-native\ReactCommon\react\renderer\imagemanager\platform\ios\react\renderer\imagemanager\RCTImageManagerProtocol.h' [Error: ENOENT: no such file or directory, open 'C:\Users\Ansi\Desktop\FixNow\node_modules\react-native\ReactCommon\react\renderer\imagemanager\platform\ios\react\renderer\imagemanager\RCTImageManagerProtocol.h'] {
2318 silly tar   errno: -4058,
2318 silly tar   code: 'ENOENT',
2318 silly tar   syscall: 'open',
2318 silly tar   path: 'C:\\Users\\Ansi\\Desktop\\FixNow\\node_modules\\react-native\\ReactCommon\\react\\renderer\\imagemanager\\platform\\ios\\react\\renderer\\imagemanager\\RCTImageManagerProtocol.h',
2318 silly tar   entry: ReadEntry {
2318 silly tar     _events: [Object: null prototype] {},
2318 silly tar     _eventsCount: 0,
2318 silly tar     _maxListeners: undefined,
2318 silly tar     writable: false,
2318 silly tar     readable: false,
2318 silly tar     extended: null,
2318 silly tar     globalExtended: null,
2318 silly tar     header: Header {
2318 silly tar       cksumValid: true,
2318 silly tar       needPax: false,
2318 silly tar       nullBlock: false,
2318 silly tar       block: null,
2318 silly tar       path: 'package/ReactCommon/react/renderer/imagemanager/platform/ios/react/renderer/imagemanager/RCTImageManagerProtocol.h',
2318 silly tar       mode: 420,
2318 silly tar       uid: null,
2318 silly tar       gid: null,
2318 silly tar       size: 551,
2318 silly tar       mtime: 1985-10-26T08:15:00.000Z,
2318 silly tar       cksum: 14123,
2318 silly tar       linkpath: '',
2318 silly tar       uname: '',
2318 silly tar       gname: '',
2318 silly tar       devmaj: 0,
2318 silly tar       devmin: 0,
2318 silly tar       atime: null,
2318 silly tar       ctime: null,
2318 silly tar       [Symbol(type)]: '0'
2318 silly tar     },
2318 silly tar     startBlockSize: 1024,
2318 silly tar     blockRemain: 0,
2318 silly tar     remain: 0,
2318 silly tar     type: 'File',
2318 silly tar     meta: false,
2318 silly tar     ignore: false,
2318 silly tar     path: 'ReactCommon/react/renderer/imagemanager/platform/ios/react/renderer/imagemanager/RCTImageManagerProtocol.h',
2318 silly tar     mode: 438,
2318 silly tar     uid: null,
2318 silly tar     gid: null,
2318 silly tar     uname: '',
2318 silly tar     gname: '',
2318 silly tar     size: 551,
2318 silly tar     mtime: 1985-10-26T08:15:00.000Z,
2318 silly tar     atime: null,
2318 silly tar     ctime: null,
2318 silly tar     linkpath: '',
2318 silly tar     absolute: 'C:/Users/Ansi/Desktop/FixNow/node_modules/react-native/ReactCommon/react/renderer/imagemanager/platform/ios/react/renderer/imagemanager/RCTImageManagerProtocol.h',
2318 silly tar     [Symbol(shapeMode)]: false,
2318 silly tar     [Symbol(kCapture)]: false,
2318 silly tar     [Symbol(flowing)]: false,
2318 silly tar     [Symbol(paused)]: true,
2318 silly tar     [Symbol(pipes)]: [ [Pipe] ],
2318 silly tar     [Symbol(buffer)]: [],
2318 silly tar     [Symbol(objectMode)]: false,
2318 silly tar     [Symbol(encoding)]: null,
2318 silly tar     [Symbol(async)]: false,
2318 silly tar     [Symbol(decoder)]: null,
2318 silly tar     [Symbol(EOF)]: true,
2318 silly tar     [Symbol(emittedEnd)]: true,
2318 silly tar     [Symbol(emittingEnd)]: false,
2318 silly tar     [Symbol(closed)]: false,
2318 silly tar     [Symbol(emittedError)]: null,
2318 silly tar     [Symbol(bufferLength)]: 0,
2318 silly tar     [Symbol(destroyed)]: false,
2318 silly tar     [Symbol(signal)]: undefined,
2318 silly tar     [Symbol(aborted)]: false
2318 silly tar   },
2318 silly tar   cwd: 'C:/Users/Ansi/Desktop/FixNow/node_modules/react-native',
2318 silly tar   tarCode: 'TAR_ENTRY_ERROR'
2318 silly tar }
2319 warn tar TAR_ENTRY_ERROR ENOENT: no such file or directory, open 'C:\Users\Ansi\Desktop\FixNow\node_modules\react-native\ReactCommon\react\renderer\imagemanager\platform\ios\react\renderer\imagemanager\RCTImagePrimitivesConversions.h'
2320 silly tar TAR_ENTRY_ERROR ENOENT: no such file or directory, open 'C:\Users\Ansi\Desktop\FixNow\node_modules\react-native\ReactCommon\react\renderer\imagemanager\platform\ios\react\renderer\imagemanager\RCTImagePrimitivesConversions.h' [Error: ENOENT: no such file or directory, open 'C:\Users\Ansi\Desktop\FixNow\node_modules\react-native\ReactCommon\react\renderer\imagemanager\platform\ios\react\renderer\imagemanager\RCTImagePrimitivesConversions.h'] {
2320 silly tar   errno: -4058,
2320 silly tar   code: 'ENOENT',
2320 silly tar   syscall: 'open',
2320 silly tar   path: 'C:\\Users\\Ansi\\Desktop\\FixNow\\node_modules\\react-native\\ReactCommon\\react\\renderer\\imagemanager\\platform\\ios\\react\\renderer\\imagemanager\\RCTImagePrimitivesConversions.h',
2320 silly tar   entry: ReadEntry {
2320 silly tar     _events: [Object: null prototype] {},
2320 silly tar     _eventsCount: 0,
2320 silly tar     _maxListeners: undefined,
2320 silly tar     writable: false,
2320 silly tar     readable: false,
2320 silly tar     extended: null,
2320 silly tar     globalExtended: null,
2320 silly tar     header: Header {
2320 silly tar       cksumValid: true,
2320 silly tar       needPax: false,
2320 silly tar       nullBlock: false,
2320 silly tar       block: null,
2320 silly tar       path: 'package/ReactCommon/react/renderer/imagemanager/platform/ios/react/renderer/imagemanager/RCTImagePrimitivesConversions.h',
2320 silly tar       mode: 420,
2320 silly tar       uid: null,
2320 silly tar       gid: null,
2320 silly tar       size: 5173,
2320 silly tar       mtime: 1985-10-26T08:15:00.000Z,
2320 silly tar       cksum: 14821,
2320 silly tar       linkpath: '',
2320 silly tar       uname: '',
2320 silly tar       gname: '',
2320 silly tar       devmaj: 0,
2320 silly tar       devmin: 0,
2320 silly tar       atime: null,
2320 silly tar       ctime: null,
2320 silly tar       [Symbol(type)]: '0'
2320 silly tar     },
2320 silly tar     startBlockSize: 5632,
2320 silly tar     blockRemain: 0,
2320 silly tar     remain: 0,
2320 silly tar     type: 'File',
2320 silly tar     meta: false,
2320 silly tar     ignore: false,
2320 silly tar     path: 'ReactCommon/react/renderer/imagemanager/platform/ios/react/renderer/imagemanager/RCTImagePrimitivesConversions.h',
2320 silly tar     mode: 438,
2320 silly tar     uid: null,
2320 silly tar     gid: null,
2320 silly tar     uname: '',
2320 silly tar     gname: '',
2320 silly tar     size: 5173,
2320 silly tar     mtime: 1985-10-26T08:15:00.000Z,
2320 silly tar     atime: null,
2320 silly tar     ctime: null,
2320 silly tar     linkpath: '',
2320 silly tar     absolute: 'C:/Users/Ansi/Desktop/FixNow/node_modules/react-native/ReactCommon/react/renderer/imagemanager/platform/ios/react/renderer/imagemanager/RCTImagePrimitivesConversions.h',
2320 silly tar     [Symbol(shapeMode)]: false,
2320 silly tar     [Symbol(kCapture)]: false,
2320 silly tar     [Symbol(flowing)]: false,
2320 silly tar     [Symbol(paused)]: true,
2320 silly tar     [Symbol(pipes)]: [ [Pipe] ],
2320 silly tar     [Symbol(buffer)]: [],
2320 silly tar     [Symbol(objectMode)]: false,
2320 silly tar     [Symbol(encoding)]: null,
2320 silly tar     [Symbol(async)]: false,
2320 silly tar     [Symbol(decoder)]: null,
2320 silly tar     [Symbol(EOF)]: true,
2320 silly tar     [Symbol(emittedEnd)]: true,
2320 silly tar     [Symbol(emittingEnd)]: false,
2320 silly tar     [Symbol(closed)]: false,
2320 silly tar     [Symbol(emittedError)]: null,
2320 silly tar     [Symbol(bufferLength)]: 0,
2320 silly tar     [Symbol(destroyed)]: false,
2320 silly tar     [Symbol(signal)]: undefined,
2320 silly tar     [Symbol(aborted)]: false
2320 silly tar   },
2320 silly tar   cwd: 'C:/Users/Ansi/Desktop/FixNow/node_modules/react-native',
2320 silly tar   tarCode: 'TAR_ENTRY_ERROR'
2320 silly tar }
2321 warn tar TAR_ENTRY_ERROR ENOENT: no such file or directory, open 'C:\Users\Ansi\Desktop\FixNow\node_modules\react-native\ReactCommon\react\renderer\components\legacyviewmanagerinterop\RCTLegacyViewManagerInteropCoordinator.h'
2322 silly tar TAR_ENTRY_ERROR ENOENT: no such file or directory, open 'C:\Users\Ansi\Desktop\FixNow\node_modules\react-native\ReactCommon\react\renderer\components\legacyviewmanagerinterop\RCTLegacyViewManagerInteropCoordinator.h' [Error: ENOENT: no such file or directory, open 'C:\Users\Ansi\Desktop\FixNow\node_modules\react-native\ReactCommon\react\renderer\components\legacyviewmanagerinterop\RCTLegacyViewManagerInteropCoordinator.h'] {
2322 silly tar   errno: -4058,
2322 silly tar   code: 'ENOENT',
2322 silly tar   syscall: 'open',
2322 silly tar   path: 'C:\\Users\\Ansi\\Desktop\\FixNow\\node_modules\\react-native\\ReactCommon\\react\\renderer\\components\\legacyviewmanagerinterop\\RCTLegacyViewManagerInteropCoordinator.h',
2322 silly tar   entry: ReadEntry {
2322 silly tar     _events: [Object: null prototype] {},
2322 silly tar     _eventsCount: 0,
2322 silly tar     _maxListeners: undefined,
2322 silly tar     writable: false,
2322 silly tar     readable: false,
2322 silly tar     extended: null,
2322 silly tar     globalExtended: null,
2322 silly tar     header: Header {
2322 silly tar       cksumValid: true,
2322 silly tar       needPax: false,
2322 silly tar       nullBlock: false,
2322 silly tar       block: null,
2322 silly tar       path: 'package/ReactCommon/react/renderer/components/legacyviewmanagerinterop/RCTLegacyViewManagerInteropCoordinator.h',
2322 silly tar       mode: 420,
2322 silly tar       uid: null,
2322 silly tar       gid: null,
2322 silly tar       size: 1342,
2322 silly tar       mtime: 1985-10-26T08:15:00.000Z,
2322 silly tar       cksum: 14102,
2322 silly tar       linkpath: '',
2322 silly tar       uname: '',
2322 silly tar       gname: '',
2322 silly tar       devmaj: 0,
2322 silly tar       devmin: 0,
2322 silly tar       atime: null,
2322 silly tar       ctime: null,
2322 silly tar       [Symbol(type)]: '0'
2322 silly tar     },
2322 silly tar     startBlockSize: 1536,
2322 silly tar     blockRemain: 0,
2322 silly tar     remain: 0,
2322 silly tar     type: 'File',
2322 silly tar     meta: false,
2322 silly tar     ignore: false,
2322 silly tar     path: 'ReactCommon/react/renderer/components/legacyviewmanagerinterop/RCTLegacyViewManagerInteropCoordinator.h',
2322 silly tar     mode: 438,
2322 silly tar     uid: null,
2322 silly tar     gid: null,
2322 silly tar     uname: '',
2322 silly tar     gname: '',
2322 silly tar     size: 1342,
2322 silly tar     mtime: 1985-10-26T08:15:00.000Z,
2322 silly tar     atime: null,
2322 silly tar     ctime: null,
2322 silly tar     linkpath: '',
2322 silly tar     absolute: 'C:/Users/Ansi/Desktop/FixNow/node_modules/react-native/ReactCommon/react/renderer/components/legacyviewmanagerinterop/RCTLegacyViewManagerInteropCoordinator.h',
2322 silly tar     [Symbol(shapeMode)]: false,
2322 silly tar     [Symbol(kCapture)]: false,
2322 silly tar     [Symbol(flowing)]: false,
2322 silly tar     [Symbol(paused)]: true,
2322 silly tar     [Symbol(pipes)]: [ [Pipe] ],
2322 silly tar     [Symbol(buffer)]: [],
2322 silly tar     [Symbol(objectMode)]: false,
2322 silly tar     [Symbol(encoding)]: null,
2322 silly tar     [Symbol(async)]: false,
2322 silly tar     [Symbol(decoder)]: null,
2322 silly tar     [Symbol(EOF)]: true,
2322 silly tar     [Symbol(emittedEnd)]: true,
2322 silly tar     [Symbol(emittingEnd)]: false,
2322 silly tar     [Symbol(closed)]: false,
2322 silly tar     [Symbol(emittedError)]: null,
2322 silly tar     [Symbol(bufferLength)]: 0,
2322 silly tar     [Symbol(destroyed)]: false,
2322 silly tar     [Symbol(signal)]: undefined,
2322 silly tar     [Symbol(aborted)]: false
2322 silly tar   },
2322 silly tar   cwd: 'C:/Users/Ansi/Desktop/FixNow/node_modules/react-native',
2322 silly tar   tarCode: 'TAR_ENTRY_ERROR'
2322 silly tar }
2323 warn tar TAR_ENTRY_ERROR ENOENT: no such file or directory, open 'C:\Users\Ansi\Desktop\FixNow\node_modules\react-native\ReactCommon\react\renderer\graphics\platform\ios\react\renderer\graphics\RCTPlatformColorUtils.h'
2324 silly tar TAR_ENTRY_ERROR ENOENT: no such file or directory, open 'C:\Users\Ansi\Desktop\FixNow\node_modules\react-native\ReactCommon\react\renderer\graphics\platform\ios\react\renderer\graphics\RCTPlatformColorUtils.h' [Error: ENOENT: no such file or directory, open 'C:\Users\Ansi\Desktop\FixNow\node_modules\react-native\ReactCommon\react\renderer\graphics\platform\ios\react\renderer\graphics\RCTPlatformColorUtils.h'] {
2324 silly tar   errno: -4058,
2324 silly tar   code: 'ENOENT',
2324 silly tar   syscall: 'open',
2324 silly tar   path: 'C:\\Users\\Ansi\\Desktop\\FixNow\\node_modules\\react-native\\ReactCommon\\react\\renderer\\graphics\\platform\\ios\\react\\renderer\\graphics\\RCTPlatformColorUtils.h',
2324 silly tar   entry: ReadEntry {
2324 silly tar     _events: [Object: null prototype] {},
2324 silly tar     _eventsCount: 0,
2324 silly tar     _maxListeners: undefined,
2324 silly tar     writable: false,
2324 silly tar     readable: false,
2324 silly tar     extended: null,
2324 silly tar     globalExtended: null,
2324 silly tar     header: Header {
2324 silly tar       cksumValid: true,
2324 silly tar       needPax: false,
2324 silly tar       nullBlock: false,
2324 silly tar       block: null,
2324 silly tar       path: 'package/ReactCommon/react/renderer/graphics/platform/ios/react/renderer/graphics/RCTPlatformColorUtils.h',
2324 silly tar       mode: 420,
2324 silly tar       uid: null,
2324 silly tar       gid: null,
2324 silly tar       size: 632,
2324 silly tar       mtime: 1985-10-26T08:15:00.000Z,
2324 silly tar       cksum: 13171,
2324 silly tar       linkpath: '',
2324 silly tar       uname: '',
2324 silly tar       gname: '',
2324 silly tar       devmaj: 0,
2324 silly tar       devmin: 0,
2324 silly tar       atime: null,
2324 silly tar       ctime: null,
2324 silly tar       [Symbol(type)]: '0'
2324 silly tar     },
2324 silly tar     startBlockSize: 1024,
2324 silly tar     blockRemain: 0,
2324 silly tar     remain: 0,
2324 silly tar     type: 'File',
2324 silly tar     meta: false,
2324 silly tar     ignore: false,
2324 silly tar     path: 'ReactCommon/react/renderer/graphics/platform/ios/react/renderer/graphics/RCTPlatformColorUtils.h',
2324 silly tar     mode: 438,
2324 silly tar     uid: null,
2324 silly tar     gid: null,
2324 silly tar     uname: '',
2324 silly tar     gname: '',
2324 silly tar     size: 632,
2324 silly tar     mtime: 1985-10-26T08:15:00.000Z,
2324 silly tar     atime: null,
2324 silly tar     ctime: null,
2324 silly tar     linkpath: '',
2324 silly tar     absolute: 'C:/Users/Ansi/Desktop/FixNow/node_modules/react-native/ReactCommon/react/renderer/graphics/platform/ios/react/renderer/graphics/RCTPlatformColorUtils.h',
2324 silly tar     [Symbol(shapeMode)]: false,
2324 silly tar     [Symbol(kCapture)]: false,
2324 silly tar     [Symbol(flowing)]: false,
2324 silly tar     [Symbol(paused)]: true,
2324 silly tar     [Symbol(pipes)]: [ [Pipe] ],
2324 silly tar     [Symbol(buffer)]: [],
2324 silly tar     [Symbol(objectMode)]: false,
2324 silly tar     [Symbol(encoding)]: null,
2324 silly tar     [Symbol(async)]: false,
2324 silly tar     [Symbol(decoder)]: null,
2324 silly tar     [Symbol(EOF)]: true,
2324 silly tar     [Symbol(emittedEnd)]: true,
2324 silly tar     [Symbol(emittingEnd)]: false,
2324 silly tar     [Symbol(closed)]: false,
2324 silly tar     [Symbol(emittedError)]: null,
2324 silly tar     [Symbol(bufferLength)]: 0,
2324 silly tar     [Symbol(destroyed)]: false,
2324 silly tar     [Symbol(signal)]: undefined,
2324 silly tar     [Symbol(aborted)]: false
2324 silly tar   },
2324 silly tar   cwd: 'C:/Users/Ansi/Desktop/FixNow/node_modules/react-native',
2324 silly tar   tarCode: 'TAR_ENTRY_ERROR'
2324 silly tar }
2325 warn tar TAR_ENTRY_ERROR ENOENT: no such file or directory, open 'C:\Users\Ansi\Desktop\FixNow\node_modules\react-native\ReactCommon\runtimeexecutor\platform\cxx\ReactCommon\RuntimeExecutorSyncUIThreadUtils.h'
2326 silly tar TAR_ENTRY_ERROR ENOENT: no such file or directory, open 'C:\Users\Ansi\Desktop\FixNow\node_modules\react-native\ReactCommon\runtimeexecutor\platform\cxx\ReactCommon\RuntimeExecutorSyncUIThreadUtils.h' [Error: ENOENT: no such file or directory, open 'C:\Users\Ansi\Desktop\FixNow\node_modules\react-native\ReactCommon\runtimeexecutor\platform\cxx\ReactCommon\RuntimeExecutorSyncUIThreadUtils.h'] {
2326 silly tar   errno: -4058,
2326 silly tar   code: 'ENOENT',
2326 silly tar   syscall: 'open',
2326 silly tar   path: 'C:\\Users\\Ansi\\Desktop\\FixNow\\node_modules\\react-native\\ReactCommon\\runtimeexecutor\\platform\\cxx\\ReactCommon\\RuntimeExecutorSyncUIThreadUtils.h',
2326 silly tar   entry: ReadEntry {
2326 silly tar     _events: [Object: null prototype] {},
2326 silly tar     _eventsCount: 0,
2326 silly tar     _maxListeners: undefined,
2326 silly tar     writable: false,
2326 silly tar     readable: false,
2326 silly tar     extended: null,
2326 silly tar     globalExtended: null,
2326 silly tar     header: Header {
2326 silly tar       cksumValid: true,
2326 silly tar       needPax: false,
2326 silly tar       nullBlock: false,
2326 silly tar       block: null,
2326 silly tar       path: 'package/ReactCommon/runtimeexecutor/platform/cxx/ReactCommon/RuntimeExecutorSyncUIThreadUtils.h',
2326 silly tar       mode: 420,
2326 silly tar       uid: null,
2326 silly tar       gid: null,
2326 silly tar       size: 978,
2326 silly tar       mtime: 1985-10-26T08:15:00.000Z,
2326 silly tar       cksum: 12519,
2326 silly tar       linkpath: '',
2326 silly tar       uname: '',
2326 silly tar       gname: '',
2326 silly tar       devmaj: 0,
2326 silly tar       devmin: 0,
2326 silly tar       atime: null,
2326 silly tar       ctime: null,
2326 silly tar       [Symbol(type)]: '0'
2326 silly tar     },
2326 silly tar     startBlockSize: 1024,
2326 silly tar     blockRemain: 0,
2326 silly tar     remain: 0,
2326 silly tar     type: 'File',
2326 silly tar     meta: false,
2326 silly tar     ignore: false,
2326 silly tar     path: 'ReactCommon/runtimeexecutor/platform/cxx/ReactCommon/RuntimeExecutorSyncUIThreadUtils.h',
2326 silly tar     mode: 438,
2326 silly tar     uid: null,
2326 silly tar     gid: null,
2326 silly tar     uname: '',
2326 silly tar     gname: '',
2326 silly tar     size: 978,
2326 silly tar     mtime: 1985-10-26T08:15:00.000Z,
2326 silly tar     atime: null,
2326 silly tar     ctime: null,
2326 silly tar     linkpath: '',
2326 silly tar     absolute: 'C:/Users/Ansi/Desktop/FixNow/node_modules/react-native/ReactCommon/runtimeexecutor/platform/cxx/ReactCommon/RuntimeExecutorSyncUIThreadUtils.h',
2326 silly tar     [Symbol(shapeMode)]: false,
2326 silly tar     [Symbol(kCapture)]: false,
2326 silly tar     [Symbol(flowing)]: false,
2326 silly tar     [Symbol(paused)]: true,
2326 silly tar     [Symbol(pipes)]: [ [Pipe] ],
2326 silly tar     [Symbol(buffer)]: [],
2326 silly tar     [Symbol(objectMode)]: false,
2326 silly tar     [Symbol(encoding)]: null,
2326 silly tar     [Symbol(async)]: false,
2326 silly tar     [Symbol(decoder)]: null,
2326 silly tar     [Symbol(EOF)]: true,
2326 silly tar     [Symbol(emittedEnd)]: true,
2326 silly tar     [Symbol(emittingEnd)]: false,
2326 silly tar     [Symbol(closed)]: false,
2326 silly tar     [Symbol(emittedError)]: null,
2326 silly tar     [Symbol(bufferLength)]: 0,
2326 silly tar     [Symbol(destroyed)]: false,
2326 silly tar     [Symbol(signal)]: undefined,
2326 silly tar     [Symbol(aborted)]: false
2326 silly tar   },
2326 silly tar   cwd: 'C:/Users/Ansi/Desktop/FixNow/node_modules/react-native',
2326 silly tar   tarCode: 'TAR_ENTRY_ERROR'
2326 silly tar }
2327 warn tar TAR_ENTRY_ERROR ENOENT: no such file or directory, open 'C:\Users\Ansi\Desktop\FixNow\node_modules\react-native\ReactCommon\jsinspector-modern\tracing\RuntimeSamplingProfile.h'
2328 silly tar TAR_ENTRY_ERROR ENOENT: no such file or directory, open 'C:\Users\Ansi\Desktop\FixNow\node_modules\react-native\ReactCommon\jsinspector-modern\tracing\RuntimeSamplingProfile.h' [Error: ENOENT: no such file or directory, open 'C:\Users\Ansi\Desktop\FixNow\node_modules\react-native\ReactCommon\jsinspector-modern\tracing\RuntimeSamplingProfile.h'] {
2328 silly tar   errno: -4058,
2328 silly tar   code: 'ENOENT',
2328 silly tar   syscall: 'open',
2328 silly tar   path: 'C:\\Users\\Ansi\\Desktop\\FixNow\\node_modules\\react-native\\ReactCommon\\jsinspector-modern\\tracing\\RuntimeSamplingProfile.h',
2328 silly tar   entry: ReadEntry {
2328 silly tar     _events: [Object: null prototype] {},
2328 silly tar     _eventsCount: 0,
2328 silly tar     _maxListeners: undefined,
2328 silly tar     writable: false,
2328 silly tar     readable: false,
2328 silly tar     extended: null,
2328 silly tar     globalExtended: null,
2328 silly tar     header: Header {
2328 silly tar       cksumValid: true,
2328 silly tar       needPax: false,
2328 silly tar       nullBlock: false,
2328 silly tar       block: null,
2328 silly tar       path: 'package/ReactCommon/jsinspector-modern/tracing/RuntimeSamplingProfile.h',
2328 silly tar       mode: 420,
2328 silly tar       uid: null,
2328 silly tar       gid: null,
2328 silly tar       size: 6271,
2328 silly tar       mtime: 1985-10-26T08:15:00.000Z,
2328 silly tar       cksum: 10101,
2328 silly tar       linkpath: '',
2328 silly tar       uname: '',
2328 silly tar       gname: '',
2328 silly tar       devmaj: 0,
2328 silly tar       devmin: 0,
2328 silly tar       atime: null,
2328 silly tar       ctime: null,
2328 silly tar       [Symbol(type)]: '0'
2328 silly tar     },
2328 silly tar     startBlockSize: 6656,
2328 silly tar     blockRemain: 0,
2328 silly tar     remain: 0,
2328 silly tar     type: 'File',
2328 silly tar     meta: false,
2328 silly tar     ignore: false,
2328 silly tar     path: 'ReactCommon/jsinspector-modern/tracing/RuntimeSamplingProfile.h',
2328 silly tar     mode: 438,
2328 silly tar     uid: null,
2328 silly tar     gid: null,
2328 silly tar     uname: '',
2328 silly tar     gname: '',
2328 silly tar     size: 6271,
2328 silly tar     mtime: 1985-10-26T08:15:00.000Z,
2328 silly tar     atime: null,
2328 silly tar     ctime: null,
2328 silly tar     linkpath: '',
2328 silly tar     absolute: 'C:/Users/Ansi/Desktop/FixNow/node_modules/react-native/ReactCommon/jsinspector-modern/tracing/RuntimeSamplingProfile.h',
2328 silly tar     [Symbol(shapeMode)]: false,
2328 silly tar     [Symbol(kCapture)]: false,
2328 silly tar     [Symbol(flowing)]: false,
2328 silly tar     [Symbol(paused)]: true,
2328 silly tar     [Symbol(pipes)]: [ [Pipe] ],
2328 silly tar     [Symbol(buffer)]: [],
2328 silly tar     [Symbol(objectMode)]: false,
2328 silly tar     [Symbol(encoding)]: null,
2328 silly tar     [Symbol(async)]: false,
2328 silly tar     [Symbol(decoder)]: null,
2328 silly tar     [Symbol(EOF)]: true,
2328 silly tar     [Symbol(emittedEnd)]: true,
2328 silly tar     [Symbol(emittingEnd)]: false,
2328 silly tar     [Symbol(closed)]: false,
2328 silly tar     [Symbol(emittedError)]: null,
2328 silly tar     [Symbol(bufferLength)]: 0,
2328 silly tar     [Symbol(destroyed)]: false,
2328 silly tar     [Symbol(signal)]: undefined,
2328 silly tar     [Symbol(aborted)]: false
2328 silly tar   },
2328 silly tar   cwd: 'C:/Users/Ansi/Desktop/FixNow/node_modules/react-native',
2328 silly tar   tarCode: 'TAR_ENTRY_ERROR'
2328 silly tar }
2329 warn tar TAR_ENTRY_ERROR ENOENT: no such file or directory, open 'C:\Users\Ansi\Desktop\FixNow\node_modules\react-native\ReactCommon\jsinspector-modern\tracing\RuntimeSamplingProfileTraceEventSerializer.h'
2330 silly tar TAR_ENTRY_ERROR ENOENT: no such file or directory, open 'C:\Users\Ansi\Desktop\FixNow\node_modules\react-native\ReactCommon\jsinspector-modern\tracing\RuntimeSamplingProfileTraceEventSerializer.h' [Error: ENOENT: no such file or directory, open 'C:\Users\Ansi\Desktop\FixNow\node_modules\react-native\ReactCommon\jsinspector-modern\tracing\RuntimeSamplingProfileTraceEventSerializer.h'] {
2330 silly tar   errno: -4058,
2330 silly tar   code: 'ENOENT',
2330 silly tar   syscall: 'open',
2330 silly tar   path: 'C:\\Users\\Ansi\\Desktop\\FixNow\\node_modules\\react-native\\ReactCommon\\jsinspector-modern\\tracing\\RuntimeSamplingProfileTraceEventSerializer.h',
2330 silly tar   entry: ReadEntry {
2330 silly tar     _events: [Object: null prototype] { end: [Function (anonymous)] },
2330 silly tar     _eventsCount: 1,
2330 silly tar     _maxListeners: undefined,
2330 silly tar     writable: false,
2330 silly tar     readable: true,
2330 silly tar     extended: null,
2330 silly tar     globalExtended: null,
2330 silly tar     header: Header {
2330 silly tar       cksumValid: true,
2330 silly tar       needPax: false,
2330 silly tar       nullBlock: false,
2330 silly tar       block: null,
2330 silly tar       path: 'package/ReactCommon/jsinspector-modern/tracing/RuntimeSamplingProfileTraceEventSerializer.h',
2330 silly tar       mode: 420,
2330 silly tar       uid: null,
2330 silly tar       gid: null,
2330 silly tar       size: 5351,
2330 silly tar       mtime: 1985-10-26T08:15:00.000Z,
2330 silly tar       cksum: 12157,
2330 silly tar       linkpath: '',
2330 silly tar       uname: '',
2330 silly tar       gname: '',
2330 silly tar       devmaj: 0,
2330 silly tar       devmin: 0,
2330 silly tar       atime: null,
2330 silly tar       ctime: null,
2330 silly tar       [Symbol(type)]: '0'
2330 silly tar     },
2330 silly tar     startBlockSize: 5632,
2330 silly tar     blockRemain: 0,
2330 silly tar     remain: 0,
2330 silly tar     type: 'File',
2330 silly tar     meta: false,
2330 silly tar     ignore: false,
2330 silly tar     path: 'ReactCommon/jsinspector-modern/tracing/RuntimeSamplingProfileTraceEventSerializer.h',
2330 silly tar     mode: 438,
2330 silly tar     uid: null,
2330 silly tar     gid: null,
2330 silly tar     uname: '',
2330 silly tar     gname: '',
2330 silly tar     size: 5351,
2330 silly tar     mtime: 1985-10-26T08:15:00.000Z,
2330 silly tar     atime: null,
2330 silly tar     ctime: null,
2330 silly tar     linkpath: '',
2330 silly tar     absolute: 'C:/Users/Ansi/Desktop/FixNow/node_modules/react-native/ReactCommon/jsinspector-modern/tracing/RuntimeSamplingProfileTraceEventSerializer.h',
2330 silly tar     [Symbol(shapeMode)]: false,
2330 silly tar     [Symbol(kCapture)]: false,
2330 silly tar     [Symbol(flowing)]: false,
2330 silly tar     [Symbol(paused)]: true,
2330 silly tar     [Symbol(pipes)]: [ [Pipe] ],
2330 silly tar     [Symbol(buffer)]: [
2330 silly tar       <Buffer 6b 20 74 72 61 63 65 20 65 76 65 6e 74 2e 0a 20 20 20 2a 2f 0a 20 20 52 75 6e 74 69 6d 65 53 61 6d 70 6c 69 6e 67 50 72 6f 66 69 6c 65 54 72 61 63 65 ... 3443 more bytes>
2330 silly tar     ],
2330 silly tar     [Symbol(objectMode)]: false,
2330 silly tar     [Symbol(encoding)]: null,
2330 silly tar     [Symbol(async)]: false,
2330 silly tar     [Symbol(decoder)]: null,
2330 silly tar     [Symbol(EOF)]: true,
2330 silly tar     [Symbol(emittedEnd)]: false,
2330 silly tar     [Symbol(emittingEnd)]: false,
2330 silly tar     [Symbol(closed)]: false,
2330 silly tar     [Symbol(emittedError)]: null,
2330 silly tar     [Symbol(bufferLength)]: 3493,
2330 silly tar     [Symbol(destroyed)]: false,
2330 silly tar     [Symbol(signal)]: undefined,
2330 silly tar     [Symbol(aborted)]: false
2330 silly tar   },
2330 silly tar   cwd: 'C:/Users/Ansi/Desktop/FixNow/node_modules/react-native',
2330 silly tar   tarCode: 'TAR_ENTRY_ERROR'
2330 silly tar }
2331 warn tar TAR_ENTRY_ERROR ENOENT: no such file or directory, open 'C:\Users\Ansi\Desktop\FixNow\node_modules\react-native\React\FBReactNativeSpec\react\renderer\components\FBReactNativeSpec\ShadowNodes.h'
2332 silly tar TAR_ENTRY_ERROR ENOENT: no such file or directory, open 'C:\Users\Ansi\Desktop\FixNow\node_modules\react-native\React\FBReactNativeSpec\react\renderer\components\FBReactNativeSpec\ShadowNodes.h' [Error: ENOENT: no such file or directory, open 'C:\Users\Ansi\Desktop\FixNow\node_modules\react-native\React\FBReactNativeSpec\react\renderer\components\FBReactNativeSpec\ShadowNodes.h'] {
2332 silly tar   errno: -4058,
2332 silly tar   code: 'ENOENT',
2332 silly tar   syscall: 'open',
2332 silly tar   path: 'C:\\Users\\Ansi\\Desktop\\FixNow\\node_modules\\react-native\\React\\FBReactNativeSpec\\react\\renderer\\components\\FBReactNativeSpec\\ShadowNodes.h',
2332 silly tar   entry: ReadEntry {
2332 silly tar     _events: [Object: null prototype] { end: [Function (anonymous)] },
2332 silly tar     _eventsCount: 1,
2332 silly tar     _maxListeners: undefined,
2332 silly tar     writable: false,
2332 silly tar     readable: true,
2332 silly tar     extended: null,
2332 silly tar     globalExtended: null,
2332 silly tar     header: Header {
2332 silly tar       cksumValid: true,
2332 silly tar       needPax: false,
2332 silly tar       nullBlock: false,
2332 silly tar       block: null,
2332 silly tar       path: 'package/React/FBReactNativeSpec/react/renderer/components/FBReactNativeSpec/ShadowNodes.h',
2332 silly tar       mode: 420,
2332 silly tar       uid: null,
2332 silly tar       gid: null,
2332 silly tar       size: 2888,
2332 silly tar       mtime: 1985-10-26T08:15:00.000Z,
2332 silly tar       cksum: 11567,
2332 silly tar       linkpath: '',
2332 silly tar       uname: '',
2332 silly tar       gname: '',
2332 silly tar       devmaj: 0,
2332 silly tar       devmin: 0,
2332 silly tar       atime: null,
2332 silly tar       ctime: null,
2332 silly tar       [Symbol(type)]: '0'
2332 silly tar     },
2332 silly tar     startBlockSize: 3072,
2332 silly tar     blockRemain: 0,
2332 silly tar     remain: 0,
2332 silly tar     type: 'File',
2332 silly tar     meta: false,
2332 silly tar     ignore: false,
2332 silly tar     path: 'React/FBReactNativeSpec/react/renderer/components/FBReactNativeSpec/ShadowNodes.h',
2332 silly tar     mode: 438,
2332 silly tar     uid: null,
2332 silly tar     gid: null,
2332 silly tar     uname: '',
2332 silly tar     gname: '',
2332 silly tar     size: 2888,
2332 silly tar     mtime: 1985-10-26T08:15:00.000Z,
2332 silly tar     atime: null,
2332 silly tar     ctime: null,
2332 silly tar     linkpath: '',
2332 silly tar     absolute: 'C:/Users/Ansi/Desktop/FixNow/node_modules/react-native/React/FBReactNativeSpec/react/renderer/components/FBReactNativeSpec/ShadowNodes.h',
2332 silly tar     [Symbol(shapeMode)]: false,
2332 silly tar     [Symbol(kCapture)]: false,
2332 silly tar     [Symbol(flowing)]: false,
2332 silly tar     [Symbol(paused)]: true,
2332 silly tar     [Symbol(pipes)]: [ [Pipe] ],
2332 silly tar     [Symbol(buffer)]: [
2332 silly tar       <Buffer 64 65 20 3d 20 43 6f 6e 63 72 65 74 65 56 69 65 77 53 68 61 64 6f 77 4e 6f 64 65 3c 0a 20 20 20 20 50 75 6c 6c 54 6f 52 65 66 72 65 73 68 56 69 65 77 ... 726 more bytes>
2332 silly tar     ],
2332 silly tar     [Symbol(objectMode)]: false,
2332 silly tar     [Symbol(encoding)]: null,
2332 silly tar     [Symbol(async)]: false,
2332 silly tar     [Symbol(decoder)]: null,
2332 silly tar     [Symbol(EOF)]: true,
2332 silly tar     [Symbol(emittedEnd)]: false,
2332 silly tar     [Symbol(emittingEnd)]: false,
2332 silly tar     [Symbol(closed)]: false,
2332 silly tar     [Symbol(emittedError)]: null,
2332 silly tar     [Symbol(bufferLength)]: 776,
2332 silly tar     [Symbol(destroyed)]: false,
2332 silly tar     [Symbol(signal)]: undefined,
2332 silly tar     [Symbol(aborted)]: false
2332 silly tar   },
2332 silly tar   cwd: 'C:/Users/Ansi/Desktop/FixNow/node_modules/react-native',
2332 silly tar   tarCode: 'TAR_ENTRY_ERROR'
2332 silly tar }
2333 warn tar TAR_ENTRY_ERROR ENOENT: no such file or directory, open 'C:\Users\Ansi\Desktop\FixNow\node_modules\react-native\ReactCommon\react\renderer\mounting\internal\ShadowViewNodePair.h'
2334 silly tar TAR_ENTRY_ERROR ENOENT: no such file or directory, open 'C:\Users\Ansi\Desktop\FixNow\node_modules\react-native\ReactCommon\react\renderer\mounting\internal\ShadowViewNodePair.h' [Error: ENOENT: no such file or directory, open 'C:\Users\Ansi\Desktop\FixNow\node_modules\react-native\ReactCommon\react\renderer\mounting\internal\ShadowViewNodePair.h'] {
2334 silly tar   errno: -4058,
2334 silly tar   code: 'ENOENT',
2334 silly tar   syscall: 'open',
2334 silly tar   path: 'C:\\Users\\Ansi\\Desktop\\FixNow\\node_modules\\react-native\\ReactCommon\\react\\renderer\\mounting\\internal\\ShadowViewNodePair.h',
2334 silly tar   entry: ReadEntry {
2334 silly tar     _events: [Object: null prototype] {},
2334 silly tar     _eventsCount: 0,
2334 silly tar     _maxListeners: undefined,
2334 silly tar     writable: false,
2334 silly tar     readable: false,
2334 silly tar     extended: null,
2334 silly tar     globalExtended: null,
2334 silly tar     header: Header {
2334 silly tar       cksumValid: true,
2334 silly tar       needPax: false,
2334 silly tar       nullBlock: false,
2334 silly tar       block: null,
2334 silly tar       path: 'package/ReactCommon/react/renderer/mounting/internal/ShadowViewNodePair.h',
2334 silly tar       mode: 420,
2334 silly tar       uid: null,
2334 silly tar       gid: null,
2334 silly tar       size: 1587,
2334 silly tar       mtime: 1985-10-26T08:15:00.000Z,
2334 silly tar       cksum: 10196,
2334 silly tar       linkpath: '',
2334 silly tar       uname: '',
2334 silly tar       gname: '',
2334 silly tar       devmaj: 0,
2334 silly tar       devmin: 0,
2334 silly tar       atime: null,
2334 silly tar       ctime: null,
2334 silly tar       [Symbol(type)]: '0'
2334 silly tar     },
2334 silly tar     startBlockSize: 2048,
2334 silly tar     blockRemain: 0,
2334 silly tar     remain: 0,
2334 silly tar     type: 'File',
2334 silly tar     meta: false,
2334 silly tar     ignore: false,
2334 silly tar     path: 'ReactCommon/react/renderer/mounting/internal/ShadowViewNodePair.h',
2334 silly tar     mode: 438,
2334 silly tar     uid: null,
2334 silly tar     gid: null,
2334 silly tar     uname: '',
2334 silly tar     gname: '',
2334 silly tar     size: 1587,
2334 silly tar     mtime: 1985-10-26T08:15:00.000Z,
2334 silly tar     atime: null,
2334 silly tar     ctime: null,
2334 silly tar     linkpath: '',
2334 silly tar     absolute: 'C:/Users/Ansi/Desktop/FixNow/node_modules/react-native/ReactCommon/react/renderer/mounting/internal/ShadowViewNodePair.h',
2334 silly tar     [Symbol(shapeMode)]: false,
2334 silly tar     [Symbol(kCapture)]: false,
2334 silly tar     [Symbol(flowing)]: false,
2334 silly tar     [Symbol(paused)]: true,
2334 silly tar     [Symbol(pipes)]: [ [Pipe] ],
2334 silly tar     [Symbol(buffer)]: [],
2334 silly tar     [Symbol(objectMode)]: false,
2334 silly tar     [Symbol(encoding)]: null,
2334 silly tar     [Symbol(async)]: false,
2334 silly tar     [Symbol(decoder)]: null,
2334 silly tar     [Symbol(EOF)]: true,
2334 silly tar     [Symbol(emittedEnd)]: true,
2334 silly tar     [Symbol(emittingEnd)]: false,
2334 silly tar     [Symbol(closed)]: false,
2334 silly tar     [Symbol(emittedError)]: null,
2334 silly tar     [Symbol(bufferLength)]: 0,
2334 silly tar     [Symbol(destroyed)]: false,
2334 silly tar     [Symbol(signal)]: undefined,
2334 silly tar     [Symbol(aborted)]: false
2334 silly tar   },
2334 silly tar   cwd: 'C:/Users/Ansi/Desktop/FixNow/node_modules/react-native',
2334 silly tar   tarCode: 'TAR_ENTRY_ERROR'
2334 silly tar }
2335 warn tar TAR_ENTRY_ERROR ENOENT: no such file or directory, open 'C:\Users\Ansi\Desktop\FixNow\node_modules\react-native\ReactCommon\react\renderer\mounting\internal\sliceChildShadowNodeViewPairs.h'
2336 silly tar TAR_ENTRY_ERROR ENOENT: no such file or directory, open 'C:\Users\Ansi\Desktop\FixNow\node_modules\react-native\ReactCommon\react\renderer\mounting\internal\sliceChildShadowNodeViewPairs.h' [Error: ENOENT: no such file or directory, open 'C:\Users\Ansi\Desktop\FixNow\node_modules\react-native\ReactCommon\react\renderer\mounting\internal\sliceChildShadowNodeViewPairs.h'] {
2336 silly tar   errno: -4058,
2336 silly tar   code: 'ENOENT',
2336 silly tar   syscall: 'open',
2336 silly tar   path: 'C:\\Users\\Ansi\\Desktop\\FixNow\\node_modules\\react-native\\ReactCommon\\react\\renderer\\mounting\\internal\\sliceChildShadowNodeViewPairs.h',
2336 silly tar   entry: ReadEntry {
2336 silly tar     _events: [Object: null prototype] {},
2336 silly tar     _eventsCount: 0,
2336 silly tar     _maxListeners: undefined,
2336 silly tar     writable: false,
2336 silly tar     readable: false,
2336 silly tar     extended: null,
2336 silly tar     globalExtended: null,
2336 silly tar     header: Header {
2336 silly tar       cksumValid: true,
2336 silly tar       needPax: false,
2336 silly tar       nullBlock: false,
2336 silly tar       block: null,
2336 silly tar       path: 'package/ReactCommon/react/renderer/mounting/internal/sliceChildShadowNodeViewPairs.h',
2336 silly tar       mode: 420,
2336 silly tar       uid: null,
2336 silly tar       gid: null,
2336 silly tar       size: 2009,
2336 silly tar       mtime: 1985-10-26T08:15:00.000Z,
2336 silly tar       cksum: 11325,
2336 silly tar       linkpath: '',
2336 silly tar       uname: '',
2336 silly tar       gname: '',
2336 silly tar       devmaj: 0,
2336 silly tar       devmin: 0,
2336 silly tar       atime: null,
2336 silly tar       ctime: null,
2336 silly tar       [Symbol(type)]: '0'
2336 silly tar     },
2336 silly tar     startBlockSize: 2048,
2336 silly tar     blockRemain: 0,
2336 silly tar     remain: 0,
2336 silly tar     type: 'File',
2336 silly tar     meta: false,
2336 silly tar     ignore: false,
2336 silly tar     path: 'ReactCommon/react/renderer/mounting/internal/sliceChildShadowNodeViewPairs.h',
2336 silly tar     mode: 438,
2336 silly tar     uid: null,
2336 silly tar     gid: null,
2336 silly tar     uname: '',
2336 silly tar     gname: '',
2336 silly tar     size: 2009,
2336 silly tar     mtime: 1985-10-26T08:15:00.000Z,
2336 silly tar     atime: null,
2336 silly tar     ctime: null,
2336 silly tar     linkpath: '',
2336 silly tar     absolute: 'C:/Users/Ansi/Desktop/FixNow/node_modules/react-native/ReactCommon/react/renderer/mounting/internal/sliceChildShadowNodeViewPairs.h',
2336 silly tar     [Symbol(shapeMode)]: false,
2336 silly tar     [Symbol(kCapture)]: false,
2336 silly tar     [Symbol(flowing)]: false,
2336 silly tar     [Symbol(paused)]: true,
2336 silly tar     [Symbol(pipes)]: [ [Pipe] ],
2336 silly tar     [Symbol(buffer)]: [],
2336 silly tar     [Symbol(objectMode)]: false,
2336 silly tar     [Symbol(encoding)]: null,
2336 silly tar     [Symbol(async)]: false,
2336 silly tar     [Symbol(decoder)]: null,
2336 silly tar     [Symbol(EOF)]: true,
2336 silly tar     [Symbol(emittedEnd)]: true,
2336 silly tar     [Symbol(emittingEnd)]: false,
2336 silly tar     [Symbol(closed)]: false,
2336 silly tar     [Symbol(emittedError)]: null,
2336 silly tar     [Symbol(bufferLength)]: 0,
2336 silly tar     [Symbol(destroyed)]: false,
2336 silly tar     [Symbol(signal)]: undefined,
2336 silly tar     [Symbol(aborted)]: false
2336 silly tar   },
2336 silly tar   cwd: 'C:/Users/Ansi/Desktop/FixNow/node_modules/react-native',
2336 silly tar   tarCode: 'TAR_ENTRY_ERROR'
2336 silly tar }
2337 warn tar TAR_ENTRY_ERROR ENOENT: no such file or directory, open 'C:\Users\Ansi\Desktop\FixNow\node_modules\react-native\React\FBReactNativeSpec\react\renderer\components\FBReactNativeSpec\States.h'
2338 silly tar TAR_ENTRY_ERROR ENOENT: no such file or directory, open 'C:\Users\Ansi\Desktop\FixNow\node_modules\react-native\React\FBReactNativeSpec\react\renderer\components\FBReactNativeSpec\States.h' [Error: ENOENT: no such file or directory, open 'C:\Users\Ansi\Desktop\FixNow\node_modules\react-native\React\FBReactNativeSpec\react\renderer\components\FBReactNativeSpec\States.h'] {
2338 silly tar   errno: -4058,
2338 silly tar   code: 'ENOENT',
2338 silly tar   syscall: 'open',
2338 silly tar   path: 'C:\\Users\\Ansi\\Desktop\\FixNow\\node_modules\\react-native\\React\\FBReactNativeSpec\\react\\renderer\\components\\FBReactNativeSpec\\States.h',
2338 silly tar   entry: ReadEntry {
2338 silly tar     _events: [Object: null prototype] {},
2338 silly tar     _eventsCount: 0,
2338 silly tar     _maxListeners: undefined,
2338 silly tar     writable: false,
2338 silly tar     readable: false,
2338 silly tar     extended: null,
2338 silly tar     globalExtended: null,
2338 silly tar     header: Header {
2338 silly tar       cksumValid: true,
2338 silly tar       needPax: false,
2338 silly tar       nullBlock: false,
2338 silly tar       block: null,
2338 silly tar       path: 'package/React/FBReactNativeSpec/react/renderer/components/FBReactNativeSpec/States.h',
2338 silly tar       mode: 420,
2338 silly tar       uid: null,
2338 silly tar       gid: null,
2338 silly tar       size: 776,
2338 silly tar       mtime: 1985-10-26T08:15:00.000Z,
2338 silly tar       cksum: 11071,
2338 silly tar       linkpath: '',
2338 silly tar       uname: '',
2338 silly tar       gname: '',
2338 silly tar       devmaj: 0,
2338 silly tar       devmin: 0,
2338 silly tar       atime: null,
2338 silly tar       ctime: null,
2338 silly tar       [Symbol(type)]: '0'
2338 silly tar     },
2338 silly tar     startBlockSize: 1024,
2338 silly tar     blockRemain: 0,
2338 silly tar     remain: 0,
2338 silly tar     type: 'File',
2338 silly tar     meta: false,
2338 silly tar     ignore: false,
2338 silly tar     path: 'React/FBReactNativeSpec/react/renderer/components/FBReactNativeSpec/States.h',
2338 silly tar     mode: 438,
2338 silly tar     uid: null,
2338 silly tar     gid: null,
2338 silly tar     uname: '',
2338 silly tar     gname: '',
2338 silly tar     size: 776,
2338 silly tar     mtime: 1985-10-26T08:15:00.000Z,
2338 silly tar     atime: null,
2338 silly tar     ctime: null,
2338 silly tar     linkpath: '',
2338 silly tar     absolute: 'C:/Users/Ansi/Desktop/FixNow/node_modules/react-native/React/FBReactNativeSpec/react/renderer/components/FBReactNativeSpec/States.h',
2338 silly tar     [Symbol(shapeMode)]: false,
2338 silly tar     [Symbol(kCapture)]: false,
2338 silly tar     [Symbol(flowing)]: false,
2338 silly tar     [Symbol(paused)]: true,
2338 silly tar     [Symbol(pipes)]: [ [Pipe] ],
2338 silly tar     [Symbol(buffer)]: [],
2338 silly tar     [Symbol(objectMode)]: false,
2338 silly tar     [Symbol(encoding)]: null,
2338 silly tar     [Symbol(async)]: false,
2338 silly tar     [Symbol(decoder)]: null,
2338 silly tar     [Symbol(EOF)]: true,
2338 silly tar     [Symbol(emittedEnd)]: true,
2338 silly tar     [Symbol(emittingEnd)]: false,
2338 silly tar     [Symbol(closed)]: false,
2338 silly tar     [Symbol(emittedError)]: null,
2338 silly tar     [Symbol(bufferLength)]: 0,
2338 silly tar     [Symbol(destroyed)]: false,
2338 silly tar     [Symbol(signal)]: undefined,
2338 silly tar     [Symbol(aborted)]: false
2338 silly tar   },
2338 silly tar   cwd: 'C:/Users/Ansi/Desktop/FixNow/node_modules/react-native',
2338 silly tar   tarCode: 'TAR_ENTRY_ERROR'
2338 silly tar }
2339 warn tar TAR_ENTRY_ERROR ENOENT: no such file or directory, open 'C:\Users\Ansi\Desktop\FixNow\node_modules\react-native\ReactCommon\react\renderer\textlayoutmanager\platform\cxx\react\renderer\textlayoutmanager\TextLayoutManager.h'
2340 silly tar TAR_ENTRY_ERROR ENOENT: no such file or directory, open 'C:\Users\Ansi\Desktop\FixNow\node_modules\react-native\ReactCommon\react\renderer\textlayoutmanager\platform\cxx\react\renderer\textlayoutmanager\TextLayoutManager.h' [Error: ENOENT: no such file or directory, open 'C:\Users\Ansi\Desktop\FixNow\node_modules\react-native\ReactCommon\react\renderer\textlayoutmanager\platform\cxx\react\renderer\textlayoutmanager\TextLayoutManager.h'] {
2340 silly tar   errno: -4058,
2340 silly tar   code: 'ENOENT',
2340 silly tar   syscall: 'open',
2340 silly tar   path: 'C:\\Users\\Ansi\\Desktop\\FixNow\\node_modules\\react-native\\ReactCommon\\react\\renderer\\textlayoutmanager\\platform\\cxx\\react\\renderer\\textlayoutmanager\\TextLayoutManager.h',
2340 silly tar   entry: ReadEntry {
2340 silly tar     _events: [Object: null prototype] {},
2340 silly tar     _eventsCount: 0,
2340 silly tar     _maxListeners: undefined,
2340 silly tar     writable: false,
2340 silly tar     readable: false,
2340 silly tar     extended: null,
2340 silly tar     globalExtended: null,
2340 silly tar     header: Header {
2340 silly tar       cksumValid: true,
2340 silly tar       needPax: false,
2340 silly tar       nullBlock: false,
2340 silly tar       block: null,
2340 silly tar       path: 'package/ReactCommon/react/renderer/textlayoutmanager/platform/cxx/react/renderer/textlayoutmanager/TextLayoutManager.h',
2340 silly tar       mode: 420,
2340 silly tar       uid: null,
2340 silly tar       gid: null,
2340 silly tar       size: 1654,
2340 silly tar       mtime: 1985-10-26T08:15:00.000Z,
2340 silly tar       cksum: 14844,
2340 silly tar       linkpath: '',
2340 silly tar       uname: '',
2340 silly tar       gname: '',
2340 silly tar       devmaj: 0,
2340 silly tar       devmin: 0,
2340 silly tar       atime: null,
2340 silly tar       ctime: null,
2340 silly tar       [Symbol(type)]: '0'
2340 silly tar     },
2340 silly tar     startBlockSize: 2048,
2340 silly tar     blockRemain: 0,
2340 silly tar     remain: 0,
2340 silly tar     type: 'File',
2340 silly tar     meta: false,
2340 silly tar     ignore: false,
2340 silly tar     path: 'ReactCommon/react/renderer/textlayoutmanager/platform/cxx/react/renderer/textlayoutmanager/TextLayoutManager.h',
2340 silly tar     mode: 438,
2340 silly tar     uid: null,
2340 silly tar     gid: null,
2340 silly tar     uname: '',
2340 silly tar     gname: '',
2340 silly tar     size: 1654,
2340 silly tar     mtime: 1985-10-26T08:15:00.000Z,
2340 silly tar     atime: null,
2340 silly tar     ctime: null,
2340 silly tar     linkpath: '',
2340 silly tar     absolute: 'C:/Users/Ansi/Desktop/FixNow/node_modules/react-native/ReactCommon/react/renderer/textlayoutmanager/platform/cxx/react/renderer/textlayoutmanager/TextLayoutManager.h',
2340 silly tar     [Symbol(shapeMode)]: false,
2340 silly tar     [Symbol(kCapture)]: false,
2340 silly tar     [Symbol(flowing)]: false,
2340 silly tar     [Symbol(paused)]: true,
2340 silly tar     [Symbol(pipes)]: [ [Pipe] ],
2340 silly tar     [Symbol(buffer)]: [],
2340 silly tar     [Symbol(objectMode)]: false,
2340 silly tar     [Symbol(encoding)]: null,
2340 silly tar     [Symbol(async)]: false,
2340 silly tar     [Symbol(decoder)]: null,
2340 silly tar     [Symbol(EOF)]: true,
2340 silly tar     [Symbol(emittedEnd)]: true,
2340 silly tar     [Symbol(emittingEnd)]: false,
2340 silly tar     [Symbol(closed)]: false,
2340 silly tar     [Symbol(emittedError)]: null,
2340 silly tar     [Symbol(bufferLength)]: 0,
2340 silly tar     [Symbol(destroyed)]: false,
2340 silly tar     [Symbol(signal)]: undefined,
2340 silly tar     [Symbol(aborted)]: false
2340 silly tar   },
2340 silly tar   cwd: 'C:/Users/Ansi/Desktop/FixNow/node_modules/react-native',
2340 silly tar   tarCode: 'TAR_ENTRY_ERROR'
2340 silly tar }
2341 warn tar TAR_ENTRY_ERROR ENOENT: no such file or directory, open 'C:\Users\Ansi\Desktop\FixNow\node_modules\react-native\ReactCommon\jsinspector-modern\tracing\Timing.h'
2342 silly tar TAR_ENTRY_ERROR ENOENT: no such file or directory, open 'C:\Users\Ansi\Desktop\FixNow\node_modules\react-native\ReactCommon\jsinspector-modern\tracing\Timing.h' [Error: ENOENT: no such file or directory, open 'C:\Users\Ansi\Desktop\FixNow\node_modules\react-native\ReactCommon\jsinspector-modern\tracing\Timing.h'] {
2342 silly tar   errno: -4058,
2342 silly tar   code: 'ENOENT',
2342 silly tar   syscall: 'open',
2342 silly tar   path: 'C:\\Users\\Ansi\\Desktop\\FixNow\\node_modules\\react-native\\ReactCommon\\jsinspector-modern\\tracing\\Timing.h',
2342 silly tar   entry: ReadEntry {
2342 silly tar     _events: [Object: null prototype] { end: [Function (anonymous)] },
2342 silly tar     _eventsCount: 1,
2342 silly tar     _maxListeners: undefined,
2342 silly tar     writable: false,
2342 silly tar     readable: true,
2342 silly tar     extended: null,
2342 silly tar     globalExtended: null,
2342 silly tar     header: Header {
2342 silly tar       cksumValid: true,
2342 silly tar       needPax: false,
2342 silly tar       nullBlock: false,
2342 silly tar       block: null,
2342 silly tar       path: 'package/ReactCommon/jsinspector-modern/tracing/Timing.h',
2342 silly tar       mode: 420,
2342 silly tar       uid: null,
2342 silly tar       gid: null,
2342 silly tar       size: 1525,
2342 silly tar       mtime: 1985-10-26T08:15:00.000Z,
2342 silly tar       cksum: 8429,
2342 silly tar       linkpath: '',
2342 silly tar       uname: '',
2342 silly tar       gname: '',
2342 silly tar       devmaj: 0,
2342 silly tar       devmin: 0,
2342 silly tar       atime: null,
2342 silly tar       ctime: null,
2342 silly tar       [Symbol(type)]: '0'
2342 silly tar     },
2342 silly tar     startBlockSize: 1536,
2342 silly tar     blockRemain: 0,
2342 silly tar     remain: 0,
2342 silly tar     type: 'File',
2342 silly tar     meta: false,
2342 silly tar     ignore: false,
2342 silly tar     path: 'ReactCommon/jsinspector-modern/tracing/Timing.h',
2342 silly tar     mode: 438,
2342 silly tar     uid: null,
2342 silly tar     gid: null,
2342 silly tar     uname: '',
2342 silly tar     gname: '',
2342 silly tar     size: 1525,
2342 silly tar     mtime: 1985-10-26T08:15:00.000Z,
2342 silly tar     atime: null,
2342 silly tar     ctime: null,
2342 silly tar     linkpath: '',
2342 silly tar     absolute: 'C:/Users/Ansi/Desktop/FixNow/node_modules/react-native/ReactCommon/jsinspector-modern/tracing/Timing.h',
2342 silly tar     [Symbol(shapeMode)]: false,
2342 silly tar     [Symbol(kCapture)]: false,
2342 silly tar     [Symbol(flowing)]: false,
2342 silly tar     [Symbol(paused)]: true,
2342 silly tar     [Symbol(pipes)]: [ [Pipe] ],
2342 silly tar     [Symbol(buffer)]: [
2342 silly tar       <Buffer 0a 2f 2f 20 70 65 72 66 6f 72 6d 61 6e 63 65 2e 6d 65 61 73 75 72 65 20 63 61 6c 6c 73 3a 20 74 68 65 73 65 20 73 68 6f 75 6c 64 20 6e 6f 74 20 65 78 ... 931 more bytes>
2342 silly tar     ],
2342 silly tar     [Symbol(objectMode)]: false,
2342 silly tar     [Symbol(encoding)]: null,
2342 silly tar     [Symbol(async)]: false,
2342 silly tar     [Symbol(decoder)]: null,
2342 silly tar     [Symbol(EOF)]: true,
2342 silly tar     [Symbol(emittedEnd)]: false,
2342 silly tar     [Symbol(emittingEnd)]: false,
2342 silly tar     [Symbol(closed)]: false,
2342 silly tar     [Symbol(emittedError)]: null,
2342 silly tar     [Symbol(bufferLength)]: 981,
2342 silly tar     [Symbol(destroyed)]: false,
2342 silly tar     [Symbol(signal)]: undefined,
2342 silly tar     [Symbol(aborted)]: false
2342 silly tar   },
2342 silly tar   cwd: 'C:/Users/Ansi/Desktop/FixNow/node_modules/react-native',
2342 silly tar   tarCode: 'TAR_ENTRY_ERROR'
2342 silly tar }
2343 warn tar TAR_ENTRY_ERROR ENOENT: no such file or directory, open 'C:\Users\Ansi\Desktop\FixNow\node_modules\react-native\ReactCommon\react\renderer\mounting\internal\TinyMap.h'
2344 silly tar TAR_ENTRY_ERROR ENOENT: no such file or directory, open 'C:\Users\Ansi\Desktop\FixNow\node_modules\react-native\ReactCommon\react\renderer\mounting\internal\TinyMap.h' [Error: ENOENT: no such file or directory, open 'C:\Users\Ansi\Desktop\FixNow\node_modules\react-native\ReactCommon\react\renderer\mounting\internal\TinyMap.h'] {
2344 silly tar   errno: -4058,
2344 silly tar   code: 'ENOENT',
2344 silly tar   syscall: 'open',
2344 silly tar   path: 'C:\\Users\\Ansi\\Desktop\\FixNow\\node_modules\\react-native\\ReactCommon\\react\\renderer\\mounting\\internal\\TinyMap.h',
2344 silly tar   entry: ReadEntry {
2344 silly tar     _events: [Object: null prototype] { end: [Function (anonymous)] },
2344 silly tar     _eventsCount: 1,
2344 silly tar     _maxListeners: undefined,
2344 silly tar     writable: false,
2344 silly tar     readable: true,
2344 silly tar     extended: null,
2344 silly tar     globalExtended: null,
2344 silly tar     header: Header {
2344 silly tar       cksumValid: true,
2344 silly tar       needPax: false,
2344 silly tar       nullBlock: false,
2344 silly tar       block: null,
2344 silly tar       path: 'package/ReactCommon/react/renderer/mounting/internal/TinyMap.h',
2344 silly tar       mode: 420,
2344 silly tar       uid: null,
2344 silly tar       gid: null,
2344 silly tar       size: 3917,
2344 silly tar       mtime: 1985-10-26T08:15:00.000Z,
2344 silly tar       cksum: 9097,
2344 silly tar       linkpath: '',
2344 silly tar       uname: '',
2344 silly tar       gname: '',
2344 silly tar       devmaj: 0,
2344 silly tar       devmin: 0,
2344 silly tar       atime: null,
2344 silly tar       ctime: null,
2344 silly tar       [Symbol(type)]: '0'
2344 silly tar     },
2344 silly tar     startBlockSize: 4096,
2344 silly tar     blockRemain: 0,
2344 silly tar     remain: 0,
2344 silly tar     type: 'File',
2344 silly tar     meta: false,
2344 silly tar     ignore: false,
2344 silly tar     path: 'ReactCommon/react/renderer/mounting/internal/TinyMap.h',
2344 silly tar     mode: 438,
2344 silly tar     uid: null,
2344 silly tar     gid: null,
2344 silly tar     uname: '',
2344 silly tar     gname: '',
2344 silly tar     size: 3917,
2344 silly tar     mtime: 1985-10-26T08:15:00.000Z,
2344 silly tar     atime: null,
2344 silly tar     ctime: null,
2344 silly tar     linkpath: '',
2344 silly tar     absolute: 'C:/Users/Ansi/Desktop/FixNow/node_modules/react-native/ReactCommon/react/renderer/mounting/internal/TinyMap.h',
2344 silly tar     [Symbol(shapeMode)]: false,
2344 silly tar     [Symbol(kCapture)]: false,
2344 silly tar     [Symbol(flowing)]: false,
2344 silly tar     [Symbol(paused)]: true,
2344 silly tar     [Symbol(pipes)]: [ [Pipe] ],
2344 silly tar     [Symbol(buffer)]: [
2344 silly tar       <Buffer 74 68 61 74 20 69 74 65 72 61 74 69 6e 67 20 6f 76 65 72 20 74 68 69 73 20 54 69 6e 79 4d 61 70 20 64 6f 65 73 6e 27 74 20 69 74 65 72 61 74 65 20 6f ... 2171 more bytes>
2344 silly tar     ],
2344 silly tar     [Symbol(objectMode)]: false,
2344 silly tar     [Symbol(encoding)]: null,
2344 silly tar     [Symbol(async)]: false,
2344 silly tar     [Symbol(decoder)]: null,
2344 silly tar     [Symbol(EOF)]: true,
2344 silly tar     [Symbol(emittedEnd)]: false,
2344 silly tar     [Symbol(emittingEnd)]: false,
2344 silly tar     [Symbol(closed)]: false,
2344 silly tar     [Symbol(emittedError)]: null,
2344 silly tar     [Symbol(bufferLength)]: 2221,
2344 silly tar     [Symbol(destroyed)]: false,
2344 silly tar     [Symbol(signal)]: undefined,
2344 silly tar     [Symbol(aborted)]: false
2344 silly tar   },
2344 silly tar   cwd: 'C:/Users/Ansi/Desktop/FixNow/node_modules/react-native',
2344 silly tar   tarCode: 'TAR_ENTRY_ERROR'
2344 silly tar }
2345 warn tar TAR_ENTRY_ERROR ENOENT: no such file or directory, open 'C:\Users\Ansi\Desktop\FixNow\node_modules\react-native\ReactCommon\jsinspector-modern\tracing\TraceEvent.h'
2346 silly tar TAR_ENTRY_ERROR ENOENT: no such file or directory, open 'C:\Users\Ansi\Desktop\FixNow\node_modules\react-native\ReactCommon\jsinspector-modern\tracing\TraceEvent.h' [Error: ENOENT: no such file or directory, open 'C:\Users\Ansi\Desktop\FixNow\node_modules\react-native\ReactCommon\jsinspector-modern\tracing\TraceEvent.h'] {
2346 silly tar   errno: -4058,
2346 silly tar   code: 'ENOENT',
2346 silly tar   syscall: 'open',
2346 silly tar   path: 'C:\\Users\\Ansi\\Desktop\\FixNow\\node_modules\\react-native\\ReactCommon\\jsinspector-modern\\tracing\\TraceEvent.h',
2346 silly tar   entry: ReadEntry {
2346 silly tar     _events: [Object: null prototype] {},
2346 silly tar     _eventsCount: 0,
2346 silly tar     _maxListeners: undefined,
2346 silly tar     writable: false,
2346 silly tar     readable: false,
2346 silly tar     extended: null,
2346 silly tar     globalExtended: null,
2346 silly tar     header: Header {
2346 silly tar       cksumValid: true,
2346 silly tar       needPax: false,
2346 silly tar       nullBlock: false,
2346 silly tar       block: null,
2346 silly tar       path: 'package/ReactCommon/jsinspector-modern/tracing/TraceEvent.h',
2346 silly tar       mode: 420,
2346 silly tar       uid: null,
2346 silly tar       gid: null,
2346 silly tar       size: 1929,
2346 silly tar       mtime: 1985-10-26T08:15:00.000Z,
2346 silly tar       cksum: 8813,
2346 silly tar       linkpath: '',
2346 silly tar       uname: '',
2346 silly tar       gname: '',
2346 silly tar       devmaj: 0,
2346 silly tar       devmin: 0,
2346 silly tar       atime: null,
2346 silly tar       ctime: null,
2346 silly tar       [Symbol(type)]: '0'
2346 silly tar     },
2346 silly tar     startBlockSize: 2048,
2346 silly tar     blockRemain: 0,
2346 silly tar     remain: 0,
2346 silly tar     type: 'File',
2346 silly tar     meta: false,
2346 silly tar     ignore: false,
2346 silly tar     path: 'ReactCommon/jsinspector-modern/tracing/TraceEvent.h',
2346 silly tar     mode: 438,
2346 silly tar     uid: null,
2346 silly tar     gid: null,
2346 silly tar     uname: '',
2346 silly tar     gname: '',
2346 silly tar     size: 1929,
2346 silly tar     mtime: 1985-10-26T08:15:00.000Z,
2346 silly tar     atime: null,
2346 silly tar     ctime: null,
2346 silly tar     linkpath: '',
2346 silly tar     absolute: 'C:/Users/Ansi/Desktop/FixNow/node_modules/react-native/ReactCommon/jsinspector-modern/tracing/TraceEvent.h',
2346 silly tar     [Symbol(shapeMode)]: false,
2346 silly tar     [Symbol(kCapture)]: false,
2346 silly tar     [Symbol(flowing)]: false,
2346 silly tar     [Symbol(paused)]: true,
2346 silly tar     [Symbol(pipes)]: [ [Pipe] ],
2346 silly tar     [Symbol(buffer)]: [],
2346 silly tar     [Symbol(objectMode)]: false,
2346 silly tar     [Symbol(encoding)]: null,
2346 silly tar     [Symbol(async)]: false,
2346 silly tar     [Symbol(decoder)]: null,
2346 silly tar     [Symbol(EOF)]: true,
2346 silly tar     [Symbol(emittedEnd)]: true,
2346 silly tar     [Symbol(emittingEnd)]: false,
2346 silly tar     [Symbol(closed)]: false,
2346 silly tar     [Symbol(emittedError)]: null,
2346 silly tar     [Symbol(bufferLength)]: 0,
2346 silly tar     [Symbol(destroyed)]: false,
2346 silly tar     [Symbol(signal)]: undefined,
2346 silly tar     [Symbol(aborted)]: false
2346 silly tar   },
2346 silly tar   cwd: 'C:/Users/Ansi/Desktop/FixNow/node_modules/react-native',
2346 silly tar   tarCode: 'TAR_ENTRY_ERROR'
2346 silly tar }
2347 warn tar TAR_ENTRY_ERROR ENOENT: no such file or directory, open 'C:\Users\Ansi\Desktop\FixNow\node_modules\react-native\ReactCommon\jsinspector-modern\tracing\TraceEventProfile.h'
2348 silly tar TAR_ENTRY_ERROR ENOENT: no such file or directory, open 'C:\Users\Ansi\Desktop\FixNow\node_modules\react-native\ReactCommon\jsinspector-modern\tracing\TraceEventProfile.h' [Error: ENOENT: no such file or directory, open 'C:\Users\Ansi\Desktop\FixNow\node_modules\react-native\ReactCommon\jsinspector-modern\tracing\TraceEventProfile.h'] {
2348 silly tar   errno: -4058,
2348 silly tar   code: 'ENOENT',
2348 silly tar   syscall: 'open',
2348 silly tar   path: 'C:\\Users\\Ansi\\Desktop\\FixNow\\node_modules\\react-native\\ReactCommon\\jsinspector-modern\\tracing\\TraceEventProfile.h',
2348 silly tar   entry: ReadEntry {
2348 silly tar     _events: [Object: null prototype] { end: [Function (anonymous)] },
2348 silly tar     _eventsCount: 1,
2348 silly tar     _maxListeners: undefined,
2348 silly tar     writable: false,
2348 silly tar     readable: true,
2348 silly tar     extended: null,
2348 silly tar     globalExtended: null,
2348 silly tar     header: Header {
2348 silly tar       cksumValid: true,
2348 silly tar       needPax: false,
2348 silly tar       nullBlock: false,
2348 silly tar       block: null,
2348 silly tar       path: 'package/ReactCommon/jsinspector-modern/tracing/TraceEventProfile.h',
2348 silly tar       mode: 420,
2348 silly tar       uid: null,
2348 silly tar       gid: null,
2348 silly tar       size: 3445,
2348 silly tar       mtime: 1985-10-26T08:15:00.000Z,
2348 silly tar       cksum: 9545,
2348 silly tar       linkpath: '',
2348 silly tar       uname: '',
2348 silly tar       gname: '',
2348 silly tar       devmaj: 0,
2348 silly tar       devmin: 0,
2348 silly tar       atime: null,
2348 silly tar       ctime: null,
2348 silly tar       [Symbol(type)]: '0'
2348 silly tar     },
2348 silly tar     startBlockSize: 3584,
2348 silly tar     blockRemain: 0,
2348 silly tar     remain: 0,
2348 silly tar     type: 'File',
2348 silly tar     meta: false,
2348 silly tar     ignore: false,
2348 silly tar     path: 'ReactCommon/jsinspector-modern/tracing/TraceEventProfile.h',
2348 silly tar     mode: 438,
2348 silly tar     uid: null,
2348 silly tar     gid: null,
2348 silly tar     uname: '',
2348 silly tar     gname: '',
2348 silly tar     size: 3445,
2348 silly tar     mtime: 1985-10-26T08:15:00.000Z,
2348 silly tar     atime: null,
2348 silly tar     ctime: null,
2348 silly tar     linkpath: '',
2348 silly tar     absolute: 'C:/Users/Ansi/Desktop/FixNow/node_modules/react-native/ReactCommon/jsinspector-modern/tracing/TraceEventProfile.h',
2348 silly tar     [Symbol(shapeMode)]: false,
2348 silly tar     [Symbol(kCapture)]: false,
2348 silly tar     [Symbol(flowing)]: false,
2348 silly tar     [Symbol(paused)]: true,
2348 silly tar     [Symbol(pipes)]: [ [Pipe] ],
2348 silly tar     [Symbol(buffer)]: [
2348 silly tar       <Buffer 3a 6f 62 6a 65 63 74 28 22 63 70 75 50 72 6f 66 69 6c 65 22 2c 20 63 70 75 50 72 6f 66 69 6c 65 2e 74 6f 44 79 6e 61 6d 69 63 28 29 29 28 0a 20 20 20 ... 163 more bytes>
2348 silly tar     ],
2348 silly tar     [Symbol(objectMode)]: false,
2348 silly tar     [Symbol(encoding)]: null,
2348 silly tar     [Symbol(async)]: false,
2348 silly tar     [Symbol(decoder)]: null,
2348 silly tar     [Symbol(EOF)]: true,
2348 silly tar     [Symbol(emittedEnd)]: false,
2348 silly tar     [Symbol(emittingEnd)]: false,
2348 silly tar     [Symbol(closed)]: false,
2348 silly tar     [Symbol(emittedError)]: null,
2348 silly tar     [Symbol(bufferLength)]: 213,
2348 silly tar     [Symbol(destroyed)]: false,
2348 silly tar     [Symbol(signal)]: undefined,
2348 silly tar     [Symbol(aborted)]: false
2348 silly tar   },
2348 silly tar   cwd: 'C:/Users/Ansi/Desktop/FixNow/node_modules/react-native',
2348 silly tar   tarCode: 'TAR_ENTRY_ERROR'
2348 silly tar }
2349 warn tar TAR_ENTRY_ERROR ENOENT: no such file or directory, open 'C:\Users\Ansi\Desktop\FixNow\node_modules\react-native\src\private\webapis\geometry\DOMRect.js'
2350 silly tar TAR_ENTRY_ERROR ENOENT: no such file or directory, open 'C:\Users\Ansi\Desktop\FixNow\node_modules\react-native\src\private\webapis\geometry\DOMRect.js' [Error: ENOENT: no such file or directory, open 'C:\Users\Ansi\Desktop\FixNow\node_modules\react-native\src\private\webapis\geometry\DOMRect.js'] {
2350 silly tar   errno: -4058,
2350 silly tar   code: 'ENOENT',
2350 silly tar   syscall: 'open',
2350 silly tar   path: 'C:\\Users\\Ansi\\Desktop\\FixNow\\node_modules\\react-native\\src\\private\\webapis\\geometry\\DOMRect.js',
2350 silly tar   entry: ReadEntry {
2350 silly tar     _events: [Object: null prototype] {},
2350 silly tar     _eventsCount: 0,
2350 silly tar     _maxListeners: undefined,
2350 silly tar     writable: false,
2350 silly tar     readable: false,
2350 silly tar     extended: null,
2350 silly tar     globalExtended: null,
2350 silly tar     header: Header {
2350 silly tar       cksumValid: true,
2350 silly tar       needPax: false,
2350 silly tar       nullBlock: false,
2350 silly tar       block: null,
2350 silly tar       path: 'package/src/private/webapis/geometry/DOMRect.js',
2350 silly tar       mode: 420,
2350 silly tar       uid: null,
2350 silly tar       gid: null,
2350 silly tar       size: 2166,
2350 silly tar       mtime: 1985-10-26T08:15:00.000Z,
2350 silly tar       cksum: 7560,
2350 silly tar       linkpath: '',
2350 silly tar       uname: '',
2350 silly tar       gname: '',
2350 silly tar       devmaj: 0,
2350 silly tar       devmin: 0,
2350 silly tar       atime: null,
2350 silly tar       ctime: null,
2350 silly tar       [Symbol(type)]: '0'
2350 silly tar     },
2350 silly tar     startBlockSize: 2560,
2350 silly tar     blockRemain: 0,
2350 silly tar     remain: 0,
2350 silly tar     type: 'File',
2350 silly tar     meta: false,
2350 silly tar     ignore: false,
2350 silly tar     path: 'src/private/webapis/geometry/DOMRect.js',
2350 silly tar     mode: 438,
2350 silly tar     uid: null,
2350 silly tar     gid: null,
2350 silly tar     uname: '',
2350 silly tar     gname: '',
2350 silly tar     size: 2166,
2350 silly tar     mtime: 1985-10-26T08:15:00.000Z,
2350 silly tar     atime: null,
2350 silly tar     ctime: null,
2350 silly tar     linkpath: '',
2350 silly tar     absolute: 'C:/Users/Ansi/Desktop/FixNow/node_modules/react-native/src/private/webapis/geometry/DOMRect.js',
2350 silly tar     [Symbol(shapeMode)]: false,
2350 silly tar     [Symbol(kCapture)]: false,
2350 silly tar     [Symbol(flowing)]: false,
2350 silly tar     [Symbol(paused)]: true,
2350 silly tar     [Symbol(pipes)]: [ [Pipe] ],
2350 silly tar     [Symbol(buffer)]: [],
2350 silly tar     [Symbol(objectMode)]: false,
2350 silly tar     [Symbol(encoding)]: null,
2350 silly tar     [Symbol(async)]: false,
2350 silly tar     [Symbol(decoder)]: null,
2350 silly tar     [Symbol(EOF)]: true,
2350 silly tar     [Symbol(emittedEnd)]: true,
2350 silly tar     [Symbol(emittingEnd)]: false,
2350 silly tar     [Symbol(closed)]: false,
2350 silly tar     [Symbol(emittedError)]: null,
2350 silly tar     [Symbol(bufferLength)]: 0,
2350 silly tar     [Symbol(destroyed)]: false,
2350 silly tar     [Symbol(signal)]: undefined,
2350 silly tar     [Symbol(aborted)]: false
2350 silly tar   },
2350 silly tar   cwd: 'C:/Users/Ansi/Desktop/FixNow/node_modules/react-native',
2350 silly tar   tarCode: 'TAR_ENTRY_ERROR'
2350 silly tar }
2351 warn tar TAR_ENTRY_ERROR ENOENT: no such file or directory, open 'C:\Users\Ansi\Desktop\FixNow\node_modules\react-native\src\private\webapis\geometry\DOMRectList.js'
2352 silly tar TAR_ENTRY_ERROR ENOENT: no such file or directory, open 'C:\Users\Ansi\Desktop\FixNow\node_modules\react-native\src\private\webapis\geometry\DOMRectList.js' [Error: ENOENT: no such file or directory, open 'C:\Users\Ansi\Desktop\FixNow\node_modules\react-native\src\private\webapis\geometry\DOMRectList.js'] {
2352 silly tar   errno: -4058,
2352 silly tar   code: 'ENOENT',
2352 silly tar   syscall: 'open',
2352 silly tar   path: 'C:\\Users\\Ansi\\Desktop\\FixNow\\node_modules\\react-native\\src\\private\\webapis\\geometry\\DOMRectList.js',
2352 silly tar   entry: ReadEntry {
2352 silly tar     _events: [Object: null prototype] {},
2352 silly tar     _eventsCount: 0,
2352 silly tar     _maxListeners: undefined,
2352 silly tar     writable: false,
2352 silly tar     readable: false,
2352 silly tar     extended: null,
2352 silly tar     globalExtended: null,
2352 silly tar     header: Header {
2352 silly tar       cksumValid: true,
2352 silly tar       needPax: false,
2352 silly tar       nullBlock: false,
2352 silly tar       block: null,
2352 silly tar       path: 'package/src/private/webapis/geometry/DOMRectList.js',
2352 silly tar       mode: 420,
2352 silly tar       uid: null,
2352 silly tar       gid: null,
2352 silly tar       size: 2424,
2352 silly tar       mtime: 1985-10-26T08:15:00.000Z,
2352 silly tar       cksum: 7971,
2352 silly tar       linkpath: '',
2352 silly tar       uname: '',
2352 silly tar       gname: '',
2352 silly tar       devmaj: 0,
2352 silly tar       devmin: 0,
2352 silly tar       atime: null,
2352 silly tar       ctime: null,
2352 silly tar       [Symbol(type)]: '0'
2352 silly tar     },
2352 silly tar     startBlockSize: 2560,
2352 silly tar     blockRemain: 0,
2352 silly tar     remain: 0,
2352 silly tar     type: 'File',
2352 silly tar     meta: false,
2352 silly tar     ignore: false,
2352 silly tar     path: 'src/private/webapis/geometry/DOMRectList.js',
2352 silly tar     mode: 438,
2352 silly tar     uid: null,
2352 silly tar     gid: null,
2352 silly tar     uname: '',
2352 silly tar     gname: '',
2352 silly tar     size: 2424,
2352 silly tar     mtime: 1985-10-26T08:15:00.000Z,
2352 silly tar     atime: null,
2352 silly tar     ctime: null,
2352 silly tar     linkpath: '',
2352 silly tar     absolute: 'C:/Users/Ansi/Desktop/FixNow/node_modules/react-native/src/private/webapis/geometry/DOMRectList.js',
2352 silly tar     [Symbol(shapeMode)]: false,
2352 silly tar     [Symbol(kCapture)]: false,
2352 silly tar     [Symbol(flowing)]: false,
2352 silly tar     [Symbol(paused)]: true,
2352 silly tar     [Symbol(pipes)]: [ [Pipe] ],
2352 silly tar     [Symbol(buffer)]: [],
2352 silly tar     [Symbol(objectMode)]: false,
2352 silly tar     [Symbol(encoding)]: null,
2352 silly tar     [Symbol(async)]: false,
2352 silly tar     [Symbol(decoder)]: null,
2352 silly tar     [Symbol(EOF)]: true,
2352 silly tar     [Symbol(emittedEnd)]: true,
2352 silly tar     [Symbol(emittingEnd)]: false,
2352 silly tar     [Symbol(closed)]: false,
2352 silly tar     [Symbol(emittedError)]: null,
2352 silly tar     [Symbol(bufferLength)]: 0,
2352 silly tar     [Symbol(destroyed)]: false,
2352 silly tar     [Symbol(signal)]: undefined,
2352 silly tar     [Symbol(aborted)]: false
2352 silly tar   },
2352 silly tar   cwd: 'C:/Users/Ansi/Desktop/FixNow/node_modules/react-native',
2352 silly tar   tarCode: 'TAR_ENTRY_ERROR'
2352 silly tar }
2353 warn tar TAR_ENTRY_ERROR ENOENT: no such file or directory, open 'C:\Users\Ansi\Desktop\FixNow\node_modules\react-native\src\private\webapis\geometry\DOMRectReadOnly.js'
2354 silly tar TAR_ENTRY_ERROR ENOENT: no such file or directory, open 'C:\Users\Ansi\Desktop\FixNow\node_modules\react-native\src\private\webapis\geometry\DOMRectReadOnly.js' [Error: ENOENT: no such file or directory, open 'C:\Users\Ansi\Desktop\FixNow\node_modules\react-native\src\private\webapis\geometry\DOMRectReadOnly.js'] {
2354 silly tar   errno: -4058,
2354 silly tar   code: 'ENOENT',
2354 silly tar   syscall: 'open',
2354 silly tar   path: 'C:\\Users\\Ansi\\Desktop\\FixNow\\node_modules\\react-native\\src\\private\\webapis\\geometry\\DOMRectReadOnly.js',
2354 silly tar   entry: ReadEntry {
2354 silly tar     _events: [Object: null prototype] {},
2354 silly tar     _eventsCount: 0,
2354 silly tar     _maxListeners: undefined,
2354 silly tar     writable: false,
2354 silly tar     readable: false,
2354 silly tar     extended: null,
2354 silly tar     globalExtended: null,
2354 silly tar     header: Header {
2354 silly tar       cksumValid: true,
2354 silly tar       needPax: false,
2354 silly tar       nullBlock: false,
2354 silly tar       block: null,
2354 silly tar       path: 'package/src/private/webapis/geometry/DOMRectReadOnly.js',
2354 silly tar       mode: 420,
2354 silly tar       uid: null,
2354 silly tar       gid: null,
2354 silly tar       size: 4331,
2354 silly tar       mtime: 1985-10-26T08:15:00.000Z,
2354 silly tar       cksum: 8353,
2354 silly tar       linkpath: '',
2354 silly tar       uname: '',
2354 silly tar       gname: '',
2354 silly tar       devmaj: 0,
2354 silly tar       devmin: 0,
2354 silly tar       atime: null,
2354 silly tar       ctime: null,
2354 silly tar       [Symbol(type)]: '0'
2354 silly tar     },
2354 silly tar     startBlockSize: 4608,
2354 silly tar     blockRemain: 0,
2354 silly tar     remain: 0,
2354 silly tar     type: 'File',
2354 silly tar     meta: false,
2354 silly tar     ignore: false,
2354 silly tar     path: 'src/private/webapis/geometry/DOMRectReadOnly.js',
2354 silly tar     mode: 438,
2354 silly tar     uid: null,
2354 silly tar     gid: null,
2354 silly tar     uname: '',
2354 silly tar     gname: '',
2354 silly tar     size: 4331,
2354 silly tar     mtime: 1985-10-26T08:15:00.000Z,
2354 silly tar     atime: null,
2354 silly tar     ctime: null,
2354 silly tar     linkpath: '',
2354 silly tar     absolute: 'C:/Users/Ansi/Desktop/FixNow/node_modules/react-native/src/private/webapis/geometry/DOMRectReadOnly.js',
2354 silly tar     [Symbol(shapeMode)]: false,
2354 silly tar     [Symbol(kCapture)]: false,
2354 silly tar     [Symbol(flowing)]: false,
2354 silly tar     [Symbol(paused)]: true,
2354 silly tar     [Symbol(pipes)]: [ [Pipe] ],
2354 silly tar     [Symbol(buffer)]: [],
2354 silly tar     [Symbol(objectMode)]: false,
2354 silly tar     [Symbol(encoding)]: null,
2354 silly tar     [Symbol(async)]: false,
2354 silly tar     [Symbol(decoder)]: null,
2354 silly tar     [Symbol(EOF)]: true,
2354 silly tar     [Symbol(emittedEnd)]: true,
2354 silly tar     [Symbol(emittingEnd)]: false,
2354 silly tar     [Symbol(closed)]: false,
2354 silly tar     [Symbol(emittedError)]: null,
2354 silly tar     [Symbol(bufferLength)]: 0,
2354 silly tar     [Symbol(destroyed)]: false,
2354 silly tar     [Symbol(signal)]: undefined,
2354 silly tar     [Symbol(aborted)]: false
2354 silly tar   },
2354 silly tar   cwd: 'C:/Users/Ansi/Desktop/FixNow/node_modules/react-native',
2354 silly tar   tarCode: 'TAR_ENTRY_ERROR'
2354 silly tar }
2355 warn tar TAR_ENTRY_ERROR ENOENT: no such file or directory, open 'C:\Users\Ansi\Desktop\FixNow\node_modules\react-native\src\private\devsupport\rndevtools\FuseboxSessionObserver.js'
2356 silly tar TAR_ENTRY_ERROR ENOENT: no such file or directory, open 'C:\Users\Ansi\Desktop\FixNow\node_modules\react-native\src\private\devsupport\rndevtools\FuseboxSessionObserver.js' [Error: ENOENT: no such file or directory, open 'C:\Users\Ansi\Desktop\FixNow\node_modules\react-native\src\private\devsupport\rndevtools\FuseboxSessionObserver.js'] {
2356 silly tar   errno: -4058,
2356 silly tar   code: 'ENOENT',
2356 silly tar   syscall: 'open',
2356 silly tar   path: 'C:\\Users\\Ansi\\Desktop\\FixNow\\node_modules\\react-native\\src\\private\\devsupport\\rndevtools\\FuseboxSessionObserver.js',
2356 silly tar   entry: ReadEntry {
2356 silly tar     _events: [Object: null prototype] {},
2356 silly tar     _eventsCount: 0,
2356 silly tar     _maxListeners: undefined,
2356 silly tar     writable: false,
2356 silly tar     readable: false,
2356 silly tar     extended: null,
2356 silly tar     globalExtended: null,
2356 silly tar     header: Header {
2356 silly tar       cksumValid: true,
2356 silly tar       needPax: false,
2356 silly tar       nullBlock: false,
2356 silly tar       block: null,
2356 silly tar       path: 'package/src/private/devsupport/rndevtools/FuseboxSessionObserver.js',
2356 silly tar       mode: 420,
2356 silly tar       uid: null,
2356 silly tar       gid: null,
2356 silly tar       size: 984,
2356 silly tar       mtime: 1985-10-26T08:15:00.000Z,
2356 silly tar       cksum: 9841,
2356 silly tar       linkpath: '',
2356 silly tar       uname: '',
2356 silly tar       gname: '',
2356 silly tar       devmaj: 0,
2356 silly tar       devmin: 0,
2356 silly tar       atime: null,
2356 silly tar       ctime: null,
2356 silly tar       [Symbol(type)]: '0'
2356 silly tar     },
2356 silly tar     startBlockSize: 1024,
2356 silly tar     blockRemain: 0,
2356 silly tar     remain: 0,
2356 silly tar     type: 'File',
2356 silly tar     meta: false,
2356 silly tar     ignore: false,
2356 silly tar     path: 'src/private/devsupport/rndevtools/FuseboxSessionObserver.js',
2356 silly tar     mode: 438,
2356 silly tar     uid: null,
2356 silly tar     gid: null,
2356 silly tar     uname: '',
2356 silly tar     gname: '',
2356 silly tar     size: 984,
2356 silly tar     mtime: 1985-10-26T08:15:00.000Z,
2356 silly tar     atime: null,
2356 silly tar     ctime: null,
2356 silly tar     linkpath: '',
2356 silly tar     absolute: 'C:/Users/Ansi/Desktop/FixNow/node_modules/react-native/src/private/devsupport/rndevtools/FuseboxSessionObserver.js',
2356 silly tar     [Symbol(shapeMode)]: false,
2356 silly tar     [Symbol(kCapture)]: false,
2356 silly tar     [Symbol(flowing)]: false,
2356 silly tar     [Symbol(paused)]: true,
2356 silly tar     [Symbol(pipes)]: [ [Pipe] ],
2356 silly tar     [Symbol(buffer)]: [],
2356 silly tar     [Symbol(objectMode)]: false,
2356 silly tar     [Symbol(encoding)]: null,
2356 silly tar     [Symbol(async)]: false,
2356 silly tar     [Symbol(decoder)]: null,
2356 silly tar     [Symbol(EOF)]: true,
2356 silly tar     [Symbol(emittedEnd)]: true,
2356 silly tar     [Symbol(emittingEnd)]: false,
2356 silly tar     [Symbol(closed)]: false,
2356 silly tar     [Symbol(emittedError)]: null,
2356 silly tar     [Symbol(bufferLength)]: 0,
2356 silly tar     [Symbol(destroyed)]: false,
2356 silly tar     [Symbol(signal)]: undefined,
2356 silly tar     [Symbol(aborted)]: false
2356 silly tar   },
2356 silly tar   cwd: 'C:/Users/Ansi/Desktop/FixNow/node_modules/react-native',
2356 silly tar   tarCode: 'TAR_ENTRY_ERROR'
2356 silly tar }
2357 warn tar TAR_ENTRY_ERROR ENOENT: no such file or directory, lstat 'C:\Users\Ansi\Desktop\FixNow\node_modules\react-native\src\private\devsupport\rndevtools\specs'
2358 silly tar TAR_ENTRY_ERROR ENOENT: no such file or directory, lstat 'C:\Users\Ansi\Desktop\FixNow\node_modules\react-native\src\private\devsupport\rndevtools\specs' [Error: ENOENT: no such file or directory, lstat 'C:\Users\Ansi\Desktop\FixNow\node_modules\react-native\src\private\devsupport\rndevtools\specs'] {
2358 silly tar   errno: -4058,
2358 silly tar   code: 'ENOENT',
2358 silly tar   syscall: 'lstat',
2358 silly tar   path: 'C:/Users/Ansi/Desktop/FixNow/node_modules/react-native/src/private/devsupport/rndevtools/specs',
2358 silly tar   entry: ReadEntry {
2358 silly tar     _events: [Object: null prototype] { end: [Function (anonymous)] },
2358 silly tar     _eventsCount: 1,
2358 silly tar     _maxListeners: undefined,
2358 silly tar     writable: false,
2358 silly tar     readable: true,
2358 silly tar     extended: null,
2358 silly tar     globalExtended: null,
2358 silly tar     header: Header {
2358 silly tar       cksumValid: true,
2358 silly tar       needPax: false,
2358 silly tar       nullBlock: false,
2358 silly tar       block: null,
2358 silly tar       path: 'package/src/private/devsupport/rndevtools/specs/NativeReactDevToolsRuntimeSettingsModule.js',
2358 silly tar       mode: 420,
2358 silly tar       uid: null,
2358 silly tar       gid: null,
2358 silly tar       size: 977,
2358 silly tar       mtime: 1985-10-26T08:15:00.000Z,
2358 silly tar       cksum: 12247,
2358 silly tar       linkpath: '',
2358 silly tar       uname: '',
2358 silly tar       gname: '',
2358 silly tar       devmaj: 0,
2358 silly tar       devmin: 0,
2358 silly tar       atime: null,
2358 silly tar       ctime: null,
2358 silly tar       [Symbol(type)]: '0'
2358 silly tar     },
2358 silly tar     startBlockSize: 1024,
2358 silly tar     blockRemain: 0,
2358 silly tar     remain: 0,
2358 silly tar     type: 'File',
2358 silly tar     meta: false,
2358 silly tar     ignore: false,
2358 silly tar     path: 'src/private/devsupport/rndevtools/specs/NativeReactDevToolsRuntimeSettingsModule.js',
2358 silly tar     mode: 438,
2358 silly tar     uid: null,
2358 silly tar     gid: null,
2358 silly tar     uname: '',
2358 silly tar     gname: '',
2358 silly tar     size: 977,
2358 silly tar     mtime: 1985-10-26T08:15:00.000Z,
2358 silly tar     atime: null,
2358 silly tar     ctime: null,
2358 silly tar     linkpath: '',
2358 silly tar     absolute: 'C:/Users/Ansi/Desktop/FixNow/node_modules/react-native/src/private/devsupport/rndevtools/specs/NativeReactDevToolsRuntimeSettingsModule.js',
2358 silly tar     [Symbol(shapeMode)]: false,
2358 silly tar     [Symbol(kCapture)]: false,
2358 silly tar     [Symbol(flowing)]: false,
2358 silly tar     [Symbol(paused)]: true,
2358 silly tar     [Symbol(pipes)]: [],
2358 silly tar     [Symbol(buffer)]: [
2358 silly tar       <Buffer 2f 2a 2a 0a 20 2a 20 43 6f 70 79 72 69 67 68 74 20 28 63 29 20 4d 65 74 61 20 50 6c 61 74 66 6f 72 6d 73 2c 20 49 6e 63 2e 20 61 6e 64 20 61 66 66 69 ... 927 more bytes>
2358 silly tar     ],
2358 silly tar     [Symbol(objectMode)]: false,
2358 silly tar     [Symbol(encoding)]: null,
2358 silly tar     [Symbol(async)]: false,
2358 silly tar     [Symbol(decoder)]: null,
2358 silly tar     [Symbol(EOF)]: true,
2358 silly tar     [Symbol(emittedEnd)]: false,
2358 silly tar     [Symbol(emittingEnd)]: false,
2358 silly tar     [Symbol(closed)]: false,
2358 silly tar     [Symbol(emittedError)]: null,
2358 silly tar     [Symbol(bufferLength)]: 977,
2358 silly tar     [Symbol(destroyed)]: false,
2358 silly tar     [Symbol(signal)]: undefined,
2358 silly tar     [Symbol(aborted)]: false
2358 silly tar   },
2358 silly tar   cwd: 'C:/Users/Ansi/Desktop/FixNow/node_modules/react-native',
2358 silly tar   tarCode: 'TAR_ENTRY_ERROR'
2358 silly tar }
2359 warn tar TAR_ENTRY_ERROR ENOENT: no such file or directory, lstat 'C:\Users\Ansi\Desktop\FixNow\node_modules\react-native\src\private\devsupport\rndevtools\specs'
2360 silly tar TAR_ENTRY_ERROR ENOENT: no such file or directory, lstat 'C:\Users\Ansi\Desktop\FixNow\node_modules\react-native\src\private\devsupport\rndevtools\specs' [Error: ENOENT: no such file or directory, lstat 'C:\Users\Ansi\Desktop\FixNow\node_modules\react-native\src\private\devsupport\rndevtools\specs'] {
2360 silly tar   errno: -4058,
2360 silly tar   code: 'ENOENT',
2360 silly tar   syscall: 'lstat',
2360 silly tar   path: 'C:/Users/Ansi/Desktop/FixNow/node_modules/react-native/src/private/devsupport/rndevtools/specs',
2360 silly tar   entry: ReadEntry {
2360 silly tar     _events: [Object: null prototype] { end: [Function (anonymous)] },
2360 silly tar     _eventsCount: 1,
2360 silly tar     _maxListeners: undefined,
2360 silly tar     writable: false,
2360 silly tar     readable: true,
2360 silly tar     extended: null,
2360 silly tar     globalExtended: null,
2360 silly tar     header: Header {
2360 silly tar       cksumValid: true,
2360 silly tar       needPax: false,
2360 silly tar       nullBlock: false,
2360 silly tar       block: null,
2360 silly tar       path: 'package/src/private/devsupport/rndevtools/specs/NativeReactDevToolsSettingsManager.js',
2360 silly tar       mode: 420,
2360 silly tar       uid: null,
2360 silly tar       gid: null,
2360 silly tar       size: 636,
2360 silly tar       mtime: 1985-10-26T08:15:00.000Z,
2360 silly tar       cksum: 11594,
2360 silly tar       linkpath: '',
2360 silly tar       uname: '',
2360 silly tar       gname: '',
2360 silly tar       devmaj: 0,
2360 silly tar       devmin: 0,
2360 silly tar       atime: null,
2360 silly tar       ctime: null,
2360 silly tar       [Symbol(type)]: '0'
2360 silly tar     },
2360 silly tar     startBlockSize: 1024,
2360 silly tar     blockRemain: 0,
2360 silly tar     remain: 0,
2360 silly tar     type: 'File',
2360 silly tar     meta: false,
2360 silly tar     ignore: false,
2360 silly tar     path: 'src/private/devsupport/rndevtools/specs/NativeReactDevToolsSettingsManager.js',
2360 silly tar     mode: 438,
2360 silly tar     uid: null,
2360 silly tar     gid: null,
2360 silly tar     uname: '',
2360 silly tar     gname: '',
2360 silly tar     size: 636,
2360 silly tar     mtime: 1985-10-26T08:15:00.000Z,
2360 silly tar     atime: null,
2360 silly tar     ctime: null,
2360 silly tar     linkpath: '',
2360 silly tar     absolute: 'C:/Users/Ansi/Desktop/FixNow/node_modules/react-native/src/private/devsupport/rndevtools/specs/NativeReactDevToolsSettingsManager.js',
2360 silly tar     [Symbol(shapeMode)]: false,
2360 silly tar     [Symbol(kCapture)]: false,
2360 silly tar     [Symbol(flowing)]: false,
2360 silly tar     [Symbol(paused)]: true,
2360 silly tar     [Symbol(pipes)]: [],
2360 silly tar     [Symbol(buffer)]: [
2360 silly tar       <Buffer 2f 2a 2a 0a 20 2a 20 43 6f 70 79 72 69 67 68 74 20 28 63 29 20 4d 65 74 61 20 50 6c 61 74 66 6f 72 6d 73 2c 20 49 6e 63 2e 20 61 6e 64 20 61 66 66 69 ... 586 more bytes>
2360 silly tar     ],
2360 silly tar     [Symbol(objectMode)]: false,
2360 silly tar     [Symbol(encoding)]: null,
2360 silly tar     [Symbol(async)]: false,
2360 silly tar     [Symbol(decoder)]: null,
2360 silly tar     [Symbol(EOF)]: true,
2360 silly tar     [Symbol(emittedEnd)]: false,
2360 silly tar     [Symbol(emittingEnd)]: false,
2360 silly tar     [Symbol(closed)]: false,
2360 silly tar     [Symbol(emittedError)]: null,
2360 silly tar     [Symbol(bufferLength)]: 636,
2360 silly tar     [Symbol(destroyed)]: false,
2360 silly tar     [Symbol(signal)]: undefined,
2360 silly tar     [Symbol(aborted)]: false
2360 silly tar   },
2360 silly tar   cwd: 'C:/Users/Ansi/Desktop/FixNow/node_modules/react-native',
2360 silly tar   tarCode: 'TAR_ENTRY_ERROR'
2360 silly tar }
2361 warn tar TAR_ENTRY_ERROR ENOENT: no such file or directory, open 'C:\Users\Ansi\Desktop\FixNow\node_modules\react-native\src\private\devsupport\rndevtools\ReactDevToolsSettingsManager.android.js'
2362 silly tar TAR_ENTRY_ERROR ENOENT: no such file or directory, open 'C:\Users\Ansi\Desktop\FixNow\node_modules\react-native\src\private\devsupport\rndevtools\ReactDevToolsSettingsManager.android.js' [Error: ENOENT: no such file or directory, open 'C:\Users\Ansi\Desktop\FixNow\node_modules\react-native\src\private\devsupport\rndevtools\ReactDevToolsSettingsManager.android.js'] {
2362 silly tar   errno: -4058,
2362 silly tar   code: 'ENOENT',
2362 silly tar   syscall: 'open',
2362 silly tar   path: 'C:\\Users\\Ansi\\Desktop\\FixNow\\node_modules\\react-native\\src\\private\\devsupport\\rndevtools\\ReactDevToolsSettingsManager.android.js',
2362 silly tar   entry: ReadEntry {
2362 silly tar     _events: [Object: null prototype] {},
2362 silly tar     _eventsCount: 0,
2362 silly tar     _maxListeners: undefined,
2362 silly tar     writable: false,
2362 silly tar     readable: false,
2362 silly tar     extended: null,
2362 silly tar     globalExtended: null,
2362 silly tar     header: Header {
2362 silly tar       cksumValid: true,
2362 silly tar       needPax: false,
2362 silly tar       nullBlock: false,
2362 silly tar       block: null,
2362 silly tar       path: 'package/src/private/devsupport/rndevtools/ReactDevToolsSettingsManager.android.js',
2362 silly tar       mode: 420,
2362 silly tar       uid: null,
2362 silly tar       gid: null,
2362 silly tar       size: 571,
2362 silly tar       mtime: 1985-10-26T08:15:00.000Z,
2362 silly tar       cksum: 11171,
2362 silly tar       linkpath: '',
2362 silly tar       uname: '',
2362 silly tar       gname: '',
2362 silly tar       devmaj: 0,
2362 silly tar       devmin: 0,
2362 silly tar       atime: null,
2362 silly tar       ctime: null,
2362 silly tar       [Symbol(type)]: '0'
2362 silly tar     },
2362 silly tar     startBlockSize: 1024,
2362 silly tar     blockRemain: 0,
2362 silly tar     remain: 0,
2362 silly tar     type: 'File',
2362 silly tar     meta: false,
2362 silly tar     ignore: false,
2362 silly tar     path: 'src/private/devsupport/rndevtools/ReactDevToolsSettingsManager.android.js',
2362 silly tar     mode: 438,
2362 silly tar     uid: null,
2362 silly tar     gid: null,
2362 silly tar     uname: '',
2362 silly tar     gname: '',
2362 silly tar     size: 571,
2362 silly tar     mtime: 1985-10-26T08:15:00.000Z,
2362 silly tar     atime: null,
2362 silly tar     ctime: null,
2362 silly tar     linkpath: '',
2362 silly tar     absolute: 'C:/Users/Ansi/Desktop/FixNow/node_modules/react-native/src/private/devsupport/rndevtools/ReactDevToolsSettingsManager.android.js',
2362 silly tar     [Symbol(shapeMode)]: false,
2362 silly tar     [Symbol(kCapture)]: false,
2362 silly tar     [Symbol(flowing)]: false,
2362 silly tar     [Symbol(paused)]: true,
2362 silly tar     [Symbol(pipes)]: [ [Pipe] ],
2362 silly tar     [Symbol(buffer)]: [],
2362 silly tar     [Symbol(objectMode)]: false,
2362 silly tar     [Symbol(encoding)]: null,
2362 silly tar     [Symbol(async)]: false,
2362 silly tar     [Symbol(decoder)]: null,
2362 silly tar     [Symbol(EOF)]: true,
2362 silly tar     [Symbol(emittedEnd)]: true,
2362 silly tar     [Symbol(emittingEnd)]: false,
2362 silly tar     [Symbol(closed)]: false,
2362 silly tar     [Symbol(emittedError)]: null,
2362 silly tar     [Symbol(bufferLength)]: 0,
2362 silly tar     [Symbol(destroyed)]: false,
2362 silly tar     [Symbol(signal)]: undefined,
2362 silly tar     [Symbol(aborted)]: false
2362 silly tar   },
2362 silly tar   cwd: 'C:/Users/Ansi/Desktop/FixNow/node_modules/react-native',
2362 silly tar   tarCode: 'TAR_ENTRY_ERROR'
2362 silly tar }
2363 warn tar TAR_ENTRY_ERROR ENOENT: no such file or directory, open 'C:\Users\Ansi\Desktop\FixNow\node_modules\react-native\src\private\devsupport\rndevtools\ReactDevToolsSettingsManager.ios.js'
2364 silly tar TAR_ENTRY_ERROR ENOENT: no such file or directory, open 'C:\Users\Ansi\Desktop\FixNow\node_modules\react-native\src\private\devsupport\rndevtools\ReactDevToolsSettingsManager.ios.js' [Error: ENOENT: no such file or directory, open 'C:\Users\Ansi\Desktop\FixNow\node_modules\react-native\src\private\devsupport\rndevtools\ReactDevToolsSettingsManager.ios.js'] {
2364 silly tar   errno: -4058,
2364 silly tar   code: 'ENOENT',
2364 silly tar   syscall: 'open',
2364 silly tar   path: 'C:\\Users\\Ansi\\Desktop\\FixNow\\node_modules\\react-native\\src\\private\\devsupport\\rndevtools\\ReactDevToolsSettingsManager.ios.js',
2364 silly tar   entry: ReadEntry {
2364 silly tar     _events: [Object: null prototype] {},
2364 silly tar     _eventsCount: 0,
2364 silly tar     _maxListeners: undefined,
2364 silly tar     writable: false,
2364 silly tar     readable: false,
2364 silly tar     extended: null,
2364 silly tar     globalExtended: null,
2364 silly tar     header: Header {
2364 silly tar       cksumValid: true,
2364 silly tar       needPax: false,
2364 silly tar       nullBlock: false,
2364 silly tar       block: null,
2364 silly tar       path: 'package/src/private/devsupport/rndevtools/ReactDevToolsSettingsManager.ios.js',
2364 silly tar       mode: 420,
2364 silly tar       uid: null,
2364 silly tar       gid: null,
2364 silly tar       size: 653,
2364 silly tar       mtime: 1985-10-26T08:15:00.000Z,
2364 silly tar       cksum: 10763,
2364 silly tar       linkpath: '',
2364 silly tar       uname: '',
2364 silly tar       gname: '',
2364 silly tar       devmaj: 0,
2364 silly tar       devmin: 0,
2364 silly tar       atime: null,
2364 silly tar       ctime: null,
2364 silly tar       [Symbol(type)]: '0'
2364 silly tar     },
2364 silly tar     startBlockSize: 1024,
2364 silly tar     blockRemain: 0,
2364 silly tar     remain: 0,
2364 silly tar     type: 'File',
2364 silly tar     meta: false,
2364 silly tar     ignore: false,
2364 silly tar     path: 'src/private/devsupport/rndevtools/ReactDevToolsSettingsManager.ios.js',
2364 silly tar     mode: 438,
2364 silly tar     uid: null,
2364 silly tar     gid: null,
2364 silly tar     uname: '',
2364 silly tar     gname: '',
2364 silly tar     size: 653,
2364 silly tar     mtime: 1985-10-26T08:15:00.000Z,
2364 silly tar     atime: null,
2364 silly tar     ctime: null,
2364 silly tar     linkpath: '',
2364 silly tar     absolute: 'C:/Users/Ansi/Desktop/FixNow/node_modules/react-native/src/private/devsupport/rndevtools/ReactDevToolsSettingsManager.ios.js',
2364 silly tar     [Symbol(shapeMode)]: false,
2364 silly tar     [Symbol(kCapture)]: false,
2364 silly tar     [Symbol(flowing)]: false,
2364 silly tar     [Symbol(paused)]: true,
2364 silly tar     [Symbol(pipes)]: [ [Pipe] ],
2364 silly tar     [Symbol(buffer)]: [],
2364 silly tar     [Symbol(objectMode)]: false,
2364 silly tar     [Symbol(encoding)]: null,
2364 silly tar     [Symbol(async)]: false,
2364 silly tar     [Symbol(decoder)]: null,
2364 silly tar     [Symbol(EOF)]: true,
2364 silly tar     [Symbol(emittedEnd)]: true,
2364 silly tar     [Symbol(emittingEnd)]: false,
2364 silly tar     [Symbol(closed)]: false,
2364 silly tar     [Symbol(emittedError)]: null,
2364 silly tar     [Symbol(bufferLength)]: 0,
2364 silly tar     [Symbol(destroyed)]: false,
2364 silly tar     [Symbol(signal)]: undefined,
2364 silly tar     [Symbol(aborted)]: false
2364 silly tar   },
2364 silly tar   cwd: 'C:/Users/Ansi/Desktop/FixNow/node_modules/react-native',
2364 silly tar   tarCode: 'TAR_ENTRY_ERROR'
2364 silly tar }
2365 warn tar TAR_ENTRY_ERROR ENOENT: no such file or directory, open 'C:\Users\Ansi\Desktop\FixNow\node_modules\react-native\src\private\devsupport\rndevtools\setUpFuseboxReactDevToolsDispatcher.js'
2366 silly tar TAR_ENTRY_ERROR ENOENT: no such file or directory, open 'C:\Users\Ansi\Desktop\FixNow\node_modules\react-native\src\private\devsupport\rndevtools\setUpFuseboxReactDevToolsDispatcher.js' [Error: ENOENT: no such file or directory, open 'C:\Users\Ansi\Desktop\FixNow\node_modules\react-native\src\private\devsupport\rndevtools\setUpFuseboxReactDevToolsDispatcher.js'] {
2366 silly tar   errno: -4058,
2366 silly tar   code: 'ENOENT',
2366 silly tar   syscall: 'open',
2366 silly tar   path: 'C:\\Users\\Ansi\\Desktop\\FixNow\\node_modules\\react-native\\src\\private\\devsupport\\rndevtools\\setUpFuseboxReactDevToolsDispatcher.js',
2366 silly tar   entry: ReadEntry {
2366 silly tar     _events: [Object: null prototype] { end: [Function (anonymous)] },
2366 silly tar     _eventsCount: 1,
2366 silly tar     _maxListeners: undefined,
2366 silly tar     writable: false,
2366 silly tar     readable: true,
2366 silly tar     extended: null,
2366 silly tar     globalExtended: null,
2366 silly tar     header: Header {
2366 silly tar       cksumValid: true,
2366 silly tar       needPax: false,
2366 silly tar       nullBlock: false,
2366 silly tar       block: null,
2366 silly tar       path: 'package/src/private/devsupport/rndevtools/setUpFuseboxReactDevToolsDispatcher.js',
2366 silly tar       mode: 420,
2366 silly tar       uid: null,
2366 silly tar       gid: null,
2366 silly tar       size: 3009,
2366 silly tar       mtime: 1985-10-26T08:15:00.000Z,
2366 silly tar       cksum: 11134,
2366 silly tar       linkpath: '',
2366 silly tar       uname: '',
2366 silly tar       gname: '',
2366 silly tar       devmaj: 0,
2366 silly tar       devmin: 0,
2366 silly tar       atime: null,
2366 silly tar       ctime: null,
2366 silly tar       [Symbol(type)]: '0'
2366 silly tar     },
2366 silly tar     startBlockSize: 3072,
2366 silly tar     blockRemain: 0,
2366 silly tar     remain: 0,
2366 silly tar     type: 'File',
2366 silly tar     meta: false,
2366 silly tar     ignore: false,
2366 silly tar     path: 'src/private/devsupport/rndevtools/setUpFuseboxReactDevToolsDispatcher.js',
2366 silly tar     mode: 438,
2366 silly tar     uid: null,
2366 silly tar     gid: null,
2366 silly tar     uname: '',
2366 silly tar     gname: '',
2366 silly tar     size: 3009,
2366 silly tar     mtime: 1985-10-26T08:15:00.000Z,
2366 silly tar     atime: null,
2366 silly tar     ctime: null,
2366 silly tar     linkpath: '',
2366 silly tar     absolute: 'C:/Users/Ansi/Desktop/FixNow/node_modules/react-native/src/private/devsupport/rndevtools/setUpFuseboxReactDevToolsDispatcher.js',
2366 silly tar     [Symbol(shapeMode)]: false,
2366 silly tar     [Symbol(kCapture)]: false,
2366 silly tar     [Symbol(flowing)]: false,
2366 silly tar     [Symbol(paused)]: true,
2366 silly tar     [Symbol(pipes)]: [ [Pipe] ],
2366 silly tar     [Symbol(buffer)]: [
2366 silly tar       <Buffer 67 7d 0a 20 2a 2f 0a 63 6c 61 73 73 20 46 75 73 65 62 6f 78 52 65 61 63 74 44 65 76 54 6f 6f 6c 73 44 69 73 70 61 74 63 68 65 72 20 7b 0a 20 20 73 74 ... 1362 more bytes>
2366 silly tar     ],
2366 silly tar     [Symbol(objectMode)]: false,
2366 silly tar     [Symbol(encoding)]: null,
2366 silly tar     [Symbol(async)]: false,
2366 silly tar     [Symbol(decoder)]: null,
2366 silly tar     [Symbol(EOF)]: true,
2366 silly tar     [Symbol(emittedEnd)]: false,
2366 silly tar     [Symbol(emittingEnd)]: false,
2366 silly tar     [Symbol(closed)]: false,
2366 silly tar     [Symbol(emittedError)]: null,
2366 silly tar     [Symbol(bufferLength)]: 1412,
2366 silly tar     [Symbol(destroyed)]: false,
2366 silly tar     [Symbol(signal)]: undefined,
2366 silly tar     [Symbol(aborted)]: false
2366 silly tar   },
2366 silly tar   cwd: 'C:/Users/Ansi/Desktop/FixNow/node_modules/react-native',
2366 silly tar   tarCode: 'TAR_ENTRY_ERROR'
2366 silly tar }
2367 warn tar TAR_ENTRY_ERROR ENOENT: no such file or directory, open 'C:\Users\Ansi\Desktop\FixNow\node_modules\react-native\ReactCommon\react\nativemodule\devtoolsruntimesettings\README.md'
2368 silly tar TAR_ENTRY_ERROR ENOENT: no such file or directory, open 'C:\Users\Ansi\Desktop\FixNow\node_modules\react-native\ReactCommon\react\nativemodule\devtoolsruntimesettings\README.md' [Error: ENOENT: no such file or directory, open 'C:\Users\Ansi\Desktop\FixNow\node_modules\react-native\ReactCommon\react\nativemodule\devtoolsruntimesettings\README.md'] {
2368 silly tar   errno: -4058,
2368 silly tar   code: 'ENOENT',
2368 silly tar   syscall: 'open',
2368 silly tar   path: 'C:\\Users\\Ansi\\Desktop\\FixNow\\node_modules\\react-native\\ReactCommon\\react\\nativemodule\\devtoolsruntimesettings\\README.md',
2368 silly tar   entry: ReadEntry {
2368 silly tar     _events: [Object: null prototype] {},
2368 silly tar     _eventsCount: 0,
2368 silly tar     _maxListeners: undefined,
2368 silly tar     writable: false,
2368 silly tar     readable: false,
2368 silly tar     extended: null,
2368 silly tar     globalExtended: null,
2368 silly tar     header: Header {
2368 silly tar       cksumValid: true,
2368 silly tar       needPax: false,
2368 silly tar       nullBlock: false,
2368 silly tar       block: null,
2368 silly tar       path: 'package/ReactCommon/react/nativemodule/devtoolsruntimesettings/README.md',
2368 silly tar       mode: 420,
2368 silly tar       uid: null,
2368 silly tar       gid: null,
2368 silly tar       size: 193,
2368 silly tar       mtime: 1985-10-26T08:15:00.000Z,
2368 silly tar       cksum: 10094,
2368 silly tar       linkpath: '',
2368 silly tar       uname: '',
2368 silly tar       gname: '',
2368 silly tar       devmaj: 0,
2368 silly tar       devmin: 0,
2368 silly tar       atime: null,
2368 silly tar       ctime: null,
2368 silly tar       [Symbol(type)]: '0'
2368 silly tar     },
2368 silly tar     startBlockSize: 512,
2368 silly tar     blockRemain: 0,
2368 silly tar     remain: 0,
2368 silly tar     type: 'File',
2368 silly tar     meta: false,
2368 silly tar     ignore: false,
2368 silly tar     path: 'ReactCommon/react/nativemodule/devtoolsruntimesettings/README.md',
2368 silly tar     mode: 438,
2368 silly tar     uid: null,
2368 silly tar     gid: null,
2368 silly tar     uname: '',
2368 silly tar     gname: '',
2368 silly tar     size: 193,
2368 silly tar     mtime: 1985-10-26T08:15:00.000Z,
2368 silly tar     atime: null,
2368 silly tar     ctime: null,
2368 silly tar     linkpath: '',
2368 silly tar     absolute: 'C:/Users/Ansi/Desktop/FixNow/node_modules/react-native/ReactCommon/react/nativemodule/devtoolsruntimesettings/README.md',
2368 silly tar     [Symbol(shapeMode)]: false,
2368 silly tar     [Symbol(kCapture)]: false,
2368 silly tar     [Symbol(flowing)]: false,
2368 silly tar     [Symbol(paused)]: true,
2368 silly tar     [Symbol(pipes)]: [ [Pipe] ],
2368 silly tar     [Symbol(buffer)]: [],
2368 silly tar     [Symbol(objectMode)]: false,
2368 silly tar     [Symbol(encoding)]: null,
2368 silly tar     [Symbol(async)]: false,
2368 silly tar     [Symbol(decoder)]: null,
2368 silly tar     [Symbol(EOF)]: true,
2368 silly tar     [Symbol(emittedEnd)]: true,
2368 silly tar     [Symbol(emittingEnd)]: false,
2368 silly tar     [Symbol(closed)]: false,
2368 silly tar     [Symbol(emittedError)]: null,
2368 silly tar     [Symbol(bufferLength)]: 0,
2368 silly tar     [Symbol(destroyed)]: false,
2368 silly tar     [Symbol(signal)]: undefined,
2368 silly tar     [Symbol(aborted)]: false
2368 silly tar   },
2368 silly tar   cwd: 'C:/Users/Ansi/Desktop/FixNow/node_modules/react-native',
2368 silly tar   tarCode: 'TAR_ENTRY_ERROR'
2368 silly tar }
2369 warn tar TAR_ENTRY_ERROR ENOENT: no such file or directory, open 'C:\Users\Ansi\Desktop\FixNow\node_modules\react-native\React\FBReactNativeSpec\FBReactNativeSpec\FBReactNativeSpec-generated.mm'
2370 silly tar TAR_ENTRY_ERROR ENOENT: no such file or directory, open 'C:\Users\Ansi\Desktop\FixNow\node_modules\react-native\React\FBReactNativeSpec\FBReactNativeSpec\FBReactNativeSpec-generated.mm' [Error: ENOENT: no such file or directory, open 'C:\Users\Ansi\Desktop\FixNow\node_modules\react-native\React\FBReactNativeSpec\FBReactNativeSpec\FBReactNativeSpec-generated.mm'] {
2370 silly tar   errno: -4058,
2370 silly tar   code: 'ENOENT',
2370 silly tar   syscall: 'open',
2370 silly tar   path: 'C:\\Users\\Ansi\\Desktop\\FixNow\\node_modules\\react-native\\React\\FBReactNativeSpec\\FBReactNativeSpec\\FBReactNativeSpec-generated.mm',
2370 silly tar   entry: ReadEntry {
2370 silly tar     _events: [Object: null prototype] {
2370 silly tar       end: [Function (anonymous)],
2370 silly tar       drain: [Function]
2370 silly tar     },
2370 silly tar     _eventsCount: 2,
2370 silly tar     _maxListeners: undefined,
2370 silly tar     writable: true,
2370 silly tar     readable: true,
2370 silly tar     extended: null,
2370 silly tar     globalExtended: null,
2370 silly tar     header: Header {
2370 silly tar       cksumValid: true,
2370 silly tar       needPax: false,
2370 silly tar       nullBlock: false,
2370 silly tar       block: null,
2370 silly tar       path: 'package/React/FBReactNativeSpec/FBReactNativeSpec/FBReactNativeSpec-generated.mm',
2370 silly tar       mode: 420,
2370 silly tar       uid: null,
2370 silly tar       gid: null,
2370 silly tar       size: 131992,
2370 silly tar       mtime: 1985-10-26T08:15:00.000Z,
2370 silly tar       cksum: 10577,
2370 silly tar       linkpath: '',
2370 silly tar       uname: '',
2370 silly tar       gname: '',
2370 silly tar       devmaj: 0,
2370 silly tar       devmin: 0,
2370 silly tar       atime: null,
2370 silly tar       ctime: null,
2370 silly tar       [Symbol(type)]: '0'
2370 silly tar     },
2370 silly tar     startBlockSize: 132096,
2370 silly tar     blockRemain: 73453,
2370 silly tar     remain: 73349,
2370 silly tar     type: 'File',
2370 silly tar     meta: false,
2370 silly tar     ignore: false,
2370 silly tar     path: 'React/FBReactNativeSpec/FBReactNativeSpec/FBReactNativeSpec-generated.mm',
2370 silly tar     mode: 438,
2370 silly tar     uid: null,
2370 silly tar     gid: null,
2370 silly tar     uname: '',
2370 silly tar     gname: '',
2370 silly tar     size: 131992,
2370 silly tar     mtime: 1985-10-26T08:15:00.000Z,
2370 silly tar     atime: null,
2370 silly tar     ctime: null,
2370 silly tar     linkpath: '',
2370 silly tar     absolute: 'C:/Users/Ansi/Desktop/FixNow/node_modules/react-native/React/FBReactNativeSpec/FBReactNativeSpec/FBReactNativeSpec-generated.mm',
2370 silly tar     [Symbol(shapeMode)]: false,
2370 silly tar     [Symbol(kCapture)]: false,
2370 silly tar     [Symbol(flowing)]: false,
2370 silly tar     [Symbol(paused)]: true,
2370 silly tar     [Symbol(pipes)]: [ [Pipe] ],
2370 silly tar     [Symbol(buffer)]: [
2370 silly tar       <Buffer 74 29 3b 0a 20 20 20 20 7d 0a 0a 20 20 20 20 73 74 61 74 69 63 20 66 61 63 65 62 6f 6f 6b 3a 3a 6a 73 69 3a 3a 56 61 6c 75 65 20 5f 5f 68 6f 73 74 46 ... 16334 more bytes>,
2370 silly tar       <Buffer 76 65 4c 69 73 74 65 6e 65 72 73 3a 29 2c 20 61 72 67 73 2c 20 63 6f 75 6e 74 29 3b 0a 20 20 20 20 7d 0a 0a 20 20 20 20 73 74 61 74 69 63 20 66 61 63 ... 16334 more bytes>,
2370 silly tar       <Buffer 66 66 73 65 74 22 5d 20 3d 20 4d 65 74 68 6f 64 4d 65 74 61 64 61 74 61 20 7b 31 2c 20 5f 5f 68 6f 73 74 46 75 6e 63 74 69 6f 6e 5f 4e 61 74 69 76 65 ... 14536 more bytes>
2370 silly tar     ],
2370 silly tar     [Symbol(objectMode)]: false,
2370 silly tar     [Symbol(encoding)]: null,
2370 silly tar     [Symbol(async)]: false,
2370 silly tar     [Symbol(decoder)]: null,
2370 silly tar     [Symbol(EOF)]: false,
2370 silly tar     [Symbol(emittedEnd)]: false,
2370 silly tar     [Symbol(emittingEnd)]: false,
2370 silly tar     [Symbol(closed)]: false,
2370 silly tar     [Symbol(emittedError)]: null,
2370 silly tar     [Symbol(bufferLength)]: 47354,
2370 silly tar     [Symbol(destroyed)]: false,
2370 silly tar     [Symbol(signal)]: undefined,
2370 silly tar     [Symbol(aborted)]: false
2370 silly tar   },
2370 silly tar   cwd: 'C:/Users/Ansi/Desktop/FixNow/node_modules/react-native',
2370 silly tar   tarCode: 'TAR_ENTRY_ERROR'
2370 silly tar }
2371 warn tar TAR_ENTRY_ERROR ENOENT: no such file or directory, open 'C:\Users\Ansi\Desktop\FixNow\node_modules\react-native\ReactCommon\react\utils\platform\ios\react\utils\FollyConvert.mm'
2372 silly tar TAR_ENTRY_ERROR ENOENT: no such file or directory, open 'C:\Users\Ansi\Desktop\FixNow\node_modules\react-native\ReactCommon\react\utils\platform\ios\react\utils\FollyConvert.mm' [Error: ENOENT: no such file or directory, open 'C:\Users\Ansi\Desktop\FixNow\node_modules\react-native\ReactCommon\react\utils\platform\ios\react\utils\FollyConvert.mm'] {
2372 silly tar   errno: -4058,
2372 silly tar   code: 'ENOENT',
2372 silly tar   syscall: 'open',
2372 silly tar   path: 'C:\\Users\\Ansi\\Desktop\\FixNow\\node_modules\\react-native\\ReactCommon\\react\\utils\\platform\\ios\\react\\utils\\FollyConvert.mm',
2372 silly tar   entry: ReadEntry {
2372 silly tar     _events: [Object: null prototype] {},
2372 silly tar     _eventsCount: 0,
2372 silly tar     _maxListeners: undefined,
2372 silly tar     writable: false,
2372 silly tar     readable: false,
2372 silly tar     extended: null,
2372 silly tar     globalExtended: null,
2372 silly tar     header: Header {
2372 silly tar       cksumValid: true,
2372 silly tar       needPax: false,
2372 silly tar       nullBlock: false,
2372 silly tar       block: null,
2372 silly tar       path: 'package/ReactCommon/react/utils/platform/ios/react/utils/FollyConvert.mm',
2372 silly tar       mode: 420,
2372 silly tar       uid: null,
2372 silly tar       gid: null,
2372 silly tar       size: 4283,
2372 silly tar       mtime: 1985-10-26T08:15:00.000Z,
2372 silly tar       cksum: 10101,
2372 silly tar       linkpath: '',
2372 silly tar       uname: '',
2372 silly tar       gname: '',
2372 silly tar       devmaj: 0,
2372 silly tar       devmin: 0,
2372 silly tar       atime: null,
2372 silly tar       ctime: null,
2372 silly tar       [Symbol(type)]: '0'
2372 silly tar     },
2372 silly tar     startBlockSize: 4608,
2372 silly tar     blockRemain: 0,
2372 silly tar     remain: 0,
2372 silly tar     type: 'File',
2372 silly tar     meta: false,
2372 silly tar     ignore: false,
2372 silly tar     path: 'ReactCommon/react/utils/platform/ios/react/utils/FollyConvert.mm',
2372 silly tar     mode: 438,
2372 silly tar     uid: null,
2372 silly tar     gid: null,
2372 silly tar     uname: '',
2372 silly tar     gname: '',
2372 silly tar     size: 4283,
2372 silly tar     mtime: 1985-10-26T08:15:00.000Z,
2372 silly tar     atime: null,
2372 silly tar     ctime: null,
2372 silly tar     linkpath: '',
2372 silly tar     absolute: 'C:/Users/Ansi/Desktop/FixNow/node_modules/react-native/ReactCommon/react/utils/platform/ios/react/utils/FollyConvert.mm',
2372 silly tar     [Symbol(shapeMode)]: false,
2372 silly tar     [Symbol(kCapture)]: false,
2372 silly tar     [Symbol(flowing)]: false,
2372 silly tar     [Symbol(paused)]: true,
2372 silly tar     [Symbol(pipes)]: [ [Pipe] ],
2372 silly tar     [Symbol(buffer)]: [],
2372 silly tar     [Symbol(objectMode)]: false,
2372 silly tar     [Symbol(encoding)]: null,
2372 silly tar     [Symbol(async)]: false,
2372 silly tar     [Symbol(decoder)]: null,
2372 silly tar     [Symbol(EOF)]: true,
2372 silly tar     [Symbol(emittedEnd)]: true,
2372 silly tar     [Symbol(emittingEnd)]: false,
2372 silly tar     [Symbol(closed)]: false,
2372 silly tar     [Symbol(emittedError)]: null,
2372 silly tar     [Symbol(bufferLength)]: 0,
2372 silly tar     [Symbol(destroyed)]: false,
2372 silly tar     [Symbol(signal)]: undefined,
2372 silly tar     [Symbol(aborted)]: false
2372 silly tar   },
2372 silly tar   cwd: 'C:/Users/Ansi/Desktop/FixNow/node_modules/react-native',
2372 silly tar   tarCode: 'TAR_ENTRY_ERROR'
2372 silly tar }
2373 warn tar TAR_ENTRY_ERROR ENOENT: no such file or directory, open 'C:\Users\Ansi\Desktop\FixNow\node_modules\react-native\ReactCommon\react\utils\platform\ios\react\utils\LowPriorityExecutor.mm'
2374 silly tar TAR_ENTRY_ERROR ENOENT: no such file or directory, open 'C:\Users\Ansi\Desktop\FixNow\node_modules\react-native\ReactCommon\react\utils\platform\ios\react\utils\LowPriorityExecutor.mm' [Error: ENOENT: no such file or directory, open 'C:\Users\Ansi\Desktop\FixNow\node_modules\react-native\ReactCommon\react\utils\platform\ios\react\utils\LowPriorityExecutor.mm'] {
2374 silly tar   errno: -4058,
2374 silly tar   code: 'ENOENT',
2374 silly tar   syscall: 'open',
2374 silly tar   path: 'C:\\Users\\Ansi\\Desktop\\FixNow\\node_modules\\react-native\\ReactCommon\\react\\utils\\platform\\ios\\react\\utils\\LowPriorityExecutor.mm',
2374 silly tar   entry: ReadEntry {
2374 silly tar     _events: [Object: null prototype] {},
2374 silly tar     _eventsCount: 0,
2374 silly tar     _maxListeners: undefined,
2374 silly tar     writable: false,
2374 silly tar     readable: false,
2374 silly tar     extended: null,
2374 silly tar     globalExtended: null,
2374 silly tar     header: Header {
2374 silly tar       cksumValid: true,
2374 silly tar       needPax: false,
2374 silly tar       nullBlock: false,
2374 silly tar       block: null,
2374 silly tar       path: 'package/ReactCommon/react/utils/platform/ios/react/utils/LowPriorityExecutor.mm',
2374 silly tar       mode: 420,
2374 silly tar       uid: null,
2374 silly tar       gid: null,
2374 silly tar       size: 580,
2374 silly tar       mtime: 1985-10-26T08:15:00.000Z,
2374 silly tar       cksum: 10858,
2374 silly tar       linkpath: '',
2374 silly tar       uname: '',
2374 silly tar       gname: '',
2374 silly tar       devmaj: 0,
2374 silly tar       devmin: 0,
2374 silly tar       atime: null,
2374 silly tar       ctime: null,
2374 silly tar       [Symbol(type)]: '0'
2374 silly tar     },
2374 silly tar     startBlockSize: 1024,
2374 silly tar     blockRemain: 0,
2374 silly tar     remain: 0,
2374 silly tar     type: 'File',
2374 silly tar     meta: false,
2374 silly tar     ignore: false,
2374 silly tar     path: 'ReactCommon/react/utils/platform/ios/react/utils/LowPriorityExecutor.mm',
2374 silly tar     mode: 438,
2374 silly tar     uid: null,
2374 silly tar     gid: null,
2374 silly tar     uname: '',
2374 silly tar     gname: '',
2374 silly tar     size: 580,
2374 silly tar     mtime: 1985-10-26T08:15:00.000Z,
2374 silly tar     atime: null,
2374 silly tar     ctime: null,
2374 silly tar     linkpath: '',
2374 silly tar     absolute: 'C:/Users/Ansi/Desktop/FixNow/node_modules/react-native/ReactCommon/react/utils/platform/ios/react/utils/LowPriorityExecutor.mm',
2374 silly tar     [Symbol(shapeMode)]: false,
2374 silly tar     [Symbol(kCapture)]: false,
2374 silly tar     [Symbol(flowing)]: false,
2374 silly tar     [Symbol(paused)]: true,
2374 silly tar     [Symbol(pipes)]: [ [Pipe] ],
2374 silly tar     [Symbol(buffer)]: [],
2374 silly tar     [Symbol(objectMode)]: false,
2374 silly tar     [Symbol(encoding)]: null,
2374 silly tar     [Symbol(async)]: false,
2374 silly tar     [Symbol(decoder)]: null,
2374 silly tar     [Symbol(EOF)]: true,
2374 silly tar     [Symbol(emittedEnd)]: true,
2374 silly tar     [Symbol(emittingEnd)]: false,
2374 silly tar     [Symbol(closed)]: false,
2374 silly tar     [Symbol(emittedError)]: null,
2374 silly tar     [Symbol(bufferLength)]: 0,
2374 silly tar     [Symbol(destroyed)]: false,
2374 silly tar     [Symbol(signal)]: undefined,
2374 silly tar     [Symbol(aborted)]: false
2374 silly tar   },
2374 silly tar   cwd: 'C:/Users/Ansi/Desktop/FixNow/node_modules/react-native',
2374 silly tar   tarCode: 'TAR_ENTRY_ERROR'
2374 silly tar }
2375 warn tar TAR_ENTRY_ERROR ENOENT: no such file or directory, open 'C:\Users\Ansi\Desktop\FixNow\node_modules\react-native\ReactCommon\jsinspector-modern\cdp\React-jsinspectorcdp.podspec'
2376 silly tar TAR_ENTRY_ERROR ENOENT: no such file or directory, open 'C:\Users\Ansi\Desktop\FixNow\node_modules\react-native\ReactCommon\jsinspector-modern\cdp\React-jsinspectorcdp.podspec' [Error: ENOENT: no such file or directory, open 'C:\Users\Ansi\Desktop\FixNow\node_modules\react-native\ReactCommon\jsinspector-modern\cdp\React-jsinspectorcdp.podspec'] {
2376 silly tar   errno: -4058,
2376 silly tar   code: 'ENOENT',
2376 silly tar   syscall: 'open',
2376 silly tar   path: 'C:\\Users\\Ansi\\Desktop\\FixNow\\node_modules\\react-native\\ReactCommon\\jsinspector-modern\\cdp\\React-jsinspectorcdp.podspec',
2376 silly tar   entry: ReadEntry {
2376 silly tar     _events: [Object: null prototype] {},
2376 silly tar     _eventsCount: 0,
2376 silly tar     _maxListeners: undefined,
2376 silly tar     writable: false,
2376 silly tar     readable: false,
2376 silly tar     extended: null,
2376 silly tar     globalExtended: null,
2376 silly tar     header: Header {
2376 silly tar       cksumValid: true,
2376 silly tar       needPax: false,
2376 silly tar       nullBlock: false,
2376 silly tar       block: null,
2376 silly tar       path: 'package/ReactCommon/jsinspector-modern/cdp/React-jsinspectorcdp.podspec',
2376 silly tar       mode: 420,
2376 silly tar       uid: null,
2376 silly tar       gid: null,
2376 silly tar       size: 1853,
2376 silly tar       mtime: 1985-10-26T08:15:00.000Z,
2376 silly tar       cksum: 10080,
2376 silly tar       linkpath: '',
2376 silly tar       uname: '',
2376 silly tar       gname: '',
2376 silly tar       devmaj: 0,
2376 silly tar       devmin: 0,
2376 silly tar       atime: null,
2376 silly tar       ctime: null,
2376 silly tar       [Symbol(type)]: '0'
2376 silly tar     },
2376 silly tar     startBlockSize: 2048,
2376 silly tar     blockRemain: 0,
2376 silly tar     remain: 0,
2376 silly tar     type: 'File',
2376 silly tar     meta: false,
2376 silly tar     ignore: false,
2376 silly tar     path: 'ReactCommon/jsinspector-modern/cdp/React-jsinspectorcdp.podspec',
2376 silly tar     mode: 438,
2376 silly tar     uid: null,
2376 silly tar     gid: null,
2376 silly tar     uname: '',
2376 silly tar     gname: '',
2376 silly tar     size: 1853,
2376 silly tar     mtime: 1985-10-26T08:15:00.000Z,
2376 silly tar     atime: null,
2376 silly tar     ctime: null,
2376 silly tar     linkpath: '',
2376 silly tar     absolute: 'C:/Users/Ansi/Desktop/FixNow/node_modules/react-native/ReactCommon/jsinspector-modern/cdp/React-jsinspectorcdp.podspec',
2376 silly tar     [Symbol(shapeMode)]: false,
2376 silly tar     [Symbol(kCapture)]: false,
2376 silly tar     [Symbol(flowing)]: false,
2376 silly tar     [Symbol(paused)]: true,
2376 silly tar     [Symbol(pipes)]: [ [Pipe] ],
2376 silly tar     [Symbol(buffer)]: [],
2376 silly tar     [Symbol(objectMode)]: false,
2376 silly tar     [Symbol(encoding)]: null,
2376 silly tar     [Symbol(async)]: false,
2376 silly tar     [Symbol(decoder)]: null,
2376 silly tar     [Symbol(EOF)]: true,
2376 silly tar     [Symbol(emittedEnd)]: true,
2376 silly tar     [Symbol(emittingEnd)]: false,
2376 silly tar     [Symbol(closed)]: false,
2376 silly tar     [Symbol(emittedError)]: null,
2376 silly tar     [Symbol(bufferLength)]: 0,
2376 silly tar     [Symbol(destroyed)]: false,
2376 silly tar     [Symbol(signal)]: undefined,
2376 silly tar     [Symbol(aborted)]: false
2376 silly tar   },
2376 silly tar   cwd: 'C:/Users/Ansi/Desktop/FixNow/node_modules/react-native',
2376 silly tar   tarCode: 'TAR_ENTRY_ERROR'
2376 silly tar }
2377 warn tar TAR_ENTRY_ERROR ENOENT: no such file or directory, open 'C:\Users\Ansi\Desktop\FixNow\node_modules\react-native\ReactCommon\jsinspector-modern\network\React-jsinspectornetwork.podspec'
2378 silly tar TAR_ENTRY_ERROR ENOENT: no such file or directory, open 'C:\Users\Ansi\Desktop\FixNow\node_modules\react-native\ReactCommon\jsinspector-modern\network\React-jsinspectornetwork.podspec' [Error: ENOENT: no such file or directory, open 'C:\Users\Ansi\Desktop\FixNow\node_modules\react-native\ReactCommon\jsinspector-modern\network\React-jsinspectornetwork.podspec'] {
2378 silly tar   errno: -4058,
2378 silly tar   code: 'ENOENT',
2378 silly tar   syscall: 'open',
2378 silly tar   path: 'C:\\Users\\Ansi\\Desktop\\FixNow\\node_modules\\react-native\\ReactCommon\\jsinspector-modern\\network\\React-jsinspectornetwork.podspec',
2378 silly tar   entry: ReadEntry {
2378 silly tar     _events: [Object: null prototype] {},
2378 silly tar     _eventsCount: 0,
2378 silly tar     _maxListeners: undefined,
2378 silly tar     writable: false,
2378 silly tar     readable: false,
2378 silly tar     extended: null,
2378 silly tar     globalExtended: null,
2378 silly tar     header: Header {
2378 silly tar       cksumValid: true,
2378 silly tar       needPax: false,
2378 silly tar       nullBlock: false,
2378 silly tar       block: null,
2378 silly tar       path: 'package/ReactCommon/jsinspector-modern/network/React-jsinspectornetwork.podspec',
2378 silly tar       mode: 420,
2378 silly tar       uid: null,
2378 silly tar       gid: null,
2378 silly tar       size: 2038,
2378 silly tar       mtime: 1985-10-26T08:15:00.000Z,
2378 silly tar       cksum: 11017,
2378 silly tar       linkpath: '',
2378 silly tar       uname: '',
2378 silly tar       gname: '',
2378 silly tar       devmaj: 0,
2378 silly tar       devmin: 0,
2378 silly tar       atime: null,
2378 silly tar       ctime: null,
2378 silly tar       [Symbol(type)]: '0'
2378 silly tar     },
2378 silly tar     startBlockSize: 2048,
2378 silly tar     blockRemain: 0,
2378 silly tar     remain: 0,
2378 silly tar     type: 'File',
2378 silly tar     meta: false,
2378 silly tar     ignore: false,
2378 silly tar     path: 'ReactCommon/jsinspector-modern/network/React-jsinspectornetwork.podspec',
2378 silly tar     mode: 438,
2378 silly tar     uid: null,
2378 silly tar     gid: null,
2378 silly tar     uname: '',
2378 silly tar     gname: '',
2378 silly tar     size: 2038,
2378 silly tar     mtime: 1985-10-26T08:15:00.000Z,
2378 silly tar     atime: null,
2378 silly tar     ctime: null,
2378 silly tar     linkpath: '',
2378 silly tar     absolute: 'C:/Users/Ansi/Desktop/FixNow/node_modules/react-native/ReactCommon/jsinspector-modern/network/React-jsinspectornetwork.podspec',
2378 silly tar     [Symbol(shapeMode)]: false,
2378 silly tar     [Symbol(kCapture)]: false,
2378 silly tar     [Symbol(flowing)]: false,
2378 silly tar     [Symbol(paused)]: true,
2378 silly tar     [Symbol(pipes)]: [ [Pipe] ],
2378 silly tar     [Symbol(buffer)]: [],
2378 silly tar     [Symbol(objectMode)]: false,
2378 silly tar     [Symbol(encoding)]: null,
2378 silly tar     [Symbol(async)]: false,
2378 silly tar     [Symbol(decoder)]: null,
2378 silly tar     [Symbol(EOF)]: true,
2378 silly tar     [Symbol(emittedEnd)]: true,
2378 silly tar     [Symbol(emittingEnd)]: false,
2378 silly tar     [Symbol(closed)]: false,
2378 silly tar     [Symbol(emittedError)]: null,
2378 silly tar     [Symbol(bufferLength)]: 0,
2378 silly tar     [Symbol(destroyed)]: false,
2378 silly tar     [Symbol(signal)]: undefined,
2378 silly tar     [Symbol(aborted)]: false
2378 silly tar   },
2378 silly tar   cwd: 'C:/Users/Ansi/Desktop/FixNow/node_modules/react-native',
2378 silly tar   tarCode: 'TAR_ENTRY_ERROR'
2378 silly tar }
2379 warn tar TAR_ENTRY_ERROR ENOENT: no such file or directory, open 'C:\Users\Ansi\Desktop\FixNow\node_modules\react-native\ReactCommon\jsinspector-modern\tracing\React-jsinspectortracing.podspec'
2380 silly tar TAR_ENTRY_ERROR ENOENT: no such file or directory, open 'C:\Users\Ansi\Desktop\FixNow\node_modules\react-native\ReactCommon\jsinspector-modern\tracing\React-jsinspectortracing.podspec' [Error: ENOENT: no such file or directory, open 'C:\Users\Ansi\Desktop\FixNow\node_modules\react-native\ReactCommon\jsinspector-modern\tracing\React-jsinspectortracing.podspec'] {
2380 silly tar   errno: -4058,
2380 silly tar   code: 'ENOENT',
2380 silly tar   syscall: 'open',
2380 silly tar   path: 'C:\\Users\\Ansi\\Desktop\\FixNow\\node_modules\\react-native\\ReactCommon\\jsinspector-modern\\tracing\\React-jsinspectortracing.podspec',
2380 silly tar   entry: ReadEntry {
2380 silly tar     _events: [Object: null prototype] {},
2380 silly tar     _eventsCount: 0,
2380 silly tar     _maxListeners: undefined,
2380 silly tar     writable: false,
2380 silly tar     readable: false,
2380 silly tar     extended: null,
2380 silly tar     globalExtended: null,
2380 silly tar     header: Header {
2380 silly tar       cksumValid: true,
2380 silly tar       needPax: false,
2380 silly tar       nullBlock: false,
2380 silly tar       block: null,
2380 silly tar       path: 'package/ReactCommon/jsinspector-modern/tracing/React-jsinspectortracing.podspec',
2380 silly tar       mode: 420,
2380 silly tar       uid: null,
2380 silly tar       gid: null,
2380 silly tar       size: 1911,
2380 silly tar       mtime: 1985-10-26T08:15:00.000Z,
2380 silly tar       cksum: 10948,
2380 silly tar       linkpath: '',
2380 silly tar       uname: '',
2380 silly tar       gname: '',
2380 silly tar       devmaj: 0,
2380 silly tar       devmin: 0,
2380 silly tar       atime: null,
2380 silly tar       ctime: null,
2380 silly tar       [Symbol(type)]: '0'
2380 silly tar     },
2380 silly tar     startBlockSize: 2048,
2380 silly tar     blockRemain: 0,
2380 silly tar     remain: 0,
2380 silly tar     type: 'File',
2380 silly tar     meta: false,
2380 silly tar     ignore: false,
2380 silly tar     path: 'ReactCommon/jsinspector-modern/tracing/React-jsinspectortracing.podspec',
2380 silly tar     mode: 438,
2380 silly tar     uid: null,
2380 silly tar     gid: null,
2380 silly tar     uname: '',
2380 silly tar     gname: '',
2380 silly tar     size: 1911,
2380 silly tar     mtime: 1985-10-26T08:15:00.000Z,
2380 silly tar     atime: null,
2380 silly tar     ctime: null,
2380 silly tar     linkpath: '',
2380 silly tar     absolute: 'C:/Users/Ansi/Desktop/FixNow/node_modules/react-native/ReactCommon/jsinspector-modern/tracing/React-jsinspectortracing.podspec',
2380 silly tar     [Symbol(shapeMode)]: false,
2380 silly tar     [Symbol(kCapture)]: false,
2380 silly tar     [Symbol(flowing)]: false,
2380 silly tar     [Symbol(paused)]: true,
2380 silly tar     [Symbol(pipes)]: [ [Pipe] ],
2380 silly tar     [Symbol(buffer)]: [],
2380 silly tar     [Symbol(objectMode)]: false,
2380 silly tar     [Symbol(encoding)]: null,
2380 silly tar     [Symbol(async)]: false,
2380 silly tar     [Symbol(decoder)]: null,
2380 silly tar     [Symbol(EOF)]: true,
2380 silly tar     [Symbol(emittedEnd)]: true,
2380 silly tar     [Symbol(emittingEnd)]: false,
2380 silly tar     [Symbol(closed)]: false,
2380 silly tar     [Symbol(emittedError)]: null,
2380 silly tar     [Symbol(bufferLength)]: 0,
2380 silly tar     [Symbol(destroyed)]: false,
2380 silly tar     [Symbol(signal)]: undefined,
2380 silly tar     [Symbol(aborted)]: false
2380 silly tar   },
2380 silly tar   cwd: 'C:/Users/Ansi/Desktop/FixNow/node_modules/react-native',
2380 silly tar   tarCode: 'TAR_ENTRY_ERROR'
2380 silly tar }
2381 warn tar TAR_ENTRY_ERROR ENOENT: no such file or directory, open 'C:\Users\Ansi\Desktop\FixNow\node_modules\react-native\ReactCommon\oscompat\React-oscompat.podspec'
2382 silly tar TAR_ENTRY_ERROR ENOENT: no such file or directory, open 'C:\Users\Ansi\Desktop\FixNow\node_modules\react-native\ReactCommon\oscompat\React-oscompat.podspec' [Error: ENOENT: no such file or directory, open 'C:\Users\Ansi\Desktop\FixNow\node_modules\react-native\ReactCommon\oscompat\React-oscompat.podspec'] {
2382 silly tar   errno: -4058,
2382 silly tar   code: 'ENOENT',
2382 silly tar   syscall: 'open',
2382 silly tar   path: 'C:\\Users\\Ansi\\Desktop\\FixNow\\node_modules\\react-native\\ReactCommon\\oscompat\\React-oscompat.podspec',
2382 silly tar   entry: ReadEntry {
2382 silly tar     _events: [Object: null prototype] {},
2382 silly tar     _eventsCount: 0,
2382 silly tar     _maxListeners: undefined,
2382 silly tar     writable: false,
2382 silly tar     readable: false,
2382 silly tar     extended: null,
2382 silly tar     globalExtended: null,
2382 silly tar     header: Header {
2382 silly tar       cksumValid: true,
2382 silly tar       needPax: false,
2382 silly tar       nullBlock: false,
2382 silly tar       block: null,
2382 silly tar       path: 'package/ReactCommon/oscompat/React-oscompat.podspec',
2382 silly tar       mode: 420,
2382 silly tar       uid: null,
2382 silly tar       gid: null,
2382 silly tar       size: 1278,
2382 silly tar       mtime: 1985-10-26T08:15:00.000Z,
2382 silly tar       cksum: 8052,
2382 silly tar       linkpath: '',
2382 silly tar       uname: '',
2382 silly tar       gname: '',
2382 silly tar       devmaj: 0,
2382 silly tar       devmin: 0,
2382 silly tar       atime: null,
2382 silly tar       ctime: null,
2382 silly tar       [Symbol(type)]: '0'
2382 silly tar     },
2382 silly tar     startBlockSize: 1536,
2382 silly tar     blockRemain: 0,
2382 silly tar     remain: 0,
2382 silly tar     type: 'File',
2382 silly tar     meta: false,
2382 silly tar     ignore: false,
2382 silly tar     path: 'ReactCommon/oscompat/React-oscompat.podspec',
2382 silly tar     mode: 438,
2382 silly tar     uid: null,
2382 silly tar     gid: null,
2382 silly tar     uname: '',
2382 silly tar     gname: '',
2382 silly tar     size: 1278,
2382 silly tar     mtime: 1985-10-26T08:15:00.000Z,
2382 silly tar     atime: null,
2382 silly tar     ctime: null,
2382 silly tar     linkpath: '',
2382 silly tar     absolute: 'C:/Users/Ansi/Desktop/FixNow/node_modules/react-native/ReactCommon/oscompat/React-oscompat.podspec',
2382 silly tar     [Symbol(shapeMode)]: false,
2382 silly tar     [Symbol(kCapture)]: false,
2382 silly tar     [Symbol(flowing)]: false,
2382 silly tar     [Symbol(paused)]: true,
2382 silly tar     [Symbol(pipes)]: [ [Pipe] ],
2382 silly tar     [Symbol(buffer)]: [],
2382 silly tar     [Symbol(objectMode)]: false,
2382 silly tar     [Symbol(encoding)]: null,
2382 silly tar     [Symbol(async)]: false,
2382 silly tar     [Symbol(decoder)]: null,
2382 silly tar     [Symbol(EOF)]: true,
2382 silly tar     [Symbol(emittedEnd)]: true,
2382 silly tar     [Symbol(emittingEnd)]: false,
2382 silly tar     [Symbol(closed)]: false,
2382 silly tar     [Symbol(emittedError)]: null,
2382 silly tar     [Symbol(bufferLength)]: 0,
2382 silly tar     [Symbol(destroyed)]: false,
2382 silly tar     [Symbol(signal)]: undefined,
2382 silly tar     [Symbol(aborted)]: false
2382 silly tar   },
2382 silly tar   cwd: 'C:/Users/Ansi/Desktop/FixNow/node_modules/react-native',
2382 silly tar   tarCode: 'TAR_ENTRY_ERROR'
2382 silly tar }
2383 warn tar TAR_ENTRY_ERROR ENOENT: no such file or directory, open 'C:\Users\Ansi\Desktop\FixNow\node_modules\react-native\ReactCommon\devtoolsruntimesettings\CMakeLists.txt'
2384 silly tar TAR_ENTRY_ERROR ENOENT: no such file or directory, open 'C:\Users\Ansi\Desktop\FixNow\node_modules\react-native\ReactCommon\devtoolsruntimesettings\CMakeLists.txt' [Error: ENOENT: no such file or directory, open 'C:\Users\Ansi\Desktop\FixNow\node_modules\react-native\ReactCommon\devtoolsruntimesettings\CMakeLists.txt'] {
2384 silly tar   errno: -4058,
2384 silly tar   code: 'ENOENT',
2384 silly tar   syscall: 'open',
2384 silly tar   path: 'C:\\Users\\Ansi\\Desktop\\FixNow\\node_modules\\react-native\\ReactCommon\\devtoolsruntimesettings\\CMakeLists.txt',
2384 silly tar   entry: ReadEntry {
2384 silly tar     _events: [Object: null prototype] {},
2384 silly tar     _eventsCount: 0,
2384 silly tar     _maxListeners: undefined,
2384 silly tar     writable: false,
2384 silly tar     readable: false,
2384 silly tar     extended: null,
2384 silly tar     globalExtended: null,
2384 silly tar     header: Header {
2384 silly tar       cksumValid: true,
2384 silly tar       needPax: false,
2384 silly tar       nullBlock: false,
2384 silly tar       block: null,
2384 silly tar       path: 'package/ReactCommon/devtoolsruntimesettings/CMakeLists.txt',
2384 silly tar       mode: 420,
2384 silly tar       uid: null,
2384 silly tar       gid: null,
2384 silly tar       size: 641,
2384 silly tar       mtime: 1985-10-26T08:15:00.000Z,
2384 silly tar       cksum: 8869,
2384 silly tar       linkpath: '',
2384 silly tar       uname: '',
2384 silly tar       gname: '',
2384 silly tar       devmaj: 0,
2384 silly tar       devmin: 0,
2384 silly tar       atime: null,
2384 silly tar       ctime: null,
2384 silly tar       [Symbol(type)]: '0'
2384 silly tar     },
2384 silly tar     startBlockSize: 1024,
2384 silly tar     blockRemain: 0,
2384 silly tar     remain: 0,
2384 silly tar     type: 'File',
2384 silly tar     meta: false,
2384 silly tar     ignore: false,
2384 silly tar     path: 'ReactCommon/devtoolsruntimesettings/CMakeLists.txt',
2384 silly tar     mode: 438,
2384 silly tar     uid: null,
2384 silly tar     gid: null,
2384 silly tar     uname: '',
2384 silly tar     gname: '',
2384 silly tar     size: 641,
2384 silly tar     mtime: 1985-10-26T08:15:00.000Z,
2384 silly tar     atime: null,
2384 silly tar     ctime: null,
2384 silly tar     linkpath: '',
2384 silly tar     absolute: 'C:/Users/Ansi/Desktop/FixNow/node_modules/react-native/ReactCommon/devtoolsruntimesettings/CMakeLists.txt',
2384 silly tar     [Symbol(shapeMode)]: false,
2384 silly tar     [Symbol(kCapture)]: false,
2384 silly tar     [Symbol(flowing)]: false,
2384 silly tar     [Symbol(paused)]: true,
2384 silly tar     [Symbol(pipes)]: [ [Pipe] ],
2384 silly tar     [Symbol(buffer)]: [],
2384 silly tar     [Symbol(objectMode)]: false,
2384 silly tar     [Symbol(encoding)]: null,
2384 silly tar     [Symbol(async)]: false,
2384 silly tar     [Symbol(decoder)]: null,
2384 silly tar     [Symbol(EOF)]: true,
2384 silly tar     [Symbol(emittedEnd)]: true,
2384 silly tar     [Symbol(emittingEnd)]: false,
2384 silly tar     [Symbol(closed)]: false,
2384 silly tar     [Symbol(emittedError)]: null,
2384 silly tar     [Symbol(bufferLength)]: 0,
2384 silly tar     [Symbol(destroyed)]: false,
2384 silly tar     [Symbol(signal)]: undefined,
2384 silly tar     [Symbol(aborted)]: false
2384 silly tar   },
2384 silly tar   cwd: 'C:/Users/Ansi/Desktop/FixNow/node_modules/react-native',
2384 silly tar   tarCode: 'TAR_ENTRY_ERROR'
2384 silly tar }
2385 warn tar TAR_ENTRY_ERROR ENOENT: no such file or directory, open 'C:\Users\Ansi\Desktop\FixNow\node_modules\react-native\ReactCommon\jsinspector-modern\cdp\CMakeLists.txt'
2386 silly tar TAR_ENTRY_ERROR ENOENT: no such file or directory, open 'C:\Users\Ansi\Desktop\FixNow\node_modules\react-native\ReactCommon\jsinspector-modern\cdp\CMakeLists.txt' [Error: ENOENT: no such file or directory, open 'C:\Users\Ansi\Desktop\FixNow\node_modules\react-native\ReactCommon\jsinspector-modern\cdp\CMakeLists.txt'] {
2386 silly tar   errno: -4058,
2386 silly tar   code: 'ENOENT',
2386 silly tar   syscall: 'open',
2386 silly tar   path: 'C:\\Users\\Ansi\\Desktop\\FixNow\\node_modules\\react-native\\ReactCommon\\jsinspector-modern\\cdp\\CMakeLists.txt',
2386 silly tar   entry: ReadEntry {
2386 silly tar     _events: [Object: null prototype] {},
2386 silly tar     _eventsCount: 0,
2386 silly tar     _maxListeners: undefined,
2386 silly tar     writable: false,
2386 silly tar     readable: false,
2386 silly tar     extended: null,
2386 silly tar     globalExtended: null,
2386 silly tar     header: Header {
2386 silly tar       cksumValid: true,
2386 silly tar       needPax: false,
2386 silly tar       nullBlock: false,
2386 silly tar       block: null,
2386 silly tar       path: 'package/ReactCommon/jsinspector-modern/cdp/CMakeLists.txt',
2386 silly tar       mode: 420,
2386 silly tar       uid: null,
2386 silly tar       gid: null,
2386 silly tar       size: 720,
2386 silly tar       mtime: 1985-10-26T08:15:00.000Z,
2386 silly tar       cksum: 8590,
2386 silly tar       linkpath: '',
2386 silly tar       uname: '',
2386 silly tar       gname: '',
2386 silly tar       devmaj: 0,
2386 silly tar       devmin: 0,
2386 silly tar       atime: null,
2386 silly tar       ctime: null,
2386 silly tar       [Symbol(type)]: '0'
2386 silly tar     },
2386 silly tar     startBlockSize: 1024,
2386 silly tar     blockRemain: 0,
2386 silly tar     remain: 0,
2386 silly tar     type: 'File',
2386 silly tar     meta: false,
2386 silly tar     ignore: false,
2386 silly tar     path: 'ReactCommon/jsinspector-modern/cdp/CMakeLists.txt',
2386 silly tar     mode: 438,
2386 silly tar     uid: null,
2386 silly tar     gid: null,
2386 silly tar     uname: '',
2386 silly tar     gname: '',
2386 silly tar     size: 720,
2386 silly tar     mtime: 1985-10-26T08:15:00.000Z,
2386 silly tar     atime: null,
2386 silly tar     ctime: null,
2386 silly tar     linkpath: '',
2386 silly tar     absolute: 'C:/Users/Ansi/Desktop/FixNow/node_modules/react-native/ReactCommon/jsinspector-modern/cdp/CMakeLists.txt',
2386 silly tar     [Symbol(shapeMode)]: false,
2386 silly tar     [Symbol(kCapture)]: false,
2386 silly tar     [Symbol(flowing)]: false,
2386 silly tar     [Symbol(paused)]: true,
2386 silly tar     [Symbol(pipes)]: [ [Pipe] ],
2386 silly tar     [Symbol(buffer)]: [],
2386 silly tar     [Symbol(objectMode)]: false,
2386 silly tar     [Symbol(encoding)]: null,
2386 silly tar     [Symbol(async)]: false,
2386 silly tar     [Symbol(decoder)]: null,
2386 silly tar     [Symbol(EOF)]: true,
2386 silly tar     [Symbol(emittedEnd)]: true,
2386 silly tar     [Symbol(emittingEnd)]: false,
2386 silly tar     [Symbol(closed)]: false,
2386 silly tar     [Symbol(emittedError)]: null,
2386 silly tar     [Symbol(bufferLength)]: 0,
2386 silly tar     [Symbol(destroyed)]: false,
2386 silly tar     [Symbol(signal)]: undefined,
2386 silly tar     [Symbol(aborted)]: false
2386 silly tar   },
2386 silly tar   cwd: 'C:/Users/Ansi/Desktop/FixNow/node_modules/react-native',
2386 silly tar   tarCode: 'TAR_ENTRY_ERROR'
2386 silly tar }
2387 warn tar TAR_ENTRY_ERROR ENOENT: no such file or directory, open 'C:\Users\Ansi\Desktop\FixNow\node_modules\react-native\ReactCommon\jsinspector-modern\network\CMakeLists.txt'
2388 silly tar TAR_ENTRY_ERROR ENOENT: no such file or directory, open 'C:\Users\Ansi\Desktop\FixNow\node_modules\react-native\ReactCommon\jsinspector-modern\network\CMakeLists.txt' [Error: ENOENT: no such file or directory, open 'C:\Users\Ansi\Desktop\FixNow\node_modules\react-native\ReactCommon\jsinspector-modern\network\CMakeLists.txt'] {
2388 silly tar   errno: -4058,
2388 silly tar   code: 'ENOENT',
2388 silly tar   syscall: 'open',
2388 silly tar   path: 'C:\\Users\\Ansi\\Desktop\\FixNow\\node_modules\\react-native\\ReactCommon\\jsinspector-modern\\network\\CMakeLists.txt',
2388 silly tar   entry: ReadEntry {
2388 silly tar     _events: [Object: null prototype] {},
2388 silly tar     _eventsCount: 0,
2388 silly tar     _maxListeners: undefined,
2388 silly tar     writable: false,
2388 silly tar     readable: false,
2388 silly tar     extended: null,
2388 silly tar     globalExtended: null,
2388 silly tar     header: Header {
2388 silly tar       cksumValid: true,
2388 silly tar       needPax: false,
2388 silly tar       nullBlock: false,
2388 silly tar       block: null,
2388 silly tar       path: 'package/ReactCommon/jsinspector-modern/network/CMakeLists.txt',
2388 silly tar       mode: 420,
2388 silly tar       uid: null,
2388 silly tar       gid: null,
2388 silly tar       size: 836,
2388 silly tar       mtime: 1985-10-26T08:15:00.000Z,
2388 silly tar       cksum: 9061,
2388 silly tar       linkpath: '',
2388 silly tar       uname: '',
2388 silly tar       gname: '',
2388 silly tar       devmaj: 0,
2388 silly tar       devmin: 0,
2388 silly tar       atime: null,
2388 silly tar       ctime: null,
2388 silly tar       [Symbol(type)]: '0'
2388 silly tar     },
2388 silly tar     startBlockSize: 1024,
2388 silly tar     blockRemain: 0,
2388 silly tar     remain: 0,
2388 silly tar     type: 'File',
2388 silly tar     meta: false,
2388 silly tar     ignore: false,
2388 silly tar     path: 'ReactCommon/jsinspector-modern/network/CMakeLists.txt',
2388 silly tar     mode: 438,
2388 silly tar     uid: null,
2388 silly tar     gid: null,
2388 silly tar     uname: '',
2388 silly tar     gname: '',
2388 silly tar     size: 836,
2388 silly tar     mtime: 1985-10-26T08:15:00.000Z,
2388 silly tar     atime: null,
2388 silly tar     ctime: null,
2388 silly tar     linkpath: '',
2388 silly tar     absolute: 'C:/Users/Ansi/Desktop/FixNow/node_modules/react-native/ReactCommon/jsinspector-modern/network/CMakeLists.txt',
2388 silly tar     [Symbol(shapeMode)]: false,
2388 silly tar     [Symbol(kCapture)]: false,
2388 silly tar     [Symbol(flowing)]: false,
2388 silly tar     [Symbol(paused)]: true,
2388 silly tar     [Symbol(pipes)]: [ [Pipe] ],
2388 silly tar     [Symbol(buffer)]: [],
2388 silly tar     [Symbol(objectMode)]: false,
2388 silly tar     [Symbol(encoding)]: null,
2388 silly tar     [Symbol(async)]: false,
2388 silly tar     [Symbol(decoder)]: null,
2388 silly tar     [Symbol(EOF)]: true,
2388 silly tar     [Symbol(emittedEnd)]: true,
2388 silly tar     [Symbol(emittingEnd)]: false,
2388 silly tar     [Symbol(closed)]: false,
2388 silly tar     [Symbol(emittedError)]: null,
2388 silly tar     [Symbol(bufferLength)]: 0,
2388 silly tar     [Symbol(destroyed)]: false,
2388 silly tar     [Symbol(signal)]: undefined,
2388 silly tar     [Symbol(aborted)]: false
2388 silly tar   },
2388 silly tar   cwd: 'C:/Users/Ansi/Desktop/FixNow/node_modules/react-native',
2388 silly tar   tarCode: 'TAR_ENTRY_ERROR'
2388 silly tar }
2389 warn tar TAR_ENTRY_ERROR ENOENT: no such file or directory, open 'C:\Users\Ansi\Desktop\FixNow\node_modules\react-native\ReactCommon\jsinspector-modern\tracing\CMakeLists.txt'
2390 silly tar TAR_ENTRY_ERROR ENOENT: no such file or directory, open 'C:\Users\Ansi\Desktop\FixNow\node_modules\react-native\ReactCommon\jsinspector-modern\tracing\CMakeLists.txt' [Error: ENOENT: no such file or directory, open 'C:\Users\Ansi\Desktop\FixNow\node_modules\react-native\ReactCommon\jsinspector-modern\tracing\CMakeLists.txt'] {
2390 silly tar   errno: -4058,
2390 silly tar   code: 'ENOENT',
2390 silly tar   syscall: 'open',
2390 silly tar   path: 'C:\\Users\\Ansi\\Desktop\\FixNow\\node_modules\\react-native\\ReactCommon\\jsinspector-modern\\tracing\\CMakeLists.txt',
2390 silly tar   entry: ReadEntry {
2390 silly tar     _events: [Object: null prototype] {},
2390 silly tar     _eventsCount: 0,
2390 silly tar     _maxListeners: undefined,
2390 silly tar     writable: false,
2390 silly tar     readable: false,
2390 silly tar     extended: null,
2390 silly tar     globalExtended: null,
2390 silly tar     header: Header {
2390 silly tar       cksumValid: true,
2390 silly tar       needPax: false,
2390 silly tar       nullBlock: false,
2390 silly tar       block: null,
2390 silly tar       path: 'package/ReactCommon/jsinspector-modern/tracing/CMakeLists.txt',
2390 silly tar       mode: 420,
2390 silly tar       uid: null,
2390 silly tar       gid: null,
2390 silly tar       size: 879,
2390 silly tar       mtime: 1985-10-26T08:15:00.000Z,
2390 silly tar       cksum: 9035,
2390 silly tar       linkpath: '',
2390 silly tar       uname: '',
2390 silly tar       gname: '',
2390 silly tar       devmaj: 0,
2390 silly tar       devmin: 0,
2390 silly tar       atime: null,
2390 silly tar       ctime: null,
2390 silly tar       [Symbol(type)]: '0'
2390 silly tar     },
2390 silly tar     startBlockSize: 1024,
2390 silly tar     blockRemain: 0,
2390 silly tar     remain: 0,
2390 silly tar     type: 'File',
2390 silly tar     meta: false,
2390 silly tar     ignore: false,
2390 silly tar     path: 'ReactCommon/jsinspector-modern/tracing/CMakeLists.txt',
2390 silly tar     mode: 438,
2390 silly tar     uid: null,
2390 silly tar     gid: null,
2390 silly tar     uname: '',
2390 silly tar     gname: '',
2390 silly tar     size: 879,
2390 silly tar     mtime: 1985-10-26T08:15:00.000Z,
2390 silly tar     atime: null,
2390 silly tar     ctime: null,
2390 silly tar     linkpath: '',
2390 silly tar     absolute: 'C:/Users/Ansi/Desktop/FixNow/node_modules/react-native/ReactCommon/jsinspector-modern/tracing/CMakeLists.txt',
2390 silly tar     [Symbol(shapeMode)]: false,
2390 silly tar     [Symbol(kCapture)]: false,
2390 silly tar     [Symbol(flowing)]: false,
2390 silly tar     [Symbol(paused)]: true,
2390 silly tar     [Symbol(pipes)]: [ [Pipe] ],
2390 silly tar     [Symbol(buffer)]: [],
2390 silly tar     [Symbol(objectMode)]: false,
2390 silly tar     [Symbol(encoding)]: null,
2390 silly tar     [Symbol(async)]: false,
2390 silly tar     [Symbol(decoder)]: null,
2390 silly tar     [Symbol(EOF)]: true,
2390 silly tar     [Symbol(emittedEnd)]: true,
2390 silly tar     [Symbol(emittingEnd)]: false,
2390 silly tar     [Symbol(closed)]: false,
2390 silly tar     [Symbol(emittedError)]: null,
2390 silly tar     [Symbol(bufferLength)]: 0,
2390 silly tar     [Symbol(destroyed)]: false,
2390 silly tar     [Symbol(signal)]: undefined,
2390 silly tar     [Symbol(aborted)]: false
2390 silly tar   },
2390 silly tar   cwd: 'C:/Users/Ansi/Desktop/FixNow/node_modules/react-native',
2390 silly tar   tarCode: 'TAR_ENTRY_ERROR'
2390 silly tar }
2391 warn tar TAR_ENTRY_ERROR ENOENT: no such file or directory, open 'C:\Users\Ansi\Desktop\FixNow\node_modules\react-native\ReactCommon\oscompat\CMakeLists.txt'
2392 silly tar TAR_ENTRY_ERROR ENOENT: no such file or directory, open 'C:\Users\Ansi\Desktop\FixNow\node_modules\react-native\ReactCommon\oscompat\CMakeLists.txt' [Error: ENOENT: no such file or directory, open 'C:\Users\Ansi\Desktop\FixNow\node_modules\react-native\ReactCommon\oscompat\CMakeLists.txt'] {
2392 silly tar   errno: -4058,
2392 silly tar   code: 'ENOENT',
2392 silly tar   syscall: 'open',
2392 silly tar   path: 'C:\\Users\\Ansi\\Desktop\\FixNow\\node_modules\\react-native\\ReactCommon\\oscompat\\CMakeLists.txt',
2392 silly tar   entry: ReadEntry {
2392 silly tar     _events: [Object: null prototype] {},
2392 silly tar     _eventsCount: 0,
2392 silly tar     _maxListeners: undefined,
2392 silly tar     writable: false,
2392 silly tar     readable: false,
2392 silly tar     extended: null,
2392 silly tar     globalExtended: null,
2392 silly tar     header: Header {
2392 silly tar       cksumValid: true,
2392 silly tar       needPax: false,
2392 silly tar       nullBlock: false,
2392 silly tar       block: null,
2392 silly tar       path: 'package/ReactCommon/oscompat/CMakeLists.txt',
2392 silly tar       mode: 420,
2392 silly tar       uid: null,
2392 silly tar       gid: null,
2392 silly tar       size: 509,
2392 silly tar       mtime: 1985-10-26T08:15:00.000Z,
2392 silly tar       cksum: 7221,
2392 silly tar       linkpath: '',
2392 silly tar       uname: '',
2392 silly tar       gname: '',
2392 silly tar       devmaj: 0,
2392 silly tar       devmin: 0,
2392 silly tar       atime: null,
2392 silly tar       ctime: null,
2392 silly tar       [Symbol(type)]: '0'
2392 silly tar     },
2392 silly tar     startBlockSize: 512,
2392 silly tar     blockRemain: 0,
2392 silly tar     remain: 0,
2392 silly tar     type: 'File',
2392 silly tar     meta: false,
2392 silly tar     ignore: false,
2392 silly tar     path: 'ReactCommon/oscompat/CMakeLists.txt',
2392 silly tar     mode: 438,
2392 silly tar     uid: null,
2392 silly tar     gid: null,
2392 silly tar     uname: '',
2392 silly tar     gname: '',
2392 silly tar     size: 509,
2392 silly tar     mtime: 1985-10-26T08:15:00.000Z,
2392 silly tar     atime: null,
2392 silly tar     ctime: null,
2392 silly tar     linkpath: '',
2392 silly tar     absolute: 'C:/Users/Ansi/Desktop/FixNow/node_modules/react-native/ReactCommon/oscompat/CMakeLists.txt',
2392 silly tar     [Symbol(shapeMode)]: false,
2392 silly tar     [Symbol(kCapture)]: false,
2392 silly tar     [Symbol(flowing)]: false,
2392 silly tar     [Symbol(paused)]: true,
2392 silly tar     [Symbol(pipes)]: [ [Pipe] ],
2392 silly tar     [Symbol(buffer)]: [],
2392 silly tar     [Symbol(objectMode)]: false,
2392 silly tar     [Symbol(encoding)]: null,
2392 silly tar     [Symbol(async)]: false,
2392 silly tar     [Symbol(decoder)]: null,
2392 silly tar     [Symbol(EOF)]: true,
2392 silly tar     [Symbol(emittedEnd)]: true,
2392 silly tar     [Symbol(emittingEnd)]: false,
2392 silly tar     [Symbol(closed)]: false,
2392 silly tar     [Symbol(emittedError)]: null,
2392 silly tar     [Symbol(bufferLength)]: 0,
2392 silly tar     [Symbol(destroyed)]: false,
2392 silly tar     [Symbol(signal)]: undefined,
2392 silly tar     [Symbol(aborted)]: false
2392 silly tar   },
2392 silly tar   cwd: 'C:/Users/Ansi/Desktop/FixNow/node_modules/react-native',
2392 silly tar   tarCode: 'TAR_ENTRY_ERROR'
2392 silly tar }
2393 warn tar TAR_ENTRY_ERROR ENOENT: no such file or directory, open 'C:\Users\Ansi\Desktop\FixNow\node_modules\react-native\ReactCommon\react\nativemodule\devtoolsruntimesettings\CMakeLists.txt'
2394 silly tar TAR_ENTRY_ERROR ENOENT: no such file or directory, open 'C:\Users\Ansi\Desktop\FixNow\node_modules\react-native\ReactCommon\react\nativemodule\devtoolsruntimesettings\CMakeLists.txt' [Error: ENOENT: no such file or directory, open 'C:\Users\Ansi\Desktop\FixNow\node_modules\react-native\ReactCommon\react\nativemodule\devtoolsruntimesettings\CMakeLists.txt'] {
2394 silly tar   errno: -4058,
2394 silly tar   code: 'ENOENT',
2394 silly tar   syscall: 'open',
2394 silly tar   path: 'C:\\Users\\Ansi\\Desktop\\FixNow\\node_modules\\react-native\\ReactCommon\\react\\nativemodule\\devtoolsruntimesettings\\CMakeLists.txt',
2394 silly tar   entry: ReadEntry {
2394 silly tar     _events: [Object: null prototype] {},
2394 silly tar     _eventsCount: 0,
2394 silly tar     _maxListeners: undefined,
2394 silly tar     writable: false,
2394 silly tar     readable: false,
2394 silly tar     extended: null,
2394 silly tar     globalExtended: null,
2394 silly tar     header: Header {
2394 silly tar       cksumValid: true,
2394 silly tar       needPax: false,
2394 silly tar       nullBlock: false,
2394 silly tar       block: null,
2394 silly tar       path: 'package/ReactCommon/react/nativemodule/devtoolsruntimesettings/CMakeLists.txt',
2394 silly tar       mode: 420,
2394 silly tar       uid: null,
2394 silly tar       gid: null,
2394 silly tar       size: 883,
2394 silly tar       mtime: 1985-10-26T08:15:00.000Z,
2394 silly tar       cksum: 10794,
2394 silly tar       linkpath: '',
2394 silly tar       uname: '',
2394 silly tar       gname: '',
2394 silly tar       devmaj: 0,
2394 silly tar       devmin: 0,
2394 silly tar       atime: null,
2394 silly tar       ctime: null,
2394 silly tar       [Symbol(type)]: '0'
2394 silly tar     },
2394 silly tar     startBlockSize: 1024,
2394 silly tar     blockRemain: 0,
2394 silly tar     remain: 0,
2394 silly tar     type: 'File',
2394 silly tar     meta: false,
2394 silly tar     ignore: false,
2394 silly tar     path: 'ReactCommon/react/nativemodule/devtoolsruntimesettings/CMakeLists.txt',
2394 silly tar     mode: 438,
2394 silly tar     uid: null,
2394 silly tar     gid: null,
2394 silly tar     uname: '',
2394 silly tar     gname: '',
2394 silly tar     size: 883,
2394 silly tar     mtime: 1985-10-26T08:15:00.000Z,
2394 silly tar     atime: null,
2394 silly tar     ctime: null,
2394 silly tar     linkpath: '',
2394 silly tar     absolute: 'C:/Users/Ansi/Desktop/FixNow/node_modules/react-native/ReactCommon/react/nativemodule/devtoolsruntimesettings/CMakeLists.txt',
2394 silly tar     [Symbol(shapeMode)]: false,
2394 silly tar     [Symbol(kCapture)]: false,
2394 silly tar     [Symbol(flowing)]: false,
2394 silly tar     [Symbol(paused)]: true,
2394 silly tar     [Symbol(pipes)]: [ [Pipe] ],
2394 silly tar     [Symbol(buffer)]: [],
2394 silly tar     [Symbol(objectMode)]: false,
2394 silly tar     [Symbol(encoding)]: null,
2394 silly tar     [Symbol(async)]: false,
2394 silly tar     [Symbol(decoder)]: null,
2394 silly tar     [Symbol(EOF)]: true,
2394 silly tar     [Symbol(emittedEnd)]: true,
2394 silly tar     [Symbol(emittingEnd)]: false,
2394 silly tar     [Symbol(closed)]: false,
2394 silly tar     [Symbol(emittedError)]: null,
2394 silly tar     [Symbol(bufferLength)]: 0,
2394 silly tar     [Symbol(destroyed)]: false,
2394 silly tar     [Symbol(signal)]: undefined,
2394 silly tar     [Symbol(aborted)]: false
2394 silly tar   },
2394 silly tar   cwd: 'C:/Users/Ansi/Desktop/FixNow/node_modules/react-native',
2394 silly tar   tarCode: 'TAR_ENTRY_ERROR'
2394 silly tar }
2395 warn tar TAR_ENTRY_ERROR ENOENT: no such file or directory, open 'C:\Users\Ansi\Desktop\FixNow\node_modules\react-native\ReactCommon\react\renderer\bridging\CMakeLists.txt'
2396 silly tar TAR_ENTRY_ERROR ENOENT: no such file or directory, open 'C:\Users\Ansi\Desktop\FixNow\node_modules\react-native\ReactCommon\react\renderer\bridging\CMakeLists.txt' [Error: ENOENT: no such file or directory, open 'C:\Users\Ansi\Desktop\FixNow\node_modules\react-native\ReactCommon\react\renderer\bridging\CMakeLists.txt'] {
2396 silly tar   errno: -4058,
2396 silly tar   code: 'ENOENT',
2396 silly tar   syscall: 'open',
2396 silly tar   path: 'C:\\Users\\Ansi\\Desktop\\FixNow\\node_modules\\react-native\\ReactCommon\\react\\renderer\\bridging\\CMakeLists.txt',
2396 silly tar   entry: ReadEntry {
2396 silly tar     _events: [Object: null prototype] {},
2396 silly tar     _eventsCount: 0,
2396 silly tar     _maxListeners: undefined,
2396 silly tar     writable: false,
2396 silly tar     readable: false,
2396 silly tar     extended: null,
2396 silly tar     globalExtended: null,
2396 silly tar     header: Header {
2396 silly tar       cksumValid: true,
2396 silly tar       needPax: false,
2396 silly tar       nullBlock: false,
2396 silly tar       block: null,
2396 silly tar       path: 'package/ReactCommon/react/renderer/bridging/CMakeLists.txt',
2396 silly tar       mode: 420,
2396 silly tar       uid: null,
2396 silly tar       gid: null,
2396 silly tar       size: 585,
2396 silly tar       mtime: 1985-10-26T08:15:00.000Z,
2396 silly tar       cksum: 8650,
2396 silly tar       linkpath: '',
2396 silly tar       uname: '',
2396 silly tar       gname: '',
2396 silly tar       devmaj: 0,
2396 silly tar       devmin: 0,
2396 silly tar       atime: null,
2396 silly tar       ctime: null,
2396 silly tar       [Symbol(type)]: '0'
2396 silly tar     },
2396 silly tar     startBlockSize: 1024,
2396 silly tar     blockRemain: 0,
2396 silly tar     remain: 0,
2396 silly tar     type: 'File',
2396 silly tar     meta: false,
2396 silly tar     ignore: false,
2396 silly tar     path: 'ReactCommon/react/renderer/bridging/CMakeLists.txt',
2396 silly tar     mode: 438,
2396 silly tar     uid: null,
2396 silly tar     gid: null,
2396 silly tar     uname: '',
2396 silly tar     gname: '',
2396 silly tar     size: 585,
2396 silly tar     mtime: 1985-10-26T08:15:00.000Z,
2396 silly tar     atime: null,
2396 silly tar     ctime: null,
2396 silly tar     linkpath: '',
2396 silly tar     absolute: 'C:/Users/Ansi/Desktop/FixNow/node_modules/react-native/ReactCommon/react/renderer/bridging/CMakeLists.txt',
2396 silly tar     [Symbol(shapeMode)]: false,
2396 silly tar     [Symbol(kCapture)]: false,
2396 silly tar     [Symbol(flowing)]: false,
2396 silly tar     [Symbol(paused)]: true,
2396 silly tar     [Symbol(pipes)]: [ [Pipe] ],
2396 silly tar     [Symbol(buffer)]: [],
2396 silly tar     [Symbol(objectMode)]: false,
2396 silly tar     [Symbol(encoding)]: null,
2396 silly tar     [Symbol(async)]: false,
2396 silly tar     [Symbol(decoder)]: null,
2396 silly tar     [Symbol(EOF)]: true,
2396 silly tar     [Symbol(emittedEnd)]: true,
2396 silly tar     [Symbol(emittingEnd)]: false,
2396 silly tar     [Symbol(closed)]: false,
2396 silly tar     [Symbol(emittedError)]: null,
2396 silly tar     [Symbol(bufferLength)]: 0,
2396 silly tar     [Symbol(destroyed)]: false,
2396 silly tar     [Symbol(signal)]: undefined,
2396 silly tar     [Symbol(aborted)]: false
2396 silly tar   },
2396 silly tar   cwd: 'C:/Users/Ansi/Desktop/FixNow/node_modules/react-native',
2396 silly tar   tarCode: 'TAR_ENTRY_ERROR'
2396 silly tar }
2397 http fetch GET 200 https://registry.npmjs.org/react-native/-/react-native-0.81.0.tgz 150915ms (cache miss)
2398 warn cleanup Failed to remove some directories [
2398 warn cleanup   [
2398 warn cleanup     'C:\\Users\\Ansi\\Desktop\\FixNow\\node_modules\\@expo\\cli\\node_modules\\glob',
2398 warn cleanup     [Error: EPERM: operation not permitted, rmdir 'C:\Users\Ansi\Desktop\FixNow\node_modules\@expo\cli\node_modules\glob\node_modules\minimatch'] {
2398 warn cleanup       errno: -4048,
2398 warn cleanup       code: 'EPERM',
2398 warn cleanup       syscall: 'rmdir',
2398 warn cleanup       path: 'C:\\Users\\Ansi\\Desktop\\FixNow\\node_modules\\@expo\\cli\\node_modules\\glob\\node_modules\\minimatch'
2398 warn cleanup     }
2398 warn cleanup   ],
2398 warn cleanup   [
2398 warn cleanup     'C:\\Users\\Ansi\\Desktop\\FixNow\\node_modules\\react-native',
2398 warn cleanup     [Error: EPERM: operation not permitted, rmdir 'C:\Users\Ansi\Desktop\FixNow\node_modules\react-native\ReactAndroid\src\main'] {
2398 warn cleanup       errno: -4048,
2398 warn cleanup       code: 'EPERM',
2398 warn cleanup       syscall: 'rmdir',
2398 warn cleanup       path: 'C:\\Users\\Ansi\\Desktop\\FixNow\\node_modules\\react-native\\ReactAndroid\\src\\main'
2398 warn cleanup     }
2398 warn cleanup   ]
2398 warn cleanup ]
2399 verbose stack CwdError: ENOENT: Cannot cd into 'C:/Users/Ansi/Desktop/FixNow/node_modules/@expo/config/node_modules/brace-expansion'
2399 verbose stack     at C:\Program Files\nodejs\node_modules\npm\node_modules\tar\lib\mkdir.js:43:12
2399 verbose stack     at callback (C:\Program Files\nodejs\node_modules\npm\node_modules\graceful-fs\polyfills.js:306:20)
2399 verbose stack     at FSReqCallback.oncomplete (node:fs:197:21)
2400 error code ENOENT
2401 error path C:/Users/Ansi/Desktop/FixNow/node_modules/@expo/config/node_modules/brace-expansion
2402 error enoent ENOENT: Cannot cd into 'C:/Users/Ansi/Desktop/FixNow/node_modules/@expo/config/node_modules/brace-expansion'
2403 error enoent This is related to npm not being able to find a file.
2403 error enoent
2404 silly unfinished npm timer reify 1775800460712
2405 silly unfinished npm timer reify:unpack 1775800659226
2406 silly unfinished npm timer reifyNode:node_modules/@expo/config/node_modules/brace-expansion 1775800659227
2407 silly unfinished npm timer reifyNode:node_modules/@expo/cli/node_modules/balanced-match 1775800659227
2408 silly unfinished npm timer reifyNode:node_modules/@expo/cli/node_modules/brace-expansion 1775800659227
2409 verbose cwd C:\Users\Ansi\Desktop\FixNow
2410 verbose os Windows_NT 10.0.22621
2411 verbose node v20.20.0
2412 verbose npm  v10.8.2
2413 notice
2413 notice New major version of npm available! 10.8.2 -> 11.12.1
2413 notice Changelog: https://github.com/npm/cli/releases/tag/v11.12.1
2413 notice To update run: npm install -g npm@11.12.1
2413 notice  { force: true, [Symbol(proc-log.meta)]: true }
2414 verbose exit 1
2415 verbose code 1
2416 error A complete log of this run can be found in: C:\Users\Ansi\Desktop\FixNow\.npm-cache\_logs\2026-04-10T05_54_19_644Z-debug-0.log
